period,reporter_code,reporter_name,flow_code,flow_type,partner_code,partner_name,cmd_code,cmd_desc,trade_value_usd,net_weight_kg,quantity,scraped_at,cleaned_at
2014,156,China,X,Export,28,Antigua and Barbuda,8471,Computers & Laptops,1314529.0,6587.0,2282.0,2026-05-11T15:51:58.704567,2026-05-11T15:52:53.904347+00:00
2014,156,China,X,Export,64,Bhutan,8471,Computers & Laptops,106139.0,570.0,108476.0,2026-05-11T15:51:58.704589,2026-05-11T15:52:53.904347+00:00
2014,156,China,X,Export,92,Unknown,8471,Computers & Laptops,320036.0,4242.0,27272.0,2026-05-11T15:51:58.704597,2026-05-11T15:52:53.904347+00:00
2014,156,China,X,Export,108,Unknown,8471,Computers & Laptops,178369.0,1023.0,267.0,2026-05-11T15:51:58.704603,2026-05-11T15:52:53.904347+00:00
2014,156,China,X,Export,140,Unknown,8471,Computers & Laptops,264508.0,1696.0,306.0,2026-05-11T15:51:58.704609,2026-05-11T15:52:53.904347+00:00
2014,156,China,X,Export,136,Unknown,8471,Computers & Laptops,71794.0,401.0,609.0,2026-05-11T15:51:58.704615,2026-05-11T15:52:53.904347+00:00
2014,156,China,X,Export,296,Unknown,8471,Computers & Laptops,7420.0,98.0,1694.0,2026-05-11T15:51:58.704620,2026-05-11T15:52:53.904347+00:00
2014,156,China,X,Export,304,Unknown,8471,Computers & Laptops,11078.0,48.0,256.0,2026-05-11T15:51:58.704630,2026-05-11T15:52:53.904347+00:00
2014,156,China,X,Export,308,Unknown,8471,Computers & Laptops,410286.0,2553.0,308.0,2026-05-11T15:51:58.704635,2026-05-11T15:52:53.904347+00:00
2014,156,China,X,Export,535,Unknown,8471,Computers & Laptops,35751.0,179.0,66.0,2026-05-11T15:51:58.704641,2026-05-11T15:52:53.904347+00:00
2014,156,China,X,Export,624,Unknown,8471,Computers & Laptops,312174.0,2210.0,402.0,2026-05-11T15:51:58.704646,2026-05-11T15:52:53.904347+00:00
2014,156,China,X,Export,670,Unknown,8471,Computers & Laptops,2537994.0,12681.0,12539.0,2026-05-11T15:51:58.704651,2026-05-11T15:52:53.904347+00:00
2014,156,China,X,Export,690,Unknown,8471,Computers & Laptops,243183.0,1254.0,968.0,2026-05-11T15:51:58.704656,2026-05-11T15:52:53.904347+00:00
2014,156,China,X,Export,728,Unknown,8471,Computers & Laptops,734733.0,4010.0,324.0,2026-05-11T15:51:58.704662,2026-05-11T15:52:53.904347+00:00
2014,156,China,X,Export,854,Unknown,8471,Computers & Laptops,228817.0,1143.0,946.0,2026-05-11T15:51:58.704667,2026-05-11T15:52:53.904347+00:00
2014,156,China,X,Export,442,Unknown,8471,Computers & Laptops,1018094521.0,5123051.0,2388417.0,2026-05-11T15:51:58.704673,2026-05-11T15:52:53.904347+00:00
2014,156,China,X,Export,626,Unknown,8471,Computers & Laptops,25219.0,139.0,2336.0,2026-05-11T15:51:58.704678,2026-05-11T15:52:53.904347+00:00
2014,156,China,X,Export,148,Unknown,8471,Computers & Laptops,1372752.0,9331.0,417.0,2026-05-11T15:51:58.704687,2026-05-11T15:52:53.904347+00:00
2014,156,China,X,Export,662,Unknown,8471,Computers & Laptops,398452.0,2197.0,135105.0,2026-05-11T15:51:58.704693,2026-05-11T15:52:53.904347+00:00
2014,156,China,X,Export,882,Unknown,8471,Computers & Laptops,977390.0,5251.0,12648.0,2026-05-11T15:51:58.704698,2026-05-11T15:52:53.904347+00:00
2014,156,China,X,Export,174,Unknown,8471,Computers & Laptops,97434.0,866.0,36776.0,2026-05-11T15:51:58.704704,2026-05-11T15:52:53.904347+00:00
2014,156,China,X,Export,52,Unknown,8471,Computers & Laptops,143631.0,791.0,237.0,2026-05-11T15:51:58.704709,2026-05-11T15:52:53.904347+00:00
2014,156,China,X,Export,426,Unknown,8471,Computers & Laptops,110147.0,944.0,102176.0,2026-05-11T15:51:58.704715,2026-05-11T15:52:53.904347+00:00
2014,156,China,X,Export,548,Unknown,8471,Computers & Laptops,16270.0,86.0,208.0,2026-05-11T15:51:58.704722,2026-05-11T15:52:53.904347+00:00
2014,156,China,X,Export,212,Unknown,8471,Computers & Laptops,102030.0,855.0,17731.0,2026-05-11T15:51:58.704749,2026-05-11T15:52:53.904347+00:00
2014,156,China,X,Export,531,Unknown,8471,Computers & Laptops,19627.0,104.0,155.0,2026-05-11T15:51:58.704757,2026-05-11T15:52:53.904347+00:00
2014,156,China,X,Export,275,Unknown,8471,Computers & Laptops,656001.0,4150.0,26650.0,2026-05-11T15:51:58.704762,2026-05-11T15:52:53.904347+00:00
2014,156,China,X,Export,646,Unknown,8471,Computers & Laptops,321564.0,1899.0,1133.0,2026-05-11T15:51:58.704769,2026-05-11T15:52:53.904347+00:00
2014,156,China,X,Export,84,Unknown,8471,Computers & Laptops,60191.0,299.0,491.0,2026-05-11T15:51:58.704772,2026-05-11T15:52:53.904347+00:00
2014,156,China,X,Export,562,Unknown,8471,Computers & Laptops,536081.0,3867.0,2187.0,2026-05-11T15:51:58.704775,2026-05-11T15:52:53.904347+00:00
2014,156,China,X,Export,44,Unknown,8471,Computers & Laptops,190416.0,1746.0,111973.0,2026-05-11T15:51:58.704778,2026-05-11T15:52:53.904347+00:00
2014,156,China,X,Export,4,Afghanistan,8471,Computers & Laptops,1024140.0,6987.0,67110.0,2026-05-11T15:51:58.704781,2026-05-11T15:52:53.904347+00:00
2014,156,China,X,Export,706,Unknown,8471,Computers & Laptops,268614.0,1266.0,350.0,2026-05-11T15:51:58.704784,2026-05-11T15:52:53.904347+00:00
2014,156,China,X,Export,807,Unknown,8471,Computers & Laptops,6528884.0,32898.0,45141.0,2026-05-11T15:51:58.704787,2026-05-11T15:52:53.904347+00:00
2014,156,China,X,Export,352,Unknown,8471,Computers & Laptops,5013075.0,25161.0,111895.0,2026-05-11T15:51:58.704790,2026-05-11T15:52:53.904347+00:00
2014,156,China,X,Export,694,Unknown,8471,Computers & Laptops,36925.0,308.0,128.0,2026-05-11T15:51:58.704795,2026-05-11T15:52:53.904347+00:00
2014,156,China,X,Export,132,Unknown,8471,Computers & Laptops,587720.0,3523.0,107009.0,2026-05-11T15:51:58.704798,2026-05-11T15:52:53.904347+00:00
2014,156,China,X,Export,466,Unknown,8471,Computers & Laptops,595498.0,3564.0,640.0,2026-05-11T15:51:58.704803,2026-05-11T15:52:53.904347+00:00
2014,156,China,X,Export,499,Unknown,8471,Computers & Laptops,314456.0,1597.0,1129.0,2026-05-11T15:51:58.704806,2026-05-11T15:52:53.904347+00:00
2014,156,China,X,Export,70,Unknown,8471,Computers & Laptops,3178667.0,16060.0,26579.0,2026-05-11T15:51:58.704809,2026-05-11T15:52:53.904347+00:00
2014,156,China,X,Export,462,Unknown,8471,Computers & Laptops,79171.0,430.0,529.0,2026-05-11T15:51:58.704812,2026-05-11T15:52:53.904347+00:00
2014,156,China,X,Export,332,Unknown,8471,Computers & Laptops,327119.0,1625.0,1558.0,2026-05-11T15:51:58.704815,2026-05-11T15:52:53.904347+00:00
2014,156,China,X,Export,418,Unknown,8471,Computers & Laptops,11664850.0,67771.0,19239.0,2026-05-11T15:51:58.704818,2026-05-11T15:52:53.904347+00:00
2014,156,China,X,Export,226,Unknown,8471,Computers & Laptops,638634.0,4031.0,27163.0,2026-05-11T15:51:58.704821,2026-05-11T15:52:53.904347+00:00
2014,156,China,X,Export,51,Unknown,8471,Computers & Laptops,1811711.0,9327.0,11337.0,2026-05-11T15:51:58.704824,2026-05-11T15:52:53.904347+00:00
2014,156,China,X,Export,430,Unknown,8471,Computers & Laptops,778615.0,4504.0,24425.0,2026-05-11T15:51:58.704826,2026-05-11T15:52:53.904347+00:00
2014,156,China,X,Export,540,Unknown,8471,Computers & Laptops,214667.0,1075.0,1337.0,2026-05-11T15:51:58.704829,2026-05-11T15:52:53.904347+00:00
2014,156,China,X,Export,328,Unknown,8471,Computers & Laptops,295120.0,1765.0,9536.0,2026-05-11T15:51:58.704834,2026-05-11T15:52:53.904347+00:00
2014,156,China,X,Export,454,Unknown,8471,Computers & Laptops,228761.0,1525.0,45418.0,2026-05-11T15:51:58.704837,2026-05-11T15:52:53.904347+00:00
2014,156,China,X,Export,72,Unknown,8471,Computers & Laptops,713130.0,3921.0,30471.0,2026-05-11T15:51:58.704840,2026-05-11T15:52:53.904347+00:00
2014,156,China,X,Export,740,Unknown,8471,Computers & Laptops,61577.0,374.0,46082.0,2026-05-11T15:51:58.704843,2026-05-11T15:52:53.904347+00:00
2014,156,China,X,Export,558,Unknown,8471,Computers & Laptops,3123724.0,17000.0,47665.0,2026-05-11T15:51:58.704846,2026-05-11T15:52:53.904347+00:00
2014,156,China,X,Export,800,Uganda,8471,Computers & Laptops,8508736.0,44621.0,23923.0,2026-05-11T15:51:58.704849,2026-05-11T15:52:53.904347+00:00
2014,156,China,X,Export,780,Unknown,8471,Computers & Laptops,2609357.0,16375.0,14982.0,2026-05-11T15:51:58.704852,2026-05-11T15:52:53.904347+00:00
2014,156,China,X,Export,266,Unknown,8471,Computers & Laptops,558978.0,3503.0,5125.0,2026-05-11T15:51:58.704855,2026-05-11T15:52:53.904347+00:00
2014,156,China,X,Export,498,Unknown,8471,Computers & Laptops,8766414.0,44225.0,31208.0,2026-05-11T15:51:58.704858,2026-05-11T15:52:53.904347+00:00
2014,156,China,X,Export,324,Unknown,8471,Computers & Laptops,1750617.0,10086.0,118530.0,2026-05-11T15:51:58.704861,2026-05-11T15:52:53.904347+00:00
2014,156,China,X,Export,894,Zambia,8471,Computers & Laptops,15320564.0,88436.0,1920.0,2026-05-11T15:51:58.704866,2026-05-11T15:52:53.904347+00:00
2014,156,China,X,Export,795,Unknown,8471,Computers & Laptops,33408706.0,196246.0,128011.0,2026-05-11T15:51:58.704869,2026-05-11T15:52:53.904347+00:00
2014,156,China,X,Export,478,Unknown,8471,Computers & Laptops,302152.0,1673.0,9703.0,2026-05-11T15:51:58.704872,2026-05-11T15:52:53.904347+00:00
2014,156,China,X,Export,716,Zimbabwe,8471,Computers & Laptops,8435384.0,51244.0,34860.0,2026-05-11T15:51:58.704875,2026-05-11T15:52:53.904347+00:00
2014,156,China,X,Export,388,Jamaica,8471,Computers & Laptops,4489833.0,25585.0,84279.0,2026-05-11T15:51:58.704878,2026-05-11T15:52:53.904347+00:00
2014,156,China,X,Export,516,Unknown,8471,Computers & Laptops,1949699.0,10687.0,87428.0,2026-05-11T15:51:58.704881,2026-05-11T15:52:53.904347+00:00
2014,156,China,X,Export,204,Unknown,8471,Computers & Laptops,1454998.0,15287.0,273680.0,2026-05-11T15:51:58.704885,2026-05-11T15:52:53.904347+00:00
2014,156,China,X,Export,242,Unknown,8471,Computers & Laptops,834580.0,4286.0,35939.0,2026-05-11T15:51:58.704889,2026-05-11T15:52:53.904347+00:00
2014,156,China,X,Export,31,Unknown,8471,Computers & Laptops,17164513.0,91536.0,77373.0,2026-05-11T15:51:58.704894,2026-05-11T15:52:53.904347+00:00
2014,156,China,X,Export,178,Unknown,8471,Computers & Laptops,1183057.0,7459.0,3413.0,2026-05-11T15:51:58.704898,2026-05-11T15:52:53.904347+00:00
2014,156,China,X,Export,762,Unknown,8471,Computers & Laptops,2416924.0,13244.0,36769.0,2026-05-11T15:51:58.704902,2026-05-11T15:52:53.904347+00:00
2014,156,China,X,Export,222,Unknown,8471,Computers & Laptops,7413262.0,47258.0,338131.0,2026-05-11T15:51:58.704905,2026-05-11T15:52:53.904347+00:00
2014,156,China,X,Export,524,Unknown,8471,Computers & Laptops,4587213.0,30885.0,527501.0,2026-05-11T15:51:58.704908,2026-05-11T15:52:53.904347+00:00
2014,156,China,X,Export,192,Unknown,8471,Computers & Laptops,7078990.0,41750.0,55633.0,2026-05-11T15:51:58.704911,2026-05-11T15:52:53.904347+00:00
2014,156,China,X,Export,68,Bolivia,8471,Computers & Laptops,38504326.0,295520.0,815217.0,2026-05-11T15:51:58.704914,2026-05-11T15:52:53.904347+00:00
2014,156,China,X,Export,760,Unknown,8471,Computers & Laptops,1374010.0,9385.0,471129.0,2026-05-11T15:51:58.704917,2026-05-11T15:52:53.904347+00:00
2014,156,China,X,Export,688,Unknown,8471,Computers & Laptops,30693090.0,157579.0,211563.0,2026-05-11T15:51:58.704920,2026-05-11T15:52:53.904347+00:00
2014,156,China,X,Export,686,Unknown,8471,Computers & Laptops,1402089.0,10724.0,102131.0,2026-05-11T15:51:58.704923,2026-05-11T15:52:53.904347+00:00
2014,156,China,X,Export,496,Unknown,8471,Computers & Laptops,7033797.0,36835.0,21103.0,2026-05-11T15:51:58.704926,2026-05-11T15:52:53.904347+00:00
2014,156,China,X,Export,512,Unknown,8471,Computers & Laptops,6880929.0,38337.0,168029.0,2026-05-11T15:51:58.704929,2026-05-11T15:52:53.904347+00:00
2014,156,China,X,Export,768,Unknown,8471,Computers & Laptops,2847835.0,19356.0,182186.0,2026-05-11T15:51:58.704934,2026-05-11T15:52:53.904347+00:00
2014,156,China,X,Export,340,Unknown,8471,Computers & Laptops,1598030.0,8903.0,30101.0,2026-05-11T15:51:58.704937,2026-05-11T15:52:53.904347+00:00
2014,156,China,X,Export,598,Unknown,8471,Computers & Laptops,6161990.0,53888.0,48865.0,2026-05-11T15:51:58.704940,2026-05-11T15:52:53.904347+00:00
2014,156,China,X,Export,112,Unknown,8471,Computers & Laptops,21381454.0,108389.0,100300.0,2026-05-11T15:51:58.704943,2026-05-11T15:52:53.904347+00:00
2014,156,China,X,Export,8,Albania,8471,Computers & Laptops,806218.0,6667.0,81739.0,2026-05-11T15:51:58.704946,2026-05-11T15:52:53.904347+00:00
2014,156,China,X,Export,417,Unknown,8471,Computers & Laptops,543684.0,5486.0,89475.0,2026-05-11T15:51:58.704949,2026-05-11T15:52:53.904347+00:00
2014,156,China,X,Export,214,Unknown,8471,Computers & Laptops,1624490.0,13450.0,197845.0,2026-05-11T15:51:58.704952,2026-05-11T15:52:53.904347+00:00
2014,156,China,X,Export,120,Unknown,8471,Computers & Laptops,13188973.0,75312.0,282615.0,2026-05-11T15:51:58.704956,2026-05-11T15:52:53.904347+00:00
2014,156,China,X,Export,446,Unknown,8471,Computers & Laptops,2881183.0,17113.0,37812.0,2026-05-11T15:51:58.704959,2026-05-11T15:52:53.904347+00:00
2014,156,China,X,Export,180,Unknown,8471,Computers & Laptops,3506046.0,21026.0,32949.0,2026-05-11T15:51:58.704964,2026-05-11T15:52:53.904347+00:00
2014,156,China,X,Export,48,Unknown,8471,Computers & Laptops,6675214.0,38515.0,535651.0,2026-05-11T15:51:58.704968,2026-05-11T15:52:53.904347+00:00
2014,156,China,X,Export,703,Unknown,8471,Computers & Laptops,304540313.0,1394959.0,2185193.0,2026-05-11T15:51:58.704971,2026-05-11T15:52:53.904347+00:00
2014,156,China,X,Export,480,Unknown,8471,Computers & Laptops,11074461.0,56830.0,87074.0,2026-05-11T15:51:58.704974,2026-05-11T15:52:53.904347+00:00
2014,156,China,X,Export,262,Unknown,8471,Computers & Laptops,241890.0,2013.0,113240.0,2026-05-11T15:51:58.704977,2026-05-11T15:52:53.904347+00:00
2014,156,China,X,Export,384,Unknown,8471,Computers & Laptops,2911420.0,16220.0,98292.0,2026-05-11T15:51:58.704980,2026-05-11T15:52:53.904347+00:00
2014,156,China,X,Export,96,Unknown,8471,Computers & Laptops,3979905.0,46806.0,1249760.0,2026-05-11T15:51:58.704983,2026-05-11T15:52:53.904347+00:00
2014,156,China,X,Export,450,Unknown,8471,Computers & Laptops,846547.0,6194.0,120122.0,2026-05-11T15:51:58.704986,2026-05-11T15:52:53.904347+00:00
2014,156,China,X,Export,470,Unknown,8471,Computers & Laptops,6350712.0,80307.0,723483.0,2026-05-11T15:51:58.704989,2026-05-11T15:52:53.904347+00:00
2014,156,China,X,Export,196,Cyprus,8471,Computers & Laptops,3239846.0,17142.0,40343.0,2026-05-11T15:51:58.704992,2026-05-11T15:52:53.904347+00:00
2014,156,China,X,Export,320,Unknown,8471,Computers & Laptops,13364739.0,73934.0,240051.0,2026-05-11T15:51:58.704995,2026-05-11T15:52:53.904347+00:00
2014,156,China,X,Export,116,Cambodia,8471,Computers & Laptops,13232928.0,72913.0,259045.0,2026-05-11T15:51:58.705000,2026-05-11T15:52:53.904347+00:00
2014,156,China,X,Export,268,Unknown,8471,Computers & Laptops,40311622.0,206253.0,234753.0,2026-05-11T15:51:58.705003,2026-05-11T15:52:53.904347+00:00
2014,156,China,X,Export,188,Unknown,8471,Computers & Laptops,8691595.0,48235.0,222594.0,2026-05-11T15:51:58.705006,2026-05-11T15:52:53.904347+00:00
2014,156,China,X,Export,729,Unknown,8471,Computers & Laptops,3250467.0,22884.0,375147.0,2026-05-11T15:51:58.705009,2026-05-11T15:52:53.904347+00:00
2014,156,China,X,Export,231,Ethiopia,8471,Computers & Laptops,51287799.0,275422.0,46067.0,2026-05-11T15:51:58.705011,2026-05-11T15:52:53.904347+00:00
2014,156,China,X,Export,508,Unknown,8471,Computers & Laptops,38987399.0,217284.0,183229.0,2026-05-11T15:51:58.705014,2026-05-11T15:52:53.904347+00:00
2014,156,China,X,Export,233,Unknown,8471,Computers & Laptops,10133512.0,95891.0,1367861.0,2026-05-11T15:51:58.705017,2026-05-11T15:52:53.904347+00:00
2014,156,China,X,Export,191,Croatia,8471,Computers & Laptops,28912471.0,161215.0,492199.0,2026-05-11T15:51:58.705020,2026-05-11T15:52:53.904347+00:00
2014,156,China,X,Export,600,Unknown,8471,Computers & Laptops,58283556.0,310666.0,372528.0,2026-05-11T15:51:58.705023,2026-05-11T15:52:53.904347+00:00
2014,156,China,X,Export,788,Unknown,8471,Computers & Laptops,44391774.0,234865.0,652885.0,2026-05-11T15:51:58.705026,2026-05-11T15:52:53.904347+00:00
2014,156,China,X,Export,634,Qatar,8471,Computers & Laptops,23333453.0,124923.0,581753.0,2026-05-11T15:51:58.705031,2026-05-11T15:52:53.904347+00:00
2014,156,China,X,Export,887,Yemen,8471,Computers & Laptops,3315852.0,34955.0,1001062.0,2026-05-11T15:51:58.705034,2026-05-11T15:52:53.904347+00:00
2014,156,China,X,Export,100,Bulgaria,8471,Computers & Laptops,61335122.0,315020.0,585252.0,2026-05-11T15:51:58.705037,2026-05-11T15:52:53.904347+00:00
2014,156,China,X,Export,860,Unknown,8471,Computers & Laptops,5148080.0,42237.0,418140.0,2026-05-11T15:51:58.705039,2026-05-11T15:52:53.904347+00:00
2014,156,China,X,Export,428,Unknown,8471,Computers & Laptops,22730785.0,127324.0,639890.0,2026-05-11T15:51:58.705042,2026-05-11T15:52:53.904347+00:00
2014,156,China,X,Export,372,Ireland,8471,Computers & Laptops,428957920.0,2486999.0,1790476.0,2026-05-11T15:51:58.705045,2026-05-11T15:52:53.904347+00:00
2014,156,China,X,Export,434,Unknown,8471,Computers & Laptops,1597690.0,14716.0,164366.0,2026-05-11T15:51:58.705048,2026-05-11T15:52:53.904347+00:00
2014,156,China,X,Export,348,Unknown,8471,Computers & Laptops,243171392.0,1331216.0,5949636.0,2026-05-11T15:51:58.705051,2026-05-11T15:52:53.904347+00:00
2014,156,China,X,Export,862,Unknown,8471,Computers & Laptops,210921942.0,1067454.0,1977850.0,2026-05-11T15:51:58.705054,2026-05-11T15:52:53.904347+00:00
2014,156,China,X,Export,591,Unknown,8471,Computers & Laptops,117133289.0,829124.0,4404038.0,2026-05-11T15:51:58.705057,2026-05-11T15:52:53.904347+00:00
2014,156,China,X,Export,834,Unknown,8471,Computers & Laptops,14813629.0,84570.0,407123.0,2026-05-11T15:51:58.705063,2026-05-11T15:52:53.904347+00:00
2014,156,China,X,Export,504,Morocco,8471,Computers & Laptops,38607705.0,214523.0,888184.0,2026-05-11T15:51:58.705066,2026-05-11T15:52:53.904347+00:00
2014,156,China,X,Export,400,Jordan,8471,Computers & Laptops,12530708.0,73499.0,503635.0,2026-05-11T15:51:58.705069,2026-05-11T15:52:53.904347+00:00
2014,156,China,X,Export,705,Unknown,8471,Computers & Laptops,23483543.0,134927.0,920228.0,2026-05-11T15:51:58.705072,2026-05-11T15:52:53.904347+00:00
2014,156,China,X,Export,40,Austria,8471,Computers & Laptops,43555101.0,221384.0,452332.0,2026-05-11T15:51:58.705075,2026-05-11T15:52:53.904347+00:00
2014,156,China,X,Export,408,North Korea,8471,Computers & Laptops,37257331.0,208381.0,251538.0,2026-05-11T15:51:58.705078,2026-05-11T15:52:53.904347+00:00
2014,156,China,X,Export,579,Unknown,8471,Computers & Laptops,68047359.0,350713.0,190357.0,2026-05-11T15:51:58.705081,2026-05-11T15:52:53.904347+00:00
2014,156,China,X,Export,642,Romania,8471,Computers & Laptops,109577942.0,581119.0,1572039.0,2026-05-11T15:51:58.705086,2026-05-11T15:52:53.904347+00:00
2014,156,China,X,Export,104,Unknown,8471,Computers & Laptops,28240091.0,161698.0,937644.0,2026-05-11T15:51:58.705089,2026-05-11T15:52:53.904347+00:00
2014,156,China,X,Export,620,Portugal,8471,Computers & Laptops,122746491.0,642367.0,1190249.0,2026-05-11T15:51:58.705092,2026-05-11T15:52:53.904347+00:00
2014,156,China,X,Export,218,Ecuador,8471,Computers & Laptops,57032704.0,322949.0,1365306.0,2026-05-11T15:51:58.705097,2026-05-11T15:52:53.904347+00:00
2014,156,China,X,Export,144,Sri Lanka,8471,Computers & Laptops,41610521.0,229938.0,914772.0,2026-05-11T15:51:58.705100,2026-05-11T15:52:53.904347+00:00
2014,156,China,X,Export,414,Kuwait,8471,Computers & Laptops,17028995.0,92514.0,510047.0,2026-05-11T15:51:58.705103,2026-05-11T15:52:53.904347+00:00
2014,156,China,X,Export,440,Unknown,8471,Computers & Laptops,75342283.0,397784.0,975404.0,2026-05-11T15:51:58.705106,2026-05-11T15:52:53.904347+00:00
2014,156,China,X,Export,288,Ghana,8471,Computers & Laptops,10210388.0,58474.0,728402.0,2026-05-11T15:51:58.705109,2026-05-11T15:52:53.904347+00:00
2014,156,China,X,Export,757,Unknown,8471,Computers & Laptops,196361678.0,1006552.0,723671.0,2026-05-11T15:51:58.705112,2026-05-11T15:52:53.904347+00:00
2014,156,China,X,Export,300,Greece,8471,Computers & Laptops,721879855.0,3657323.0,3677034.0,2026-05-11T15:51:58.705115,2026-05-11T15:52:53.904347+00:00
2014,156,China,X,Export,203,Czech Republic,8471,Computers & Laptops,1821484782.0,9835709.0,35371883.0,2026-05-11T15:51:58.705118,2026-05-11T15:52:53.904347+00:00
2014,156,China,X,Export,422,Lebanon,8471,Computers & Laptops,19474541.0,107409.0,292613.0,2026-05-11T15:51:58.705121,2026-05-11T15:52:53.904347+00:00
2014,156,China,X,Export,368,Iraq,8471,Computers & Laptops,32115026.0,198983.0,200573.0,2026-05-11T15:51:58.705124,2026-05-11T15:52:53.904347+00:00
2014,156,China,X,Export,858,Unknown,8471,Computers & Laptops,77183623.0,518429.0,3370629.0,2026-05-11T15:51:58.705130,2026-05-11T15:52:53.904347+00:00
2014,156,China,X,Export,404,Kenya,8471,Computers & Laptops,19509916.0,108435.0,476331.0,2026-05-11T15:51:58.705133,2026-05-11T15:52:53.904347+00:00
2014,156,China,X,Export,24,Angola,8471,Computers & Laptops,10903070.0,74079.0,991272.0,2026-05-11T15:51:58.705136,2026-05-11T15:52:53.904347+00:00
2014,156,China,X,Export,208,Denmark,8471,Computers & Laptops,207970274.0,1116734.0,1388971.0,2026-05-11T15:51:58.705139,2026-05-11T15:52:53.904347+00:00
2014,156,China,X,Export,50,Bangladesh,8471,Computers & Laptops,53954629.0,327361.0,2819902.0,2026-05-11T15:51:58.705142,2026-05-11T15:52:53.904347+00:00
2014,156,China,X,Export,752,Sweden,8471,Computers & Laptops,326365052.0,1721463.0,2859399.0,2026-05-11T15:51:58.705145,2026-05-11T15:52:53.904347+00:00
2014,156,China,X,Export,246,Finland,8471,Computers & Laptops,937392596.0,4920948.0,8248675.0,2026-05-11T15:51:58.705148,2026-05-11T15:52:53.904347+00:00
2014,156,China,X,Export,804,Ukraine,8471,Computers & Laptops,103211067.0,560428.0,2044508.0,2026-05-11T15:51:58.705150,2026-05-11T15:52:53.904347+00:00
2014,156,China,X,Export,376,Israel,8471,Computers & Laptops,232188247.0,1249257.0,2282348.0,2026-05-11T15:51:58.705153,2026-05-11T15:52:53.904347+00:00
2014,156,China,X,Export,170,Colombia,8471,Computers & Laptops,625023082.0,3319887.0,5432996.0,2026-05-11T15:51:58.705156,2026-05-11T15:52:53.904347+00:00
2014,156,China,X,Export,32,Argentina,8471,Computers & Laptops,148740392.0,911548.0,5333312.0,2026-05-11T15:51:58.705161,2026-05-11T15:52:53.904347+00:00
2014,156,China,X,Export,586,Pakistan,8471,Computers & Laptops,121457289.0,647533.0,1717397.0,2026-05-11T15:51:58.705164,2026-05-11T15:52:53.904347+00:00
2014,156,China,X,Export,604,Peru,8471,Computers & Laptops,236962882.0,1270140.0,4790142.0,2026-05-11T15:51:58.705167,2026-05-11T15:52:53.904347+00:00
2014,156,China,X,Export,12,Algeria,8471,Computers & Laptops,64310376.0,386053.0,2767800.0,2026-05-11T15:51:58.705170,2026-05-11T15:52:53.904347+00:00
2014,156,China,X,Export,566,Nigeria,8471,Computers & Laptops,57926725.0,330066.0,1611108.0,2026-05-11T15:51:58.705173,2026-05-11T15:52:53.904347+00:00
2014,156,China,X,Export,554,New Zealand,8471,Computers & Laptops,241612981.0,1278968.0,1068198.0,2026-05-11T15:51:58.705176,2026-05-11T15:52:53.904347+00:00
2014,156,China,X,Export,56,Belgium,8471,Computers & Laptops,211559905.0,1213487.0,4297134.0,2026-05-11T15:51:58.705179,2026-05-11T15:52:53.904347+00:00
2014,156,China,X,Export,616,Poland,8471,Computers & Laptops,861288885.0,4530056.0,20961508.0,2026-05-11T15:51:58.705181,2026-05-11T15:52:53.904347+00:00
2014,156,China,X,Export,818,Egypt,8471,Computers & Laptops,58653693.0,556479.0,9749472.0,2026-05-11T15:51:58.705184,2026-05-11T15:52:53.904347+00:00
2014,156,China,X,Export,398,Kazakhstan,8471,Computers & Laptops,157494428.0,875171.0,2195427.0,2026-05-11T15:51:58.705187,2026-05-11T15:52:53.904347+00:00
2014,156,China,X,Export,724,Spain,8471,Computers & Laptops,527178860.0,2847535.0,7366197.0,2026-05-11T15:51:58.705192,2026-05-11T15:52:53.904347+00:00
2014,156,China,X,Export,682,Saudi Arabia,8471,Computers & Laptops,226026527.0,1244924.0,2969125.0,2026-05-11T15:51:58.705195,2026-05-11T15:52:53.904347+00:00
2014,156,China,X,Export,124,Canada,8471,Computers & Laptops,2078065201.0,11494802.0,9982086.0,2026-05-11T15:51:58.705198,2026-05-11T15:52:53.904347+00:00
2014,156,China,X,Export,792,Turkey,8471,Computers & Laptops,1054753250.0,5622827.0,14262397.0,2026-05-11T15:51:58.705201,2026-05-11T15:52:53.904347+00:00
2014,156,China,X,Export,490,Unknown,8471,Computers & Laptops,1670136627.0,9249900.0,43450862.0,2026-05-11T15:51:58.705204,2026-05-11T15:52:53.904347+00:00
2014,156,China,X,Export,484,Mexico,8471,Computers & Laptops,2057168073.0,10736575.0,32836295.0,2026-05-11T15:51:58.705207,2026-05-11T15:52:53.904347+00:00
2014,156,China,X,Export,528,Netherlands,8471,Computers & Laptops,15571199551.0,84064301.0,108667201.0,2026-05-11T15:51:58.705210,2026-05-11T15:52:53.904347+00:00
2014,156,China,X,Export,76,Brazil,8471,Computers & Laptops,535540382.0,3944575.0,40346480.0,2026-05-11T15:51:58.705213,2026-05-11T15:52:53.904347+00:00
2014,156,China,X,Export,710,South Africa,8471,Computers & Laptops,539360221.0,2805179.0,4535066.0,2026-05-11T15:51:58.705216,2026-05-11T15:52:53.904347+00:00
2014,156,China,X,Export,152,Chile,8471,Computers & Laptops,401900242.0,2162282.0,5013568.0,2026-05-11T15:51:58.705219,2026-05-11T15:52:53.904347+00:00
2014,156,China,X,Export,364,Iran,8471,Computers & Laptops,60749406.0,477300.0,6587907.0,2026-05-11T15:51:58.705223,2026-05-11T15:52:53.904347+00:00
2014,156,China,X,Export,251,Unknown,8471,Computers & Laptops,1432103550.0,7412590.0,13232090.0,2026-05-11T15:51:58.705226,2026-05-11T15:52:53.904347+00:00
2014,156,China,X,Export,784,UAE,8471,Computers & Laptops,3365478703.0,17421084.0,21409382.0,2026-05-11T15:51:58.705229,2026-05-11T15:52:53.904347+00:00
2014,156,China,X,Export,764,Thailand,8471,Computers & Laptops,1027280745.0,5348993.0,19136470.0,2026-05-11T15:51:58.705233,2026-05-11T15:52:53.904347+00:00
2014,156,China,X,Export,410,South Korea,8471,Computers & Laptops,3063191916.0,17774182.0,37374101.0,2026-05-11T15:51:58.705236,2026-05-11T15:52:53.904347+00:00
2014,156,China,X,Export,392,Japan,8471,Computers & Laptops,9642970926.0,51682395.0,63289183.0,2026-05-11T15:51:58.705239,2026-05-11T15:52:53.904347+00:00
2014,156,China,X,Export,344,Unknown,8471,Computers & Laptops,30032867019.0,165661188.0,565213351.0,2026-05-11T15:51:58.705242,2026-05-11T15:52:53.904347+00:00
2014,156,China,X,Export,702,Unknown,8471,Computers & Laptops,3942223126.0,19478806.0,83608229.0,2026-05-11T15:51:58.705245,2026-05-11T15:52:53.904347+00:00
2014,156,China,X,Export,608,Philippines,8471,Computers & Laptops,364758461.0,2016325.0,6419443.0,2026-05-11T15:51:58.705248,2026-05-11T15:52:53.904347+00:00
2014,156,China,X,Export,826,United Kingdom,8471,Computers & Laptops,5116343938.0,26823874.0,27029933.0,2026-05-11T15:51:58.705251,2026-05-11T15:52:53.904347+00:00
2014,156,China,X,Export,380,Italy,8471,Computers & Laptops,1638215439.0,8730545.0,8549323.0,2026-05-11T15:51:58.705256,2026-05-11T15:52:53.904347+00:00
2014,156,China,X,Export,276,Germany,8471,Computers & Laptops,8707594663.0,45040081.0,46110608.0,2026-05-11T15:51:58.705259,2026-05-11T15:52:53.904347+00:00
2014,156,China,X,Export,36,Australia,8471,Computers & Laptops,3328585345.0,17596010.0,13712221.0,2026-05-11T15:51:58.705262,2026-05-11T15:52:53.904347+00:00
2014,156,China,X,Export,704,Vietnam,8471,Computers & Laptops,747815714.0,5313888.0,22560853.0,2026-05-11T15:51:58.705265,2026-05-11T15:52:53.904347+00:00
2014,156,China,X,Export,699,Unknown,8471,Computers & Laptops,2401303061.0,13069794.0,89379100.0,2026-05-11T15:51:58.705268,2026-05-11T15:52:53.904347+00:00
2014,156,China,X,Export,360,Indonesia,8471,Computers & Laptops,722824375.0,3853199.0,15037761.0,2026-05-11T15:51:58.705271,2026-05-11T15:52:53.904347+00:00
2014,156,China,X,Export,458,Malaysia,8471,Computers & Laptops,700808257.0,3787976.0,19243062.0,2026-05-11T15:51:58.705274,2026-05-11T15:52:53.904347+00:00
2014,156,China,X,Export,643,Russia,8471,Computers & Laptops,1711759338.0,9130139.0,16353069.0,2026-05-11T15:51:58.705277,2026-05-11T15:52:53.904347+00:00
2014,156,China,X,Export,842,Unknown,8471,Computers & Laptops,49405991982.0,261809682.0,298454219.0,2026-05-11T15:51:58.705280,2026-05-11T15:52:53.904347+00:00
2014,156,China,X,Export,0,World,8471,Computers & Laptops,163425396565.0,877882561.0,1814102962.0,2026-05-11T15:51:58.705282,2026-05-11T15:52:53.904347+00:00
2014,156,China,X,Export,60,Unknown,8471,Computers & Laptops,1305.0,7.0,24.0,2026-05-11T15:51:58.705289,2026-05-11T15:52:53.904347+00:00
2014,156,China,X,Export,533,Unknown,8471,Computers & Laptops,13499.0,70.0,53.0,2026-05-11T15:51:58.705292,2026-05-11T15:52:53.904347+00:00
2014,156,China,X,Export,678,Unknown,8471,Computers & Laptops,10241.0,49.0,17.0,2026-05-11T15:51:58.705297,2026-05-11T15:52:53.904347+00:00
2014,156,China,X,Export,90,Unknown,8471,Computers & Laptops,11094.0,72.0,19.0,2026-05-11T15:51:58.705300,2026-05-11T15:52:53.904347+00:00
2014,156,China,X,Export,270,Unknown,8471,Computers & Laptops,273648.0,1503.0,29.0,2026-05-11T15:51:58.705303,2026-05-11T15:52:53.904347+00:00
2014,156,China,X,Export,776,Unknown,8471,Computers & Laptops,16746.0,85.0,29.0,2026-05-11T15:51:58.705306,2026-05-11T15:52:53.904347+00:00
2014,156,China,X,Export,232,Unknown,8471,Computers & Laptops,1352203.0,8520.0,60.0,2026-05-11T15:51:58.705309,2026-05-11T15:52:53.904347+00:00
2014,156,China,X,Export,637,Unknown,8471,Computers & Laptops,4344.0,58.0,10.0,2026-05-11T15:51:58.705312,2026-05-11T15:52:53.904347+00:00
2014,156,China,X,Export,258,Unknown,8471,Computers & Laptops,428.0,2.0,6.0,2026-05-11T15:51:58.705315,2026-05-11T15:52:53.904347+00:00
2014,156,China,X,Export,473,Unknown,8471,Computers & Laptops,3774.0,21.0,6.0,2026-05-11T15:51:58.705318,2026-05-11T15:52:53.904347+00:00
2014,156,China,X,Export,659,Unknown,8471,Computers & Laptops,2674.0,15.0,6.0,2026-05-11T15:51:58.705323,2026-05-11T15:52:53.904347+00:00
2014,156,China,X,Export,748,Unknown,8471,Computers & Laptops,1510.0,13.0,4.0,2026-05-11T15:51:58.705326,2026-05-11T15:52:53.904347+00:00
2014,156,China,X,Export,583,Unknown,8471,Computers & Laptops,648.0,2.0,2.0,2026-05-11T15:51:58.705329,2026-05-11T15:52:53.904347+00:00
2014,156,China,X,Export,796,Unknown,8471,Computers & Laptops,228.0,1.0,1.0,2026-05-11T15:51:58.705332,2026-05-11T15:52:53.904347+00:00
2014,156,China,RM,Export,0,World,8471,Computers & Laptops,10942655572.0,0.0,312557044.0,2026-05-11T15:51:58.705335,2026-05-11T15:52:53.904347+00:00
2014,156,China,RM,Export,156,China,8471,Computers & Laptops,10942655572.0,0.0,312557044.0,2026-05-11T15:51:58.705338,2026-05-11T15:52:53.904347+00:00
2014,156,China,X,Export,234,Unknown,8471,Computers & Laptops,40.0,0.0,4.0,2026-05-11T15:51:58.705341,2026-05-11T15:52:53.904347+00:00
2014,156,China,X,Export,674,Unknown,8471,Computers & Laptops,89.0,0.0,4.0,2026-05-11T15:51:58.705344,2026-05-11T15:52:53.904347+00:00
2014,156,China,M,Import,586,Pakistan,8471,Computers & Laptops,432.0,2.0,1.0,2026-05-11T15:51:58.705347,2026-05-11T15:52:53.904347+00:00
2014,156,China,M,Import,729,Unknown,8471,Computers & Laptops,16181.0,87.0,1.0,2026-05-11T15:51:58.705350,2026-05-11T15:52:53.904347+00:00
2014,156,China,M,Import,795,Unknown,8471,Computers & Laptops,3193.0,17.0,1.0,2026-05-11T15:51:58.705355,2026-05-11T15:52:53.904347+00:00
2014,156,China,M,Import,32,Argentina,8471,Computers & Laptops,34179.0,310.0,1.0,2026-05-11T15:51:58.705358,2026-05-11T15:52:53.904347+00:00
2014,156,China,M,Import,152,Chile,8471,Computers & Laptops,2000.0,11.0,1.0,2026-05-11T15:51:58.705361,2026-05-11T15:52:53.904347+00:00
2014,156,China,M,Import,191,Croatia,8471,Computers & Laptops,934.0,5.0,1.0,2026-05-11T15:51:58.705364,2026-05-11T15:52:53.904347+00:00
2014,156,China,M,Import,231,Ethiopia,8471,Computers & Laptops,739.0,4.0,1.0,2026-05-11T15:51:58.705367,2026-05-11T15:52:53.904347+00:00
2014,156,China,M,Import,266,Unknown,8471,Computers & Laptops,299.0,2.0,1.0,2026-05-11T15:51:58.705370,2026-05-11T15:52:53.904347+00:00
2014,156,China,M,Import,308,Unknown,8471,Computers & Laptops,300.0,2.0,1.0,2026-05-11T15:51:58.705373,2026-05-11T15:52:53.904347+00:00
2014,156,China,M,Import,64,Bhutan,8471,Computers & Laptops,82616.0,408.0,6211.0,2026-05-11T15:51:58.705376,2026-05-11T15:52:53.904347+00:00
2014,156,China,M,Import,120,Unknown,8471,Computers & Laptops,173.0,1.0,40.0,2026-05-11T15:51:58.705379,2026-05-11T15:52:53.904347+00:00
2014,156,China,M,Import,148,Unknown,8471,Computers & Laptops,5037.0,23.0,27.0,2026-05-11T15:51:58.705382,2026-05-11T15:52:53.904347+00:00
2014,156,China,M,Import,188,Unknown,8471,Computers & Laptops,2562183.0,13659.0,13369.0,2026-05-11T15:51:58.705386,2026-05-11T15:52:53.904347+00:00
2014,156,China,M,Import,512,Unknown,8471,Computers & Laptops,22149.0,110.0,504.0,2026-05-11T15:51:58.705389,2026-05-11T15:52:53.904347+00:00
2014,156,China,M,Import,76,Brazil,8471,Computers & Laptops,1612064.0,8048.0,97971.0,2026-05-11T15:51:58.705392,2026-05-11T15:52:53.904347+00:00
2014,156,China,M,Import,504,Morocco,8471,Computers & Laptops,12717.0,68.0,102.0,2026-05-11T15:51:58.705395,2026-05-11T15:52:53.904347+00:00
2014,156,China,M,Import,788,Unknown,8471,Computers & Laptops,17361.0,81.0,81.0,2026-05-11T15:51:58.705398,2026-05-11T15:52:53.904347+00:00
2014,156,China,M,Import,428,Unknown,8471,Computers & Laptops,489.0,2.0,18.0,2026-05-11T15:51:58.705401,2026-05-11T15:52:53.904347+00:00
2014,156,China,M,Import,352,Unknown,8471,Computers & Laptops,235790.0,1672.0,15.0,2026-05-11T15:51:58.705404,2026-05-11T15:52:53.904347+00:00
2014,156,China,M,Import,480,Unknown,8471,Computers & Laptops,1386.0,6.0,9.0,2026-05-11T15:51:58.705407,2026-05-11T15:52:53.904347+00:00
2014,156,China,M,Import,807,Unknown,8471,Computers & Laptops,6683.0,36.0,7.0,2026-05-11T15:51:58.705410,2026-05-11T15:52:53.904347+00:00
2014,156,China,M,Import,388,Jamaica,8471,Computers & Laptops,3688.0,18.0,10.0,2026-05-11T15:51:58.705413,2026-05-11T15:52:53.904347+00:00
2014,156,China,M,Import,688,Unknown,8471,Computers & Laptops,113237.0,1026.0,10.0,2026-05-11T15:51:58.705419,2026-05-11T15:52:53.904347+00:00
2014,156,China,M,Import,196,Cyprus,8471,Computers & Laptops,140.0,1.0,4.0,2026-05-11T15:51:58.705422,2026-05-11T15:52:53.904347+00:00
2014,156,China,M,Import,446,Unknown,8471,Computers & Laptops,500.0,3.0,4.0,2026-05-11T15:51:58.705425,2026-05-11T15:52:53.904347+00:00
2014,156,China,M,Import,796,Unknown,8471,Computers & Laptops,13130.0,70.0,4.0,2026-05-11T15:51:58.705428,2026-05-11T15:52:53.904347+00:00
2014,156,China,M,Import,218,Ecuador,8471,Computers & Laptops,168.0,1.0,2.0,2026-05-11T15:51:58.705431,2026-05-11T15:52:53.904347+00:00
2014,156,China,M,Import,268,Unknown,8471,Computers & Laptops,181.0,1.0,2.0,2026-05-11T15:51:58.705434,2026-05-11T15:52:53.904347+00:00
2014,156,China,M,Import,270,Unknown,8471,Computers & Laptops,181.0,1.0,2.0,2026-05-11T15:51:58.705437,2026-05-11T15:52:53.904347+00:00
2014,156,China,M,Import,50,Bangladesh,8471,Computers & Laptops,90.0,0.0,1.0,2026-05-11T15:51:58.705440,2026-05-11T15:52:53.904347+00:00
2014,156,China,M,Import,520,Unknown,8471,Computers & Laptops,69.0,0.0,1.0,2026-05-11T15:51:58.705443,2026-05-11T15:52:53.904347+00:00
2014,156,China,M,Import,776,Unknown,8471,Computers & Laptops,75.0,0.0,1.0,2026-05-11T15:51:58.705446,2026-05-11T15:52:53.904347+00:00
2014,156,China,M,Import,818,Egypt,8471,Computers & Laptops,20.0,0.0,1.0,2026-05-11T15:51:58.705450,2026-05-11T15:52:53.904347+00:00
2014,156,China,M,Import,450,Unknown,8471,Computers & Laptops,249.0,0.0,2.0,2026-05-11T15:51:58.705453,2026-05-11T15:52:53.904347+00:00
2014,156,China,M,Import,0,World,8471,Computers & Laptops,28724624853.0,0.0,753163244.0,2026-05-11T15:51:58.705458,2026-05-11T15:52:53.904347+00:00
2014,156,China,M,Import,156,China,8471,Computers & Laptops,10942655572.0,0.0,312557043.0,2026-05-11T15:51:58.705461,2026-05-11T15:52:53.904347+00:00
2014,156,China,M,Import,276,Germany,8471,Computers & Laptops,251151987.0,0.0,214208.0,2026-05-11T15:51:58.705464,2026-05-11T15:52:53.904347+00:00
2014,156,China,M,Import,36,Australia,8471,Computers & Laptops,19215959.0,0.0,5733.0,2026-05-11T15:51:58.705467,2026-05-11T15:52:53.904347+00:00
2014,156,China,M,Import,40,Austria,8471,Computers & Laptops,15806742.0,0.0,11825.0,2026-05-11T15:51:58.705470,2026-05-11T15:52:53.904347+00:00
2014,156,China,M,Import,56,Belgium,8471,Computers & Laptops,2860919.0,0.0,1452.0,2026-05-11T15:51:58.705473,2026-05-11T15:52:53.904347+00:00
2014,156,China,M,Import,100,Bulgaria,8471,Computers & Laptops,266008.0,0.0,686.0,2026-05-11T15:51:58.706425,2026-05-11T15:52:53.904347+00:00
2014,156,China,M,Import,124,Canada,8471,Computers & Laptops,26485964.0,0.0,16634.0,2026-05-11T15:51:58.706430,2026-05-11T15:52:53.904347+00:00
2014,156,China,M,Import,144,Sri Lanka,8471,Computers & Laptops,148.0,0.0,25.0,2026-05-11T15:51:58.706437,2026-05-11T15:52:53.904347+00:00
2014,156,China,M,Import,203,Czech Republic,8471,Computers & Laptops,17236236.0,0.0,74370.0,2026-05-11T15:51:58.706441,2026-05-11T15:52:53.904347+00:00
2014,156,China,M,Import,208,Denmark,8471,Computers & Laptops,8429339.0,0.0,26795.0,2026-05-11T15:51:58.706444,2026-05-11T15:52:53.904347+00:00
2014,156,China,M,Import,233,Unknown,8471,Computers & Laptops,5449.0,0.0,11.0,2026-05-11T15:51:58.706447,2026-05-11T15:52:53.904347+00:00
2014,156,China,M,Import,246,Finland,8471,Computers & Laptops,7305379.0,0.0,1568.0,2026-05-11T15:51:58.706452,2026-05-11T15:52:53.904347+00:00
2014,156,China,M,Import,300,Greece,8471,Computers & Laptops,67586.0,0.0,59.0,2026-05-11T15:51:58.706455,2026-05-11T15:52:53.904347+00:00
2014,156,China,M,Import,344,Unknown,8471,Computers & Laptops,12738256.0,0.0,261962.0,2026-05-11T15:51:58.706458,2026-05-11T15:52:53.904347+00:00
2014,156,China,M,Import,348,Unknown,8471,Computers & Laptops,156627266.0,0.0,59572.0,2026-05-11T15:51:58.706461,2026-05-11T15:52:53.904347+00:00
2014,156,China,M,Import,360,Indonesia,8471,Computers & Laptops,97023376.0,0.0,1556509.0,2026-05-11T15:51:58.706464,2026-05-11T15:52:53.904347+00:00
2014,156,China,M,Import,364,Iran,8471,Computers & Laptops,2002.0,0.0,452.0,2026-05-11T15:51:58.706467,2026-05-11T15:52:53.904347+00:00
2014,156,China,M,Import,372,Ireland,8471,Computers & Laptops,229048046.0,0.0,42953.0,2026-05-11T15:51:58.706478,2026-05-11T15:52:53.904347+00:00
2014,156,China,M,Import,376,Israel,8471,Computers & Laptops,25439765.0,0.0,75261.0,2026-05-11T15:51:58.706481,2026-05-11T15:52:53.904347+00:00
2014,156,China,M,Import,442,Unknown,8471,Computers & Laptops,80658.0,0.0,8.0,2026-05-11T15:51:58.706484,2026-05-11T15:52:53.904347+00:00
2014,156,China,M,Import,458,Malaysia,8471,Computers & Laptops,2122541748.0,0.0,53887136.0,2026-05-11T15:51:58.706487,2026-05-11T15:52:53.904347+00:00
2014,156,China,M,Import,470,Unknown,8471,Computers & Laptops,69298.0,0.0,207.0,2026-05-11T15:51:58.706490,2026-05-11T15:52:53.904347+00:00
2014,156,China,M,Import,484,Mexico,8471,Computers & Laptops,448197950.0,0.0,376592.0,2026-05-11T15:51:58.706493,2026-05-11T15:52:53.904347+00:00
2014,156,China,M,Import,528,Netherlands,8471,Computers & Laptops,19448563.0,0.0,38234.0,2026-05-11T15:51:58.706496,2026-05-11T15:52:53.904347+00:00
2014,156,China,M,Import,554,New Zealand,8471,Computers & Laptops,438522.0,0.0,660.0,2026-05-11T15:51:58.706499,2026-05-11T15:52:53.904347+00:00
2014,156,China,M,Import,579,Unknown,8471,Computers & Laptops,22434168.0,0.0,19070.0,2026-05-11T15:51:58.706502,2026-05-11T15:52:53.904347+00:00
2014,156,China,M,Import,608,Philippines,8471,Computers & Laptops,2301345549.0,0.0,75673399.0,2026-05-11T15:51:58.706505,2026-05-11T15:52:53.904347+00:00
2014,156,China,M,Import,616,Poland,8471,Computers & Laptops,11203527.0,0.0,1891.0,2026-05-11T15:51:58.706509,2026-05-11T15:52:53.904347+00:00
2014,156,China,M,Import,620,Portugal,8471,Computers & Laptops,337984.0,0.0,4324.0,2026-05-11T15:51:58.706512,2026-05-11T15:52:53.904347+00:00
2014,156,China,M,Import,642,Romania,8471,Computers & Laptops,2536636.0,0.0,32506.0,2026-05-11T15:51:58.706516,2026-05-11T15:52:53.904347+00:00
2014,156,China,M,Import,643,Russia,8471,Computers & Laptops,192132.0,0.0,151.0,2026-05-11T15:51:58.706519,2026-05-11T15:52:53.904347+00:00
2014,156,China,M,Import,674,Unknown,8471,Computers & Laptops,18070.0,0.0,1551.0,2026-05-11T15:51:58.706522,2026-05-11T15:52:53.904347+00:00
2014,156,China,M,Import,699,Unknown,8471,Computers & Laptops,2717123.0,0.0,37723.0,2026-05-11T15:51:58.706524,2026-05-11T15:52:53.904347+00:00
2014,156,China,M,Import,702,Unknown,8471,Computers & Laptops,868431468.0,0.0,949109.0,2026-05-11T15:51:58.706527,2026-05-11T15:52:53.904347+00:00
2014,156,China,M,Import,703,Unknown,8471,Computers & Laptops,2714143.0,0.0,5788.0,2026-05-11T15:51:58.706530,2026-05-11T15:52:53.904347+00:00
2014,156,China,M,Import,704,Vietnam,8471,Computers & Laptops,181962867.0,0.0,29916829.0,2026-05-11T15:51:58.706533,2026-05-11T15:52:53.904347+00:00
2014,156,China,M,Import,705,Unknown,8471,Computers & Laptops,111184.0,0.0,409.0,2026-05-11T15:51:58.706536,2026-05-11T15:52:53.904347+00:00
2014,156,China,M,Import,710,South Africa,8471,Computers & Laptops,142002.0,0.0,187.0,2026-05-11T15:51:58.706541,2026-05-11T15:52:53.904347+00:00
2014,156,China,M,Import,724,Spain,8471,Computers & Laptops,8138737.0,0.0,27595.0,2026-05-11T15:51:58.706544,2026-05-11T15:52:53.904347+00:00
2014,156,China,M,Import,752,Sweden,8471,Computers & Laptops,18448884.0,0.0,256230.0,2026-05-11T15:51:58.706547,2026-05-11T15:52:53.904347+00:00
2014,156,China,M,Import,764,Thailand,8471,Computers & Laptops,4151151363.0,0.0,94841811.0,2026-05-11T15:51:58.706550,2026-05-11T15:52:53.904347+00:00
2014,156,China,M,Import,784,UAE,8471,Computers & Laptops,55044.0,0.0,33.0,2026-05-11T15:51:58.706553,2026-05-11T15:52:53.904347+00:00
2014,156,China,M,Import,792,Turkey,8471,Computers & Laptops,103988.0,0.0,139.0,2026-05-11T15:51:58.706556,2026-05-11T15:52:53.904347+00:00
2014,156,China,M,Import,804,Ukraine,8471,Computers & Laptops,9660.0,0.0,9.0,2026-05-11T15:51:58.706559,2026-05-11T15:52:53.904347+00:00
2014,156,China,M,Import,899,Unknown,8471,Computers & Laptops,750058.0,0.0,233948.0,2026-05-11T15:51:58.706562,2026-05-11T15:52:53.904347+00:00
2014,156,China,M,Import,757,Unknown,8471,Computers & Laptops,3730821.0,0.0,18724.0,2026-05-11T15:51:58.706564,2026-05-11T15:52:53.904347+00:00
2014,156,China,M,Import,826,United Kingdom,8471,Computers & Laptops,21162579.0,0.0,237923.0,2026-05-11T15:51:58.706567,2026-05-11T15:52:53.904347+00:00
2014,156,China,M,Import,251,Unknown,8471,Computers & Laptops,69072069.0,0.0,34834.0,2026-05-11T15:51:58.706572,2026-05-11T15:52:53.904347+00:00
2014,156,China,M,Import,410,South Korea,8471,Computers & Laptops,2874005142.0,0.0,32165459.0,2026-05-11T15:51:58.706575,2026-05-11T15:52:53.904347+00:00
2014,156,China,M,Import,380,Italy,8471,Computers & Laptops,23251532.0,0.0,22665.0,2026-05-11T15:51:58.706578,2026-05-11T15:52:53.904347+00:00
2014,156,China,M,Import,490,Unknown,8471,Computers & Laptops,2091432637.0,0.0,95788589.0,2026-05-11T15:51:58.706583,2026-05-11T15:52:53.904347+00:00
2014,156,China,M,Import,842,Unknown,8471,Computers & Laptops,806633720.0,0.0,712465.0,2026-05-11T15:51:58.706586,2026-05-11T15:52:53.904347+00:00
2014,156,China,M,Import,392,Japan,8471,Computers & Laptops,854637567.0,0.0,52851514.0,2026-05-11T15:51:58.706589,2026-05-11T15:52:53.904347+00:00
2014,156,China,M,Import,242,Unknown,8471,Computers & Laptops,80.0,0.0,4.0,2026-05-11T15:51:58.706592,2026-05-11T15:52:53.904347+00:00
2014,156,China,M,Import,682,Saudi Arabia,8471,Computers & Laptops,2748.0,0.0,3.0,2026-05-11T15:51:58.706595,2026-05-11T15:52:53.904347+00:00
2015,156,China,X,Export,392,Japan,8471,Computers & Laptops,7024780718.0,0.0,0.0,2026-05-11T15:51:58.706598,2026-05-11T15:52:53.904347+00:00
2015,156,China,X,Export,446,Unknown,8471,Computers & Laptops,6319893.0,0.0,0.0,2026-05-11T15:51:58.706601,2026-05-11T15:52:53.904347+00:00
2015,156,China,X,Export,616,Poland,8471,Computers & Laptops,792224176.0,0.0,0.0,2026-05-11T15:51:58.706606,2026-05-11T15:52:53.904347+00:00
2015,156,China,X,Export,764,Thailand,8471,Computers & Laptops,1018181706.0,0.0,0.0,2026-05-11T15:51:58.706609,2026-05-11T15:52:53.904347+00:00
2015,156,China,X,Export,842,Unknown,8471,Computers & Laptops,42350595011.0,0.0,0.0,2026-05-11T15:51:58.706612,2026-05-11T15:52:53.904347+00:00
2015,156,China,X,Export,344,Unknown,8471,Computers & Laptops,1493.0,8.127,0.0,2026-05-11T15:51:58.706643,2026-05-11T15:52:53.904347+00:00
2015,156,China,X,Export,348,Unknown,8471,Computers & Laptops,2190.0,28.008,0.0,2026-05-11T15:51:58.706646,2026-05-11T15:52:53.904347+00:00
2015,156,China,X,Export,364,Iran,8471,Computers & Laptops,70820.0,905.721,0.0,2026-05-11T15:51:58.706655,2026-05-11T15:52:53.904347+00:00
2015,156,China,X,Export,400,Jordan,8471,Computers & Laptops,21.0,0.082,0.0,2026-05-11T15:51:58.706658,2026-05-11T15:52:53.904347+00:00
2015,156,China,X,Export,410,South Korea,8471,Computers & Laptops,17694.0,97.635,0.0,2026-05-11T15:51:58.706663,2026-05-11T15:52:53.904347+00:00
2015,156,China,X,Export,426,Unknown,8471,Computers & Laptops,5579.0,49.446,0.0,2026-05-11T15:51:58.706666,2026-05-11T15:52:53.904347+00:00
2015,156,China,X,Export,458,Malaysia,8471,Computers & Laptops,28931.0,133.234,0.0,2026-05-11T15:51:58.706670,2026-05-11T15:52:53.904347+00:00
2015,156,China,X,Export,473,Unknown,8471,Computers & Laptops,224.0,1.219,0.0,2026-05-11T15:51:58.706673,2026-05-11T15:52:53.904347+00:00
2015,156,China,X,Export,484,Mexico,8471,Computers & Laptops,249098.0,973.607,0.0,2026-05-11T15:51:58.706676,2026-05-11T15:52:53.904347+00:00
2015,156,China,X,Export,500,Unknown,8471,Computers & Laptops,4130.0,21.392,0.0,2026-05-11T15:51:58.706679,2026-05-11T15:52:53.904347+00:00
2015,156,China,X,Export,520,Unknown,8471,Computers & Laptops,546.0,2.972,0.0,2026-05-11T15:51:58.706682,2026-05-11T15:52:53.904347+00:00
2015,156,China,X,Export,528,Netherlands,8471,Computers & Laptops,42005.0,536.735,0.0,2026-05-11T15:51:58.706685,2026-05-11T15:52:53.904347+00:00
2015,156,China,X,Export,531,Unknown,8471,Computers & Laptops,162973.0,1045.201,0.0,2026-05-11T15:51:58.706701,2026-05-11T15:52:53.904347+00:00
2015,156,China,X,Export,533,Unknown,8471,Computers & Laptops,1749.0,9.059,0.0,2026-05-11T15:51:58.706704,2026-05-11T15:52:53.904347+00:00
2015,156,China,X,Export,535,Unknown,8471,Computers & Laptops,425.0,2.201,0.0,2026-05-11T15:51:58.706707,2026-05-11T15:52:53.904347+00:00
2015,156,China,X,Export,608,Philippines,8471,Computers & Laptops,184.0,0.719,0.0,2026-05-11T15:51:58.706710,2026-05-11T15:52:53.904347+00:00
2015,156,China,X,Export,642,Romania,8471,Computers & Laptops,1441.0,18.429,0.0,2026-05-11T15:51:58.706713,2026-05-11T15:52:53.904347+00:00
2015,156,China,X,Export,643,Russia,8471,Computers & Laptops,1623.0,20.757,0.0,2026-05-11T15:51:58.706716,2026-05-11T15:52:53.904347+00:00
2015,156,China,X,Export,659,Unknown,8471,Computers & Laptops,359.0,2.318,0.0,2026-05-11T15:51:58.706722,2026-05-11T15:52:53.904347+00:00
2015,156,China,X,Export,670,Unknown,8471,Computers & Laptops,1336.0,7.272,0.0,2026-05-11T15:51:58.706742,2026-05-11T15:52:53.904347+00:00
2015,156,China,X,Export,702,Unknown,8471,Computers & Laptops,83786.0,455.797,0.0,2026-05-11T15:51:58.706745,2026-05-11T15:52:53.904347+00:00
2015,156,China,X,Export,705,Unknown,8471,Computers & Laptops,28652.0,157.247,0.0,2026-05-11T15:51:58.706755,2026-05-11T15:52:53.904347+00:00
2015,156,China,X,Export,757,Unknown,8471,Computers & Laptops,96002.0,619.9,0.0,2026-05-11T15:51:58.706758,2026-05-11T15:52:53.904347+00:00
2015,156,China,X,Export,776,Unknown,8471,Computers & Laptops,56826.0,371.108,0.0,2026-05-11T15:51:58.706769,2026-05-11T15:52:53.904347+00:00
2015,156,China,X,Export,784,UAE,8471,Computers & Laptops,237308.0,1532.334,0.0,2026-05-11T15:51:58.706772,2026-05-11T15:52:53.904347+00:00
2015,156,China,X,Export,796,Unknown,8471,Computers & Laptops,9251.0,47.916,0.0,2026-05-11T15:51:58.706775,2026-05-11T15:52:53.904347+00:00
2015,156,China,X,Export,826,United Kingdom,8471,Computers & Laptops,14280.0,182.628,0.0,2026-05-11T15:51:58.706778,2026-05-11T15:52:53.904347+00:00
2015,156,China,X,Export,894,Zambia,8471,Computers & Laptops,818640.0,6045.005,0.0,2026-05-11T15:51:58.706781,2026-05-11T15:52:53.904347+00:00
2015,156,China,X,Export,380,Italy,8471,Computers & Laptops,183848.0,1202.197,0.0,2026-05-11T15:51:58.706785,2026-05-11T15:52:53.904347+00:00
2015,156,China,X,Export,703,Unknown,8471,Computers & Laptops,11795.0,77.128,0.0,2026-05-11T15:51:58.706794,2026-05-11T15:52:53.904347+00:00
2015,156,China,X,Export,699,Unknown,8471,Computers & Laptops,1490.0,9.621,0.0,2026-05-11T15:51:58.706803,2026-05-11T15:52:53.904347+00:00
2015,156,China,X,Export,862,Unknown,8471,Computers & Laptops,4050.0,26.151,0.0,2026-05-11T15:51:58.706843,2026-05-11T15:52:53.904347+00:00
2015,156,China,X,Export,384,Unknown,8471,Computers & Laptops,800161.0,3913.546,0.0,2026-05-11T15:51:58.706847,2026-05-11T15:52:53.904347+00:00
2015,156,China,X,Export,388,Jamaica,8471,Computers & Laptops,7113.0,39.334,0.0,2026-05-11T15:51:58.706851,2026-05-11T15:52:53.904347+00:00
2015,156,China,X,Export,454,Unknown,8471,Computers & Laptops,3516.0,18.142,0.0,2026-05-11T15:51:58.706853,2026-05-11T15:52:53.904347+00:00
2015,156,China,X,Export,462,Unknown,8471,Computers & Laptops,2466.0,13.323,0.0,2026-05-11T15:51:58.706856,2026-05-11T15:52:53.904347+00:00
2015,156,China,X,Export,466,Unknown,8471,Computers & Laptops,35496.0,170.965,0.0,2026-05-11T15:51:58.706859,2026-05-11T15:52:53.904347+00:00
2015,156,China,X,Export,470,Unknown,8471,Computers & Laptops,70.0,0.363,0.0,2026-05-11T15:51:58.706862,2026-05-11T15:52:53.904347+00:00
2015,156,China,X,Export,516,Unknown,8471,Computers & Laptops,653266.0,3132.243,0.0,2026-05-11T15:51:58.706865,2026-05-11T15:52:53.904347+00:00
2015,156,China,X,Export,540,Unknown,8471,Computers & Laptops,9028.0,49.14,0.0,2026-05-11T15:51:58.706868,2026-05-11T15:52:53.904347+00:00
2015,156,China,X,Export,562,Unknown,8471,Computers & Laptops,27189.0,144.555,0.0,2026-05-11T15:51:58.706871,2026-05-11T15:52:53.904347+00:00
2015,156,China,X,Export,600,Unknown,8471,Computers & Laptops,151809.0,820.271,0.0,2026-05-11T15:51:58.706874,2026-05-11T15:52:53.904347+00:00
2015,156,China,X,Export,662,Unknown,8471,Computers & Laptops,10592.0,57.653,0.0,2026-05-11T15:51:58.706879,2026-05-11T15:52:53.904347+00:00
2015,156,China,X,Export,678,Unknown,8471,Computers & Laptops,7308.0,39.778,0.0,2026-05-11T15:51:58.706882,2026-05-11T15:52:53.904347+00:00
2015,156,China,X,Export,686,Unknown,8471,Computers & Laptops,88201.0,443.309,0.0,2026-05-11T15:51:58.706886,2026-05-11T15:52:53.904347+00:00
2015,156,China,X,Export,694,Unknown,8471,Computers & Laptops,66057.0,423.311,0.0,2026-05-11T15:51:58.706889,2026-05-11T15:52:53.904347+00:00
2015,156,China,X,Export,728,Unknown,8471,Computers & Laptops,13292.0,72.35,0.0,2026-05-11T15:51:58.706892,2026-05-11T15:52:53.904347+00:00
2015,156,China,X,Export,740,Unknown,8471,Computers & Laptops,3649.0,19.862,0.0,2026-05-11T15:51:58.706895,2026-05-11T15:52:53.904347+00:00
2015,156,China,X,Export,748,Unknown,8471,Computers & Laptops,28507.0,155.167,0.0,2026-05-11T15:51:58.706898,2026-05-11T15:52:53.904347+00:00
2015,156,China,X,Export,762,Unknown,8471,Computers & Laptops,1275970.0,6945.243,0.0,2026-05-11T15:51:58.706901,2026-05-11T15:52:53.904347+00:00
2015,156,China,X,Export,858,Unknown,8471,Computers & Laptops,2517309.0,28252.737,0.0,2026-05-11T15:51:58.706904,2026-05-11T15:52:53.904347+00:00
2015,156,China,X,Export,860,Unknown,8471,Computers & Laptops,55737.0,299.632,0.0,2026-05-11T15:51:58.706907,2026-05-11T15:52:53.904347+00:00
2015,156,China,X,Export,887,Yemen,8471,Computers & Laptops,317.0,1.239,0.0,2026-05-11T15:51:58.706911,2026-05-11T15:52:53.904347+00:00
2015,156,China,X,Export,340,Unknown,8471,Computers & Laptops,612123.0,2958.396,1686.969,2026-05-11T15:51:58.707081,2026-05-11T15:52:53.904347+00:00
2015,156,China,X,Export,360,Indonesia,8471,Computers & Laptops,42306726.0,206972.701,123210.758,2026-05-11T15:51:58.707095,2026-05-11T15:52:53.904347+00:00
2015,156,China,X,Export,368,Iraq,8471,Computers & Laptops,1402412.0,7006.797,3181.686,2026-05-11T15:51:58.707101,2026-05-11T15:52:53.904347+00:00
2015,156,China,X,Export,372,Ireland,8471,Computers & Laptops,14020829.0,124180.88,80761.693,2026-05-11T15:51:58.707106,2026-05-11T15:52:53.904347+00:00
2015,156,China,X,Export,376,Israel,8471,Computers & Laptops,21648473.0,115036.041,27738.159,2026-05-11T15:51:58.707109,2026-05-11T15:52:53.904347+00:00
2015,156,China,X,Export,398,Kazakhstan,8471,Computers & Laptops,215211.0,1088.111,499.751,2026-05-11T15:51:58.707118,2026-05-11T15:52:53.904347+00:00
2015,156,China,X,Export,404,Kenya,8471,Computers & Laptops,4378185.0,21525.492,12028.922,2026-05-11T15:51:58.707123,2026-05-11T15:52:53.904347+00:00
2015,156,China,X,Export,414,Kuwait,8471,Computers & Laptops,5957221.0,29292.003,15365.344,2026-05-11T15:51:58.707129,2026-05-11T15:52:53.904347+00:00
2015,156,China,X,Export,418,Unknown,8471,Computers & Laptops,66333.0,318.417,190.728,2026-05-11T15:51:58.707132,2026-05-11T15:52:53.904347+00:00
2015,156,China,X,Export,422,Lebanon,8471,Computers & Laptops,978316.0,4889.912,2242.07,2026-05-11T15:51:58.707137,2026-05-11T15:52:53.904347+00:00
2015,156,China,X,Export,428,Unknown,8471,Computers & Laptops,362648.0,2208.75,1151.614,2026-05-11T15:51:58.707140,2026-05-11T15:52:53.904347+00:00
2015,156,China,X,Export,440,Unknown,8471,Computers & Laptops,4885052.0,26458.32,14468.419,2026-05-11T15:51:58.707143,2026-05-11T15:52:53.904347+00:00
2015,156,China,X,Export,442,Unknown,8471,Computers & Laptops,57423.0,242.845,361.78,2026-05-11T15:51:58.707146,2026-05-11T15:52:53.904347+00:00
2015,156,China,X,Export,450,Unknown,8471,Computers & Laptops,605221.0,2970.675,1501.704,2026-05-11T15:51:58.707150,2026-05-11T15:52:53.904347+00:00
2015,156,China,X,Export,480,Unknown,8471,Computers & Laptops,361269.0,2000.393,773.462,2026-05-11T15:51:58.707155,2026-05-11T15:52:53.904347+00:00
2015,156,China,X,Export,490,Unknown,8471,Computers & Laptops,259879008.0,1150062.83,1178224.824,2026-05-11T15:51:58.707161,2026-05-11T15:52:53.904347+00:00
2015,156,China,X,Export,498,Unknown,8471,Computers & Laptops,325470.0,1587.443,849.347,2026-05-11T15:51:58.707164,2026-05-11T15:52:53.904347+00:00
2015,156,China,X,Export,499,Unknown,8471,Computers & Laptops,7744.0,37.173,22.266,2026-05-11T15:51:58.707169,2026-05-11T15:52:53.904347+00:00
2015,156,China,X,Export,504,Morocco,8471,Computers & Laptops,2023640.0,10537.446,4451.919,2026-05-11T15:51:58.707172,2026-05-11T15:52:53.904347+00:00
2015,156,China,X,Export,508,Unknown,8471,Computers & Laptops,856610.0,4094.263,2569.867,2026-05-11T15:51:58.707175,2026-05-11T15:52:53.904347+00:00
2015,156,China,X,Export,512,Unknown,8471,Computers & Laptops,2841881.0,14910.105,3739.322,2026-05-11T15:51:58.707178,2026-05-11T15:52:53.904347+00:00
2015,156,China,X,Export,524,Unknown,8471,Computers & Laptops,287162.0,1378.13,827.186,2026-05-11T15:51:58.707181,2026-05-11T15:52:53.904347+00:00
2015,156,China,X,Export,548,Unknown,8471,Computers & Laptops,80807.0,387.896,232.345,2026-05-11T15:51:58.707187,2026-05-11T15:52:53.904347+00:00
2015,156,China,X,Export,554,New Zealand,8471,Computers & Laptops,9737606.0,46687.216,24941.341,2026-05-11T15:51:58.707190,2026-05-11T15:52:53.904347+00:00
2015,156,China,X,Export,558,Unknown,8471,Computers & Laptops,348567.0,1673.177,1002.197,2026-05-11T15:51:58.707193,2026-05-11T15:52:53.904347+00:00
2015,156,China,X,Export,566,Nigeria,8471,Computers & Laptops,6997260.0,34955.887,15741.041,2026-05-11T15:51:58.707196,2026-05-11T15:52:53.904347+00:00
2015,156,China,X,Export,579,Unknown,8471,Computers & Laptops,4558839.0,25065.188,4111.638,2026-05-11T15:51:58.707200,2026-05-11T15:52:53.904347+00:00
2015,156,China,X,Export,586,Pakistan,8471,Computers & Laptops,5029171.0,30857.423,14628.915,2026-05-11T15:51:58.707203,2026-05-11T15:52:53.904347+00:00
2015,156,China,X,Export,591,Unknown,8471,Computers & Laptops,5012875.0,24914.171,30664.821,2026-05-11T15:51:58.707206,2026-05-11T15:52:53.904347+00:00
2015,156,China,X,Export,598,Unknown,8471,Computers & Laptops,1175110.0,5640.857,3378.805,2026-05-11T15:51:58.707209,2026-05-11T15:52:53.904347+00:00
2015,156,China,X,Export,604,Peru,8471,Computers & Laptops,6317016.0,32142.981,13550.519,2026-05-11T15:51:58.707212,2026-05-11T15:52:53.904347+00:00
2015,156,China,X,Export,620,Portugal,8471,Computers & Laptops,3127917.0,16502.398,4662.837,2026-05-11T15:51:58.707221,2026-05-11T15:52:53.904347+00:00
2015,156,China,X,Export,634,Qatar,8471,Computers & Laptops,11058098.0,55751.847,19755.512,2026-05-11T15:51:58.707224,2026-05-11T15:52:53.904347+00:00
2015,156,China,X,Export,646,Unknown,8471,Computers & Laptops,74420.0,374.831,154.199,2026-05-11T15:51:58.707235,2026-05-11T15:52:53.904347+00:00
2015,156,China,X,Export,682,Saudi Arabia,8471,Computers & Laptops,24719396.0,122422.241,53086.906,2026-05-11T15:51:58.707238,2026-05-11T15:52:53.904347+00:00
2015,156,China,X,Export,688,Unknown,8471,Computers & Laptops,1672123.0,9106.187,5108.225,2026-05-11T15:51:58.707241,2026-05-11T15:52:53.904347+00:00
2015,156,China,X,Export,704,Vietnam,8471,Computers & Laptops,21986914.0,121598.672,61659.856,2026-05-11T15:51:58.707254,2026-05-11T15:52:53.904347+00:00
2015,156,China,X,Export,710,South Africa,8471,Computers & Laptops,32392866.0,160469.049,85252.554,2026-05-11T15:51:58.707260,2026-05-11T15:52:53.904347+00:00
2015,156,China,X,Export,716,Zimbabwe,8471,Computers & Laptops,1054459.0,5101.194,2967.991,2026-05-11T15:51:58.707265,2026-05-11T15:52:53.904347+00:00
2015,156,China,X,Export,724,Spain,8471,Computers & Laptops,50210453.0,250782.898,117342.336,2026-05-11T15:51:58.707268,2026-05-11T15:52:53.904347+00:00
2015,156,China,X,Export,729,Unknown,8471,Computers & Laptops,360.0,1.728,1.035,2026-05-11T15:51:58.707271,2026-05-11T15:52:53.904347+00:00
2014,156,China,X,Export,490,Unknown,8517,Phones & Communication Devices,2293219608.0,0.0,0.0,2026-05-11T15:52:00.617186,2026-05-11T15:52:53.904347+00:00
2014,156,China,RM,Export,156,China,8517,Phones & Communication Devices,23465791286.0,56045312.0,0.0,2026-05-11T15:52:00.617200,2026-05-11T15:52:53.904347+00:00
2014,156,China,RM,Export,0,World,8517,Phones & Communication Devices,23465791286.0,56045312.0,0.0,2026-05-11T15:52:00.617205,2026-05-11T15:52:53.904347+00:00
2014,156,China,X,Export,583,Unknown,8517,Phones & Communication Devices,19064.0,402.0,0.0,2026-05-11T15:52:00.617208,2026-05-11T15:52:53.904347+00:00
2014,156,China,X,Export,0,World,8517,Phones & Communication Devices,195292422819.0,671363874.0,0.0,2026-05-11T15:52:00.617212,2026-05-11T15:52:53.904347+00:00
2014,156,China,X,Export,4,Afghanistan,8517,Phones & Communication Devices,38210315.0,272230.0,0.0,2026-05-11T15:52:00.617215,2026-05-11T15:52:53.904347+00:00
2014,156,China,X,Export,8,Albania,8517,Phones & Communication Devices,5459295.0,30987.0,0.0,2026-05-11T15:52:00.617218,2026-05-11T15:52:53.904347+00:00
2014,156,China,X,Export,12,Algeria,8517,Phones & Communication Devices,273097791.0,1935911.0,0.0,2026-05-11T15:52:00.617225,2026-05-11T15:52:53.904347+00:00
2014,156,China,X,Export,20,Unknown,8517,Phones & Communication Devices,18583.0,79.0,0.0,2026-05-11T15:52:00.617228,2026-05-11T15:52:53.904347+00:00
2014,156,China,X,Export,24,Angola,8517,Phones & Communication Devices,90329279.0,413726.0,0.0,2026-05-11T15:52:00.617231,2026-05-11T15:52:53.904347+00:00
2014,156,China,X,Export,28,Antigua and Barbuda,8517,Phones & Communication Devices,1230102.0,6079.0,0.0,2026-05-11T15:52:00.617234,2026-05-11T15:52:53.904347+00:00
2014,156,China,X,Export,31,Unknown,8517,Phones & Communication Devices,43967726.0,212447.0,0.0,2026-05-11T15:52:00.617237,2026-05-11T15:52:53.904347+00:00
2014,156,China,X,Export,32,Argentina,8517,Phones & Communication Devices,693635820.0,2346110.0,0.0,2026-05-11T15:52:00.617240,2026-05-11T15:52:53.904347+00:00
2014,156,China,X,Export,36,Australia,8517,Phones & Communication Devices,1560100677.0,9639804.0,0.0,2026-05-11T15:52:00.617243,2026-05-11T15:52:53.904347+00:00
2014,156,China,X,Export,40,Austria,8517,Phones & Communication Devices,337305616.0,1071348.0,0.0,2026-05-11T15:52:00.617246,2026-05-11T15:52:53.904347+00:00
2014,156,China,X,Export,44,Unknown,8517,Phones & Communication Devices,2175420.0,20224.0,0.0,2026-05-11T15:52:00.617249,2026-05-11T15:52:53.904347+00:00
2014,156,China,X,Export,48,Unknown,8517,Phones & Communication Devices,62815297.0,605759.0,0.0,2026-05-11T15:52:00.617251,2026-05-11T15:52:53.904347+00:00
2014,156,China,X,Export,50,Bangladesh,8517,Phones & Communication Devices,267228126.0,1781476.0,0.0,2026-05-11T15:52:00.617256,2026-05-11T15:52:53.904347+00:00
2014,156,China,X,Export,51,Unknown,8517,Phones & Communication Devices,12184078.0,55597.0,0.0,2026-05-11T15:52:00.617259,2026-05-11T15:52:53.904347+00:00
2014,156,China,X,Export,52,Unknown,8517,Phones & Communication Devices,3330794.0,15825.0,0.0,2026-05-11T15:52:00.617262,2026-05-11T15:52:53.904347+00:00
2014,156,China,X,Export,56,Belgium,8517,Phones & Communication Devices,197007059.0,1166135.0,0.0,2026-05-11T15:52:00.617265,2026-05-11T15:52:53.904347+00:00
2014,156,China,X,Export,60,Unknown,8517,Phones & Communication Devices,16296.0,102.0,0.0,2026-05-11T15:52:00.617268,2026-05-11T15:52:53.904347+00:00
2014,156,China,X,Export,64,Bhutan,8517,Phones & Communication Devices,158246.0,661.0,0.0,2026-05-11T15:52:00.617271,2026-05-11T15:52:53.904347+00:00
2014,156,China,X,Export,68,Bolivia,8517,Phones & Communication Devices,38549987.0,331344.0,0.0,2026-05-11T15:52:00.617274,2026-05-11T15:52:53.904347+00:00
2014,156,China,X,Export,70,Unknown,8517,Phones & Communication Devices,20066524.0,58928.0,0.0,2026-05-11T15:52:00.617277,2026-05-11T15:52:53.904347+00:00
2014,156,China,X,Export,72,Unknown,8517,Phones & Communication Devices,9963057.0,56047.0,0.0,2026-05-11T15:52:00.617280,2026-05-11T15:52:53.904347+00:00
2014,156,China,X,Export,76,Brazil,8517,Phones & Communication Devices,1807115068.0,11202858.0,0.0,2026-05-11T15:52:00.617283,2026-05-11T15:52:53.904347+00:00
2014,156,China,X,Export,84,Unknown,8517,Phones & Communication Devices,4084746.0,9723.0,0.0,2026-05-11T15:52:00.617287,2026-05-11T15:52:53.904347+00:00
2014,156,China,X,Export,90,Unknown,8517,Phones & Communication Devices,1039094.0,6140.0,0.0,2026-05-11T15:52:00.617290,2026-05-11T15:52:53.904347+00:00
2014,156,China,X,Export,92,Unknown,8517,Phones & Communication Devices,2309844.0,10008.0,0.0,2026-05-11T15:52:00.617293,2026-05-11T15:52:53.904347+00:00
2014,156,China,X,Export,96,Unknown,8517,Phones & Communication Devices,6292720.0,230637.0,0.0,2026-05-11T15:52:00.617296,2026-05-11T15:52:53.904347+00:00
2014,156,China,X,Export,100,Bulgaria,8517,Phones & Communication Devices,63321590.0,207450.0,0.0,2026-05-11T15:52:00.617299,2026-05-11T15:52:53.904347+00:00
2014,156,China,X,Export,104,Unknown,8517,Phones & Communication Devices,957157315.0,3489164.0,0.0,2026-05-11T15:52:00.617302,2026-05-11T15:52:53.904347+00:00
2014,156,China,X,Export,108,Unknown,8517,Phones & Communication Devices,13249675.0,128139.0,0.0,2026-05-11T15:52:00.617305,2026-05-11T15:52:53.904347+00:00
2014,156,China,X,Export,112,Unknown,8517,Phones & Communication Devices,83369925.0,292192.0,0.0,2026-05-11T15:52:00.617308,2026-05-11T15:52:53.904347+00:00
2014,156,China,X,Export,116,Cambodia,8517,Phones & Communication Devices,69053431.0,394847.0,0.0,2026-05-11T15:52:00.617311,2026-05-11T15:52:53.904347+00:00
2014,156,China,X,Export,120,Unknown,8517,Phones & Communication Devices,107494183.0,634539.0,0.0,2026-05-11T15:52:00.617314,2026-05-11T15:52:53.904347+00:00
2014,156,China,X,Export,124,Canada,8517,Phones & Communication Devices,1875368641.0,5621875.0,0.0,2026-05-11T15:52:00.617319,2026-05-11T15:52:53.904347+00:00
2014,156,China,X,Export,132,Unknown,8517,Phones & Communication Devices,2771526.0,12987.0,0.0,2026-05-11T15:52:00.617322,2026-05-11T15:52:53.904347+00:00
2014,156,China,X,Export,140,Unknown,8517,Phones & Communication Devices,1041385.0,4030.0,0.0,2026-05-11T15:52:00.617325,2026-05-11T15:52:53.904347+00:00
2014,156,China,X,Export,136,Unknown,8517,Phones & Communication Devices,212404.0,1424.0,0.0,2026-05-11T15:52:00.617329,2026-05-11T15:52:53.904347+00:00
2014,156,China,X,Export,144,Sri Lanka,8517,Phones & Communication Devices,115933644.0,599143.0,0.0,2026-05-11T15:52:00.617332,2026-05-11T15:52:53.904347+00:00
2014,156,China,X,Export,148,Unknown,8517,Phones & Communication Devices,5162484.0,54451.0,0.0,2026-05-11T15:52:00.617335,2026-05-11T15:52:53.904347+00:00
2014,156,China,X,Export,152,Chile,8517,Phones & Communication Devices,570809463.0,2123719.0,0.0,2026-05-11T15:52:00.617338,2026-05-11T15:52:53.904347+00:00
2014,156,China,X,Export,170,Colombia,8517,Phones & Communication Devices,634628055.0,1964083.0,0.0,2026-05-11T15:52:00.617341,2026-05-11T15:52:53.904347+00:00
2014,156,China,X,Export,174,Unknown,8517,Phones & Communication Devices,586116.0,16045.0,0.0,2026-05-11T15:52:00.617344,2026-05-11T15:52:53.904347+00:00
2014,156,China,X,Export,178,Unknown,8517,Phones & Communication Devices,12313591.0,81912.0,0.0,2026-05-11T15:52:00.617347,2026-05-11T15:52:53.904347+00:00
2014,156,China,X,Export,180,Unknown,8517,Phones & Communication Devices,29393264.0,219097.0,0.0,2026-05-11T15:52:00.617351,2026-05-11T15:52:53.904347+00:00
2014,156,China,X,Export,184,Unknown,8517,Phones & Communication Devices,25121.0,103.0,0.0,2026-05-11T15:52:00.617354,2026-05-11T15:52:53.904347+00:00
2014,156,China,X,Export,188,Unknown,8517,Phones & Communication Devices,76022927.0,253277.0,0.0,2026-05-11T15:52:00.617357,2026-05-11T15:52:53.904347+00:00
2014,156,China,X,Export,191,Croatia,8517,Phones & Communication Devices,44251845.0,266591.0,0.0,2026-05-11T15:52:00.617360,2026-05-11T15:52:53.904347+00:00
2014,156,China,X,Export,192,Unknown,8517,Phones & Communication Devices,31537611.0,165603.0,0.0,2026-05-11T15:52:00.617363,2026-05-11T15:52:53.904347+00:00
2014,156,China,X,Export,196,Cyprus,8517,Phones & Communication Devices,36700467.0,82356.0,0.0,2026-05-11T15:52:00.617366,2026-05-11T15:52:53.904347+00:00
2014,156,China,X,Export,203,Czech Republic,8517,Phones & Communication Devices,1125293012.0,5415930.0,0.0,2026-05-11T15:52:00.617369,2026-05-11T15:52:53.904347+00:00
2014,156,China,X,Export,204,Unknown,8517,Phones & Communication Devices,7374194.0,31577.0,0.0,2026-05-11T15:52:00.617372,2026-05-11T15:52:53.904347+00:00
2014,156,China,X,Export,208,Denmark,8517,Phones & Communication Devices,80598914.0,654434.0,0.0,2026-05-11T15:52:00.617375,2026-05-11T15:52:53.904347+00:00
2014,156,China,X,Export,212,Unknown,8517,Phones & Communication Devices,817172.0,5796.0,0.0,2026-05-11T15:52:00.617378,2026-05-11T15:52:53.904347+00:00
2014,156,China,X,Export,214,Unknown,8517,Phones & Communication Devices,63418020.0,236299.0,0.0,2026-05-11T15:52:00.617383,2026-05-11T15:52:53.904347+00:00
2014,156,China,X,Export,218,Ecuador,8517,Phones & Communication Devices,105882540.0,593682.0,0.0,2026-05-11T15:52:00.617386,2026-05-11T15:52:53.904347+00:00
2014,156,China,X,Export,222,Unknown,8517,Phones & Communication Devices,25097246.0,119264.0,0.0,2026-05-11T15:52:00.617389,2026-05-11T15:52:53.904347+00:00
2014,156,China,X,Export,226,Unknown,8517,Phones & Communication Devices,14218967.0,63471.0,0.0,2026-05-11T15:52:00.617391,2026-05-11T15:52:53.904347+00:00
2014,156,China,X,Export,231,Ethiopia,8517,Phones & Communication Devices,275618630.0,1768262.0,0.0,2026-05-11T15:52:00.617394,2026-05-11T15:52:53.904347+00:00
2014,156,China,X,Export,232,Unknown,8517,Phones & Communication Devices,248164.0,379.0,0.0,2026-05-11T15:52:00.617397,2026-05-11T15:52:53.904347+00:00
2014,156,China,X,Export,233,Unknown,8517,Phones & Communication Devices,202242564.0,7677628.0,0.0,2026-05-11T15:52:00.617400,2026-05-11T15:52:53.904347+00:00
2014,156,China,X,Export,234,Unknown,8517,Phones & Communication Devices,1350.0,5.0,0.0,2026-05-11T15:52:00.617403,2026-05-11T15:52:53.904347+00:00
2014,156,China,X,Export,242,Unknown,8517,Phones & Communication Devices,15223858.0,106726.0,0.0,2026-05-11T15:52:00.617406,2026-05-11T15:52:53.904347+00:00
2014,156,China,X,Export,246,Finland,8517,Phones & Communication Devices,407466539.0,4164202.0,0.0,2026-05-11T15:52:00.617409,2026-05-11T15:52:53.904347+00:00
2014,156,China,X,Export,251,Unknown,8517,Phones & Communication Devices,1596415962.0,9194833.0,0.0,2026-05-11T15:52:00.617413,2026-05-11T15:52:53.904347+00:00
2014,156,China,X,Export,258,Unknown,8517,Phones & Communication Devices,202829.0,1014.0,0.0,2026-05-11T15:52:00.617416,2026-05-11T15:52:53.904347+00:00
2014,156,China,X,Export,262,Unknown,8517,Phones & Communication Devices,7034168.0,113147.0,0.0,2026-05-11T15:52:00.617419,2026-05-11T15:52:53.904347+00:00
2014,156,China,X,Export,266,Unknown,8517,Phones & Communication Devices,7413896.0,70097.0,0.0,2026-05-11T15:52:00.617422,2026-05-11T15:52:53.904347+00:00
2014,156,China,X,Export,268,Unknown,8517,Phones & Communication Devices,38954244.0,238443.0,0.0,2026-05-11T15:52:00.617425,2026-05-11T15:52:53.904347+00:00
2014,156,China,X,Export,270,Unknown,8517,Phones & Communication Devices,6122601.0,22623.0,0.0,2026-05-11T15:52:00.617428,2026-05-11T15:52:53.904347+00:00
2014,156,China,X,Export,275,Unknown,8517,Phones & Communication Devices,519640.0,4903.0,0.0,2026-05-11T15:52:00.617431,2026-05-11T15:52:53.904347+00:00
2014,156,China,X,Export,276,Germany,8517,Phones & Communication Devices,3077953884.0,13881567.0,0.0,2026-05-11T15:52:00.617434,2026-05-11T15:52:53.904347+00:00
2014,156,China,X,Export,288,Ghana,8517,Phones & Communication Devices,74333488.0,533780.0,0.0,2026-05-11T15:52:00.617437,2026-05-11T15:52:53.904347+00:00
2014,156,China,X,Export,292,Unknown,8517,Phones & Communication Devices,59305.0,2523.0,0.0,2026-05-11T15:52:00.617440,2026-05-11T15:52:53.904347+00:00
2014,156,China,X,Export,296,Unknown,8517,Phones & Communication Devices,20639.0,446.0,0.0,2026-05-11T15:52:00.617446,2026-05-11T15:52:53.904347+00:00
2014,156,China,X,Export,300,Greece,8517,Phones & Communication Devices,125178714.0,692758.0,0.0,2026-05-11T15:52:00.617449,2026-05-11T15:52:53.904347+00:00
2014,156,China,X,Export,304,Unknown,8517,Phones & Communication Devices,654729.0,2693.0,0.0,2026-05-11T15:52:00.617452,2026-05-11T15:52:53.904347+00:00
2014,156,China,X,Export,308,Unknown,8517,Phones & Communication Devices,403624.0,1975.0,0.0,2026-05-11T15:52:00.617455,2026-05-11T15:52:53.904347+00:00
2014,156,China,X,Export,320,Unknown,8517,Phones & Communication Devices,98243156.0,330824.0,0.0,2026-05-11T15:52:00.617458,2026-05-11T15:52:53.904347+00:00
2014,156,China,X,Export,324,Unknown,8517,Phones & Communication Devices,35797577.0,223942.0,0.0,2026-05-11T15:52:00.617460,2026-05-11T15:52:53.904347+00:00
2014,156,China,X,Export,328,Unknown,8517,Phones & Communication Devices,1134822.0,10765.0,0.0,2026-05-11T15:52:00.617463,2026-05-11T15:52:53.904347+00:00
2014,156,China,X,Export,332,Unknown,8517,Phones & Communication Devices,12999797.0,29483.0,0.0,2026-05-11T15:52:00.617466,2026-05-11T15:52:53.904347+00:00
2014,156,China,X,Export,340,Unknown,8517,Phones & Communication Devices,32388631.0,133246.0,0.0,2026-05-11T15:52:00.617469,2026-05-11T15:52:53.904347+00:00
2014,156,China,X,Export,344,Unknown,8517,Phones & Communication Devices,57809126693.0,135369185.0,0.0,2026-05-11T15:52:00.617472,2026-05-11T15:52:53.904347+00:00
2014,156,China,X,Export,348,Unknown,8517,Phones & Communication Devices,2098249236.0,17009719.0,0.0,2026-05-11T15:52:00.617477,2026-05-11T15:52:53.904347+00:00
2014,156,China,X,Export,352,Unknown,8517,Phones & Communication Devices,1733872.0,8013.0,0.0,2026-05-11T15:52:00.617480,2026-05-11T15:52:53.904347+00:00
2014,156,China,X,Export,360,Indonesia,8517,Phones & Communication Devices,1917388374.0,9712113.0,0.0,2026-05-11T15:52:00.617483,2026-05-11T15:52:53.904347+00:00
2014,156,China,X,Export,364,Iran,8517,Phones & Communication Devices,746548761.0,4909052.0,0.0,2026-05-11T15:52:00.617486,2026-05-11T15:52:53.904347+00:00
2014,156,China,X,Export,368,Iraq,8517,Phones & Communication Devices,182393060.0,1259325.0,0.0,2026-05-11T15:52:00.617489,2026-05-11T15:52:53.904347+00:00
2014,156,China,X,Export,372,Ireland,8517,Phones & Communication Devices,144121074.0,443009.0,0.0,2026-05-11T15:52:00.617494,2026-05-11T15:52:53.904347+00:00
2014,156,China,X,Export,376,Israel,8517,Phones & Communication Devices,226818935.0,1929115.0,0.0,2026-05-11T15:52:00.617508,2026-05-11T15:52:53.904347+00:00
2014,156,China,X,Export,380,Italy,8517,Phones & Communication Devices,1355020314.0,5434809.0,0.0,2026-05-11T15:52:00.617511,2026-05-11T15:52:53.904347+00:00
2014,156,China,X,Export,384,Unknown,8517,Phones & Communication Devices,16891731.0,120895.0,0.0,2026-05-11T15:52:00.617514,2026-05-11T15:52:53.904347+00:00
2014,156,China,X,Export,388,Jamaica,8517,Phones & Communication Devices,3735816.0,42325.0,0.0,2026-05-11T15:52:00.617517,2026-05-11T15:52:53.904347+00:00
2014,156,China,X,Export,392,Japan,8517,Phones & Communication Devices,9598211386.0,21735809.0,0.0,2026-05-11T15:52:00.617522,2026-05-11T15:52:53.904347+00:00
2014,156,China,X,Export,398,Kazakhstan,8517,Phones & Communication Devices,269820196.0,2073115.0,0.0,2026-05-11T15:52:00.617525,2026-05-11T15:52:53.904347+00:00
2014,156,China,X,Export,400,Jordan,8517,Phones & Communication Devices,101342481.0,696704.0,0.0,2026-05-11T15:52:00.617528,2026-05-11T15:52:53.904347+00:00
2014,156,China,X,Export,404,Kenya,8517,Phones & Communication Devices,149057573.0,728767.0,0.0,2026-05-11T15:52:00.617531,2026-05-11T15:52:53.904347+00:00
2014,156,China,X,Export,408,North Korea,8517,Phones & Communication Devices,112280368.0,299948.0,0.0,2026-05-11T15:52:00.617534,2026-05-11T15:52:53.904347+00:00
2014,156,China,X,Export,410,South Korea,8517,Phones & Communication Devices,19646222114.0,33311969.0,0.0,2026-05-11T15:52:00.617537,2026-05-11T15:52:53.904347+00:00
2014,156,China,X,Export,414,Kuwait,8517,Phones & Communication Devices,259125069.0,1086106.0,0.0,2026-05-11T15:52:00.617547,2026-05-11T15:52:53.904347+00:00
2014,156,China,X,Export,417,Unknown,8517,Phones & Communication Devices,23695027.0,198787.0,0.0,2026-05-11T15:52:00.617553,2026-05-11T15:52:53.904347+00:00
2014,156,China,X,Export,418,Unknown,8517,Phones & Communication Devices,45480048.0,199071.0,0.0,2026-05-11T15:52:00.617560,2026-05-11T15:52:53.904347+00:00
2014,156,China,X,Export,422,Lebanon,8517,Phones & Communication Devices,91914792.0,662072.0,0.0,2026-05-11T15:52:00.617566,2026-05-11T15:52:53.904347+00:00
2014,156,China,X,Export,426,Unknown,8517,Phones & Communication Devices,3557070.0,31846.0,0.0,2026-05-11T15:52:00.617574,2026-05-11T15:52:53.904347+00:00
2014,156,China,X,Export,428,Unknown,8517,Phones & Communication Devices,85342470.0,457018.0,0.0,2026-05-11T15:52:00.617580,2026-05-11T15:52:53.904347+00:00
2014,156,China,X,Export,430,Unknown,8517,Phones & Communication Devices,8084662.0,21721.0,0.0,2026-05-11T15:52:00.617643,2026-05-11T15:52:53.904347+00:00
2014,156,China,X,Export,434,Unknown,8517,Phones & Communication Devices,33151257.0,221018.0,0.0,2026-05-11T15:52:00.617646,2026-05-11T15:52:53.904347+00:00
2014,156,China,X,Export,440,Unknown,8517,Phones & Communication Devices,24857871.0,264163.0,0.0,2026-05-11T15:52:00.617649,2026-05-11T15:52:53.904347+00:00
2014,156,China,X,Export,442,Unknown,8517,Phones & Communication Devices,813611346.0,1128567.0,0.0,2026-05-11T15:52:00.617652,2026-05-11T15:52:53.904347+00:00
2014,156,China,X,Export,446,Unknown,8517,Phones & Communication Devices,74941152.0,585226.0,0.0,2026-05-11T15:52:00.617655,2026-05-11T15:52:53.904347+00:00
2014,156,China,X,Export,450,Unknown,8517,Phones & Communication Devices,9657128.0,83803.0,0.0,2026-05-11T15:52:00.617658,2026-05-11T15:52:53.904347+00:00
2014,156,China,X,Export,454,Unknown,8517,Phones & Communication Devices,6919880.0,57144.0,0.0,2026-05-11T15:52:00.617661,2026-05-11T15:52:53.904347+00:00
2014,156,China,X,Export,458,Malaysia,8517,Phones & Communication Devices,1495172923.0,10303731.0,0.0,2026-05-11T15:52:00.617664,2026-05-11T15:52:53.904347+00:00
2014,156,China,X,Export,462,Unknown,8517,Phones & Communication Devices,5170423.0,48361.0,0.0,2026-05-11T15:52:00.617670,2026-05-11T15:52:53.904347+00:00
2014,156,China,X,Export,466,Unknown,8517,Phones & Communication Devices,9571828.0,61688.0,0.0,2026-05-11T15:52:00.617673,2026-05-11T15:52:53.904347+00:00
2014,156,China,X,Export,470,Unknown,8517,Phones & Communication Devices,28744359.0,174750.0,0.0,2026-05-11T15:52:00.617676,2026-05-11T15:52:53.904347+00:00
2014,156,China,X,Export,473,Unknown,8517,Phones & Communication Devices,7520.0,49.0,0.0,2026-05-11T15:52:00.617679,2026-05-11T15:52:53.904347+00:00
2014,156,China,X,Export,478,Unknown,8517,Phones & Communication Devices,5016618.0,20281.0,0.0,2026-05-11T15:52:00.617682,2026-05-11T15:52:53.904347+00:00
2014,156,China,X,Export,480,Unknown,8517,Phones & Communication Devices,44945799.0,178802.0,0.0,2026-05-11T15:52:00.617685,2026-05-11T15:52:53.904347+00:00
2014,156,China,X,Export,484,Mexico,8517,Phones & Communication Devices,3034114568.0,16169582.0,0.0,2026-05-11T15:52:00.617688,2026-05-11T15:52:53.904347+00:00
2014,156,China,X,Export,496,Unknown,8517,Phones & Communication Devices,28017608.0,323205.0,0.0,2026-05-11T15:52:00.617691,2026-05-11T15:52:53.904347+00:00
2014,156,China,X,Export,498,Unknown,8517,Phones & Communication Devices,7645032.0,50226.0,0.0,2026-05-11T15:52:00.617694,2026-05-11T15:52:53.904347+00:00
2014,156,China,X,Export,500,Unknown,8517,Phones & Communication Devices,133840.0,559.0,0.0,2026-05-11T15:52:00.617697,2026-05-11T15:52:53.904347+00:00
2014,156,China,X,Export,499,Unknown,8517,Phones & Communication Devices,5389906.0,22129.0,0.0,2026-05-11T15:52:00.617704,2026-05-11T15:52:53.904347+00:00
2014,156,China,X,Export,504,Morocco,8517,Phones & Communication Devices,109850800.0,973833.0,0.0,2026-05-11T15:52:00.617709,2026-05-11T15:52:53.904347+00:00
2014,156,China,X,Export,508,Unknown,8517,Phones & Communication Devices,79389685.0,493317.0,0.0,2026-05-11T15:52:00.617718,2026-05-11T15:52:53.904347+00:00
2014,156,China,X,Export,512,Unknown,8517,Phones & Communication Devices,54051517.0,365465.0,0.0,2026-05-11T15:52:00.617721,2026-05-11T15:52:53.904347+00:00
2014,156,China,X,Export,516,Unknown,8517,Phones & Communication Devices,15079577.0,76026.0,0.0,2026-05-11T15:52:00.617746,2026-05-11T15:52:53.904347+00:00
2014,156,China,X,Export,520,Unknown,8517,Phones & Communication Devices,233112.0,1551.0,0.0,2026-05-11T15:52:00.617753,2026-05-11T15:52:53.904347+00:00
2014,156,China,X,Export,524,Unknown,8517,Phones & Communication Devices,55438312.0,364580.0,0.0,2026-05-11T15:52:00.617760,2026-05-11T15:52:53.904347+00:00
2014,156,China,X,Export,527,Unknown,8517,Phones & Communication Devices,49284.0,488.0,0.0,2026-05-11T15:52:00.617766,2026-05-11T15:52:53.904347+00:00
2014,156,China,X,Export,528,Netherlands,8517,Phones & Communication Devices,7543753648.0,31170870.0,0.0,2026-05-11T15:52:00.617773,2026-05-11T15:52:53.904347+00:00
2014,156,China,X,Export,531,Unknown,8517,Phones & Communication Devices,736204.0,5185.0,0.0,2026-05-11T15:52:00.617778,2026-05-11T15:52:53.904347+00:00
2014,156,China,X,Export,533,Unknown,8517,Phones & Communication Devices,242955.0,917.0,0.0,2026-05-11T15:52:00.617788,2026-05-11T15:52:53.904347+00:00
2014,156,China,X,Export,540,Unknown,8517,Phones & Communication Devices,314763.0,13636.0,0.0,2026-05-11T15:52:00.617793,2026-05-11T15:52:53.904347+00:00
2014,156,China,X,Export,548,Unknown,8517,Phones & Communication Devices,1212212.0,5367.0,0.0,2026-05-11T15:52:00.617799,2026-05-11T15:52:53.904347+00:00
2014,156,China,X,Export,554,New Zealand,8517,Phones & Communication Devices,157938219.0,1157823.0,0.0,2026-05-11T15:52:00.617804,2026-05-11T15:52:53.904347+00:00
2014,156,China,X,Export,558,Unknown,8517,Phones & Communication Devices,21891426.0,79931.0,0.0,2026-05-11T15:52:00.617810,2026-05-11T15:52:53.904347+00:00
2014,156,China,X,Export,562,Unknown,8517,Phones & Communication Devices,2457911.0,34820.0,0.0,2026-05-11T15:52:00.617818,2026-05-11T15:52:53.904347+00:00
2014,156,China,X,Export,566,Nigeria,8517,Phones & Communication Devices,324309054.0,1767231.0,0.0,2026-05-11T15:52:00.617823,2026-05-11T15:52:53.904347+00:00
2014,156,China,X,Export,577,Unknown,8517,Phones & Communication Devices,248.0,2.0,0.0,2026-05-11T15:52:00.617829,2026-05-11T15:52:53.904347+00:00
2014,156,China,X,Export,579,Unknown,8517,Phones & Communication Devices,88086445.0,246171.0,0.0,2026-05-11T15:52:00.617835,2026-05-11T15:52:53.904347+00:00
2014,156,China,X,Export,585,Unknown,8517,Phones & Communication Devices,1307921.0,6153.0,0.0,2026-05-11T15:52:00.617840,2026-05-11T15:52:53.904347+00:00
2014,156,China,X,Export,586,Pakistan,8517,Phones & Communication Devices,805812963.0,3700335.0,0.0,2026-05-11T15:52:00.617851,2026-05-11T15:52:53.904347+00:00
2014,156,China,X,Export,591,Unknown,8517,Phones & Communication Devices,78369418.0,709864.0,0.0,2026-05-11T15:52:00.617859,2026-05-11T15:52:53.904347+00:00
2014,156,China,X,Export,598,Unknown,8517,Phones & Communication Devices,14300060.0,59340.0,0.0,2026-05-11T15:52:00.617865,2026-05-11T15:52:53.904347+00:00
2014,156,China,X,Export,600,Unknown,8517,Phones & Communication Devices,93372215.0,772103.0,0.0,2026-05-11T15:52:00.617870,2026-05-11T15:52:53.904347+00:00
2014,156,China,X,Export,604,Peru,8517,Phones & Communication Devices,416605035.0,2016716.0,0.0,2026-05-11T15:52:00.617876,2026-05-11T15:52:53.904347+00:00
2014,156,China,X,Export,608,Philippines,8517,Phones & Communication Devices,680722818.0,2973158.0,0.0,2026-05-11T15:52:00.617881,2026-05-11T15:52:53.904347+00:00
2014,156,China,X,Export,616,Poland,8517,Phones & Communication Devices,809111925.0,7157167.0,0.0,2026-05-11T15:52:00.617887,2026-05-11T15:52:53.904347+00:00
2014,156,China,X,Export,620,Portugal,8517,Phones & Communication Devices,189685471.0,901741.0,0.0,2026-05-11T15:52:00.617893,2026-05-11T15:52:53.904347+00:00
2014,156,China,X,Export,624,Unknown,8517,Phones & Communication Devices,156152.0,7925.0,0.0,2026-05-11T15:52:00.617899,2026-05-11T15:52:53.904347+00:00
2014,156,China,X,Export,626,Unknown,8517,Phones & Communication Devices,3311301.0,27476.0,0.0,2026-05-11T15:52:00.617905,2026-05-11T15:52:53.904347+00:00
2014,156,China,X,Export,634,Qatar,8517,Phones & Communication Devices,96818649.0,545610.0,0.0,2026-05-11T15:52:00.617913,2026-05-11T15:52:53.904347+00:00
2014,156,China,X,Export,637,Unknown,8517,Phones & Communication Devices,98448.0,241.0,0.0,2026-05-11T15:52:00.617919,2026-05-11T15:52:53.904347+00:00
2014,156,China,X,Export,642,Romania,8517,Phones & Communication Devices,325980166.0,2991524.0,0.0,2026-05-11T15:52:00.617925,2026-05-11T15:52:53.904347+00:00
2014,156,China,X,Export,643,Russia,8517,Phones & Communication Devices,3221753918.0,14731855.0,0.0,2026-05-11T15:52:00.617930,2026-05-11T15:52:53.904347+00:00
2014,156,China,X,Export,646,Unknown,8517,Phones & Communication Devices,5190471.0,18294.0,0.0,2026-05-11T15:52:00.617936,2026-05-11T15:52:53.904347+00:00
2014,156,China,X,Export,659,Unknown,8517,Phones & Communication Devices,46643.0,690.0,0.0,2026-05-11T15:52:00.617941,2026-05-11T15:52:53.904347+00:00
2014,156,China,X,Export,662,Unknown,8517,Phones & Communication Devices,255641.0,1979.0,0.0,2026-05-11T15:52:00.617947,2026-05-11T15:52:53.904347+00:00
2014,156,China,X,Export,666,Unknown,8517,Phones & Communication Devices,214022.0,893.0,0.0,2026-05-11T15:52:00.617953,2026-05-11T15:52:53.904347+00:00
2014,156,China,X,Export,674,Unknown,8517,Phones & Communication Devices,40465.0,178.0,0.0,2026-05-11T15:52:00.617959,2026-05-11T15:52:53.904347+00:00
2014,156,China,X,Export,670,Unknown,8517,Phones & Communication Devices,415746.0,4215.0,0.0,2026-05-11T15:52:00.617965,2026-05-11T15:52:53.904347+00:00
2014,156,China,X,Export,678,Unknown,8517,Phones & Communication Devices,523040.0,2136.0,0.0,2026-05-11T15:52:00.617974,2026-05-11T15:52:53.904347+00:00
2014,156,China,X,Export,682,Saudi Arabia,8517,Phones & Communication Devices,773042148.0,3918990.0,0.0,2026-05-11T15:52:00.617980,2026-05-11T15:52:53.904347+00:00
2014,156,China,X,Export,686,Unknown,8517,Phones & Communication Devices,10962834.0,74773.0,0.0,2026-05-11T15:52:00.617986,2026-05-11T15:52:53.904347+00:00
2014,156,China,X,Export,688,Unknown,8517,Phones & Communication Devices,51965812.0,145426.0,0.0,2026-05-11T15:52:00.617992,2026-05-11T15:52:53.904347+00:00
2014,156,China,X,Export,690,Unknown,8517,Phones & Communication Devices,1392385.0,5157.0,0.0,2026-05-11T15:52:00.617998,2026-05-11T15:52:53.904347+00:00
2014,156,China,X,Export,694,Unknown,8517,Phones & Communication Devices,1266728.0,4055.0,0.0,2026-05-11T15:52:00.618003,2026-05-11T15:52:53.904347+00:00
2014,156,China,X,Export,699,Unknown,8517,Phones & Communication Devices,3421026403.0,23763718.0,0.0,2026-05-11T15:52:00.618010,2026-05-11T15:52:53.904347+00:00
2014,156,China,X,Export,702,Unknown,8517,Phones & Communication Devices,2060500114.0,8578404.0,0.0,2026-05-11T15:52:00.618015,2026-05-11T15:52:53.904347+00:00
2014,156,China,X,Export,703,Unknown,8517,Phones & Communication Devices,148343837.0,517680.0,0.0,2026-05-11T15:52:00.618021,2026-05-11T15:52:53.904347+00:00
2014,156,China,X,Export,704,Vietnam,8517,Phones & Communication Devices,4330065401.0,12032688.0,0.0,2026-05-11T15:52:00.618027,2026-05-11T15:52:53.904347+00:00
2014,156,China,X,Export,705,Unknown,8517,Phones & Communication Devices,30789837.0,219502.0,0.0,2026-05-11T15:52:00.618036,2026-05-11T15:52:53.904347+00:00
2014,156,China,X,Export,706,Unknown,8517,Phones & Communication Devices,13392600.0,85738.0,0.0,2026-05-11T15:52:00.618041,2026-05-11T15:52:53.904347+00:00
2014,156,China,X,Export,710,South Africa,8517,Phones & Communication Devices,771270558.0,3468643.0,0.0,2026-05-11T15:52:00.618047,2026-05-11T15:52:53.904347+00:00
2014,156,China,X,Export,716,Zimbabwe,8517,Phones & Communication Devices,51071569.0,248827.0,0.0,2026-05-11T15:52:00.618052,2026-05-11T15:52:53.904347+00:00
2014,156,China,X,Export,724,Spain,8517,Phones & Communication Devices,1378557264.0,5614434.0,0.0,2026-05-11T15:52:00.618058,2026-05-11T15:52:53.904347+00:00
2014,156,China,X,Export,728,Unknown,8517,Phones & Communication Devices,1861309.0,10454.0,0.0,2026-05-11T15:52:00.618064,2026-05-11T15:52:53.904347+00:00
2014,156,China,X,Export,729,Unknown,8517,Phones & Communication Devices,36460885.0,230241.0,0.0,2026-05-11T15:52:00.618069,2026-05-11T15:52:53.904347+00:00
2014,156,China,X,Export,740,Unknown,8517,Phones & Communication Devices,3067701.0,36755.0,0.0,2026-05-11T15:52:00.618075,2026-05-11T15:52:53.904347+00:00
2014,156,China,X,Export,748,Unknown,8517,Phones & Communication Devices,907217.0,3846.0,0.0,2026-05-11T15:52:00.618081,2026-05-11T15:52:53.904347+00:00
2014,156,China,X,Export,752,Sweden,8517,Phones & Communication Devices,623387755.0,4451038.0,0.0,2026-05-11T15:52:00.618086,2026-05-11T15:52:53.904347+00:00
2014,156,China,X,Export,757,Unknown,8517,Phones & Communication Devices,198748566.0,714754.0,0.0,2026-05-11T15:52:00.618094,2026-05-11T15:52:53.904347+00:00
2014,156,China,X,Export,760,Unknown,8517,Phones & Communication Devices,23503152.0,136069.0,0.0,2026-05-11T15:52:00.618100,2026-05-11T15:52:53.904347+00:00
2014,156,China,X,Export,762,Unknown,8517,Phones & Communication Devices,21925532.0,141205.0,0.0,2026-05-11T15:52:00.618105,2026-05-11T15:52:53.904347+00:00
2014,156,China,X,Export,764,Thailand,8517,Phones & Communication Devices,1503748271.0,10172462.0,0.0,2026-05-11T15:52:00.618111,2026-05-11T15:52:53.904347+00:00
2014,156,China,X,Export,768,Unknown,8517,Phones & Communication Devices,23290535.0,104769.0,0.0,2026-05-11T15:52:00.618119,2026-05-11T15:52:53.904347+00:00
2014,156,China,X,Export,776,Unknown,8517,Phones & Communication Devices,757642.0,5335.0,0.0,2026-05-11T15:52:00.618125,2026-05-11T15:52:53.904347+00:00
2014,156,China,X,Export,780,Unknown,8517,Phones & Communication Devices,8600283.0,107951.0,0.0,2026-05-11T15:52:00.618133,2026-05-11T15:52:53.904347+00:00
2014,156,China,X,Export,784,UAE,8517,Phones & Communication Devices,3244643360.0,13452566.0,0.0,2026-05-11T15:52:00.618138,2026-05-11T15:52:53.904347+00:00
2014,156,China,X,Export,788,Unknown,8517,Phones & Communication Devices,71976412.0,350474.0,0.0,2026-05-11T15:52:00.618144,2026-05-11T15:52:53.904347+00:00
2014,156,China,X,Export,792,Turkey,8517,Phones & Communication Devices,1021573715.0,2808595.0,0.0,2026-05-11T15:52:00.618150,2026-05-11T15:52:53.904347+00:00
2014,156,China,X,Export,795,Unknown,8517,Phones & Communication Devices,19527774.0,126804.0,0.0,2026-05-11T15:52:00.618157,2026-05-11T15:52:53.904347+00:00
2014,156,China,X,Export,796,Unknown,8517,Phones & Communication Devices,7198.0,30.0,0.0,2026-05-11T15:52:00.618163,2026-05-11T15:52:53.904347+00:00
2014,156,China,X,Export,800,Uganda,8517,Phones & Communication Devices,30589779.0,186285.0,0.0,2026-05-11T15:52:00.618169,2026-05-11T15:52:53.904347+00:00
2014,156,China,X,Export,804,Ukraine,8517,Phones & Communication Devices,288385926.0,1240831.0,0.0,2026-05-11T15:52:00.618174,2026-05-11T15:52:53.904347+00:00
2014,156,China,X,Export,807,Unknown,8517,Phones & Communication Devices,15673514.0,56224.0,0.0,2026-05-11T15:52:00.618180,2026-05-11T15:52:53.904347+00:00
2014,156,China,X,Export,818,Egypt,8517,Phones & Communication Devices,376748381.0,1998245.0,0.0,2026-05-11T15:52:00.618187,2026-05-11T15:52:53.904347+00:00
2014,156,China,X,Export,826,United Kingdom,8517,Phones & Communication Devices,3198162670.0,14169158.0,0.0,2026-05-11T15:52:00.618192,2026-05-11T15:52:53.904347+00:00
2014,156,China,X,Export,834,Unknown,8517,Phones & Communication Devices,70545753.0,408286.0,0.0,2026-05-11T15:52:00.618198,2026-05-11T15:52:53.904347+00:00
2014,156,China,X,Export,842,Unknown,8517,Phones & Communication Devices,35038673244.0,113420259.0,0.0,2026-05-11T15:52:00.618204,2026-05-11T15:52:53.904347+00:00
2014,156,China,X,Export,854,Unknown,8517,Phones & Communication Devices,3805620.0,35933.0,0.0,2026-05-11T15:52:00.618209,2026-05-11T15:52:53.904347+00:00
2014,156,China,X,Export,858,Unknown,8517,Phones & Communication Devices,75835223.0,453746.0,0.0,2026-05-11T15:52:00.618217,2026-05-11T15:52:53.904347+00:00
2014,156,China,X,Export,860,Unknown,8517,Phones & Communication Devices,126712197.0,612921.0,0.0,2026-05-11T15:52:00.618224,2026-05-11T15:52:53.904347+00:00
2014,156,China,X,Export,862,Unknown,8517,Phones & Communication Devices,506908575.0,1866662.0,0.0,2026-05-11T15:52:00.618230,2026-05-11T15:52:53.904347+00:00
2014,156,China,X,Export,882,Unknown,8517,Phones & Communication Devices,929108.0,4703.0,0.0,2026-05-11T15:52:00.618234,2026-05-11T15:52:53.904347+00:00
2014,156,China,X,Export,887,Yemen,8517,Phones & Communication Devices,26867911.0,158616.0,0.0,2026-05-11T15:52:00.618236,2026-05-11T15:52:53.904347+00:00
2014,156,China,X,Export,894,Zambia,8517,Phones & Communication Devices,21924310.0,131919.0,0.0,2026-05-11T15:52:00.618239,2026-05-11T15:52:53.904347+00:00
2014,156,China,M,Import,36,Australia,8517,Phones & Communication Devices,19141068.0,35060.0,0.0,2026-05-11T15:52:00.618242,2026-05-11T15:52:53.904347+00:00
2014,156,China,M,Import,40,Austria,8517,Phones & Communication Devices,29570837.0,272722.0,0.0,2026-05-11T15:52:00.618245,2026-05-11T15:52:53.904347+00:00
2014,156,China,M,Import,44,Unknown,8517,Phones & Communication Devices,1300.0,5.0,0.0,2026-05-11T15:52:00.618248,2026-05-11T15:52:53.904347+00:00
2014,156,China,M,Import,56,Belgium,8517,Phones & Communication Devices,14460737.0,39048.0,0.0,2026-05-11T15:52:00.618251,2026-05-11T15:52:53.904347+00:00
2014,156,China,M,Import,64,Bhutan,8517,Phones & Communication Devices,2783.0,10.0,0.0,2026-05-11T15:52:00.618256,2026-05-11T15:52:53.904347+00:00
2014,156,China,M,Import,76,Brazil,8517,Phones & Communication Devices,5794319.0,25655.0,0.0,2026-05-11T15:52:00.618259,2026-05-11T15:52:53.904347+00:00
2014,156,China,M,Import,100,Bulgaria,8517,Phones & Communication Devices,158882.0,4354.0,0.0,2026-05-11T15:52:00.618262,2026-05-11T15:52:53.904347+00:00
2014,156,China,M,Import,104,Unknown,8517,Phones & Communication Devices,1484228.0,8692.0,0.0,2026-05-11T15:52:00.618265,2026-05-11T15:52:53.904347+00:00
2014,156,China,M,Import,124,Canada,8517,Phones & Communication Devices,49600749.0,102471.0,0.0,2026-05-11T15:52:00.618268,2026-05-11T15:52:53.904347+00:00
2014,156,China,M,Import,156,China,8517,Phones & Communication Devices,23465791286.0,56045311.0,0.0,2026-05-11T15:52:00.618271,2026-05-11T15:52:53.904347+00:00
2014,156,China,M,Import,188,Unknown,8517,Phones & Communication Devices,721300.0,2479.0,0.0,2026-05-11T15:52:00.618274,2026-05-11T15:52:53.904347+00:00
2014,156,China,M,Import,191,Croatia,8517,Phones & Communication Devices,2966.0,11.0,0.0,2026-05-11T15:52:00.618277,2026-05-11T15:52:53.904347+00:00
2014,156,China,M,Import,196,Cyprus,8517,Phones & Communication Devices,6901.0,25.0,0.0,2026-05-11T15:52:00.618279,2026-05-11T15:52:53.904347+00:00
2014,156,China,M,Import,203,Czech Republic,8517,Phones & Communication Devices,56730054.0,271583.0,0.0,2026-05-11T15:52:00.618282,2026-05-11T15:52:53.904347+00:00
2014,156,China,M,Import,208,Denmark,8517,Phones & Communication Devices,24358031.0,163538.0,0.0,2026-05-11T15:52:00.618287,2026-05-11T15:52:53.904347+00:00
2014,156,China,M,Import,222,Unknown,8517,Phones & Communication Devices,3621.0,10.0,0.0,2026-05-11T15:52:00.618290,2026-05-11T15:52:53.904347+00:00
2014,156,China,M,Import,233,Unknown,8517,Phones & Communication Devices,20014856.0,68588.0,0.0,2026-05-11T15:52:00.618293,2026-05-11T15:52:53.904347+00:00
2014,156,China,M,Import,234,Unknown,8517,Phones & Communication Devices,245469.0,561.0,0.0,2026-05-11T15:52:00.618296,2026-05-11T15:52:53.904347+00:00
2014,156,China,M,Import,246,Finland,8517,Phones & Communication Devices,122521590.0,778588.0,0.0,2026-05-11T15:52:00.618299,2026-05-11T15:52:53.904347+00:00
2014,156,China,M,Import,251,Unknown,8517,Phones & Communication Devices,178236447.0,323259.0,0.0,2026-05-11T15:52:00.618302,2026-05-11T15:52:53.904347+00:00
2014,156,China,M,Import,288,Ghana,8517,Phones & Communication Devices,700.0,2.0,0.0,2026-05-11T15:52:00.618305,2026-05-11T15:52:53.904347+00:00
2014,156,China,M,Import,300,Greece,8517,Phones & Communication Devices,27040.0,86.0,0.0,2026-05-11T15:52:00.618309,2026-05-11T15:52:53.904347+00:00
2014,156,China,M,Import,340,Unknown,8517,Phones & Communication Devices,1323.0,7.0,0.0,2026-05-11T15:52:00.618311,2026-05-11T15:52:53.904347+00:00
2014,156,China,M,Import,344,Unknown,8517,Phones & Communication Devices,658308932.0,1400944.0,0.0,2026-05-11T15:52:00.618314,2026-05-11T15:52:53.904347+00:00
2014,156,China,M,Import,348,Unknown,8517,Phones & Communication Devices,10300536.0,108151.0,0.0,2026-05-11T15:52:00.618321,2026-05-11T15:52:53.904347+00:00
2014,156,China,M,Import,352,Unknown,8517,Phones & Communication Devices,7273.0,19.0,0.0,2026-05-11T15:52:00.618324,2026-05-11T15:52:53.904347+00:00
2014,156,China,M,Import,360,Indonesia,8517,Phones & Communication Devices,11886669.0,69483.0,0.0,2026-05-11T15:52:00.618327,2026-05-11T15:52:53.904347+00:00
2014,156,China,M,Import,364,Iran,8517,Phones & Communication Devices,11986.0,113.0,0.0,2026-05-11T15:52:00.618330,2026-05-11T15:52:53.904347+00:00
2014,156,China,M,Import,372,Ireland,8517,Phones & Communication Devices,4751148.0,17271.0,0.0,2026-05-11T15:52:00.618333,2026-05-11T15:52:53.904347+00:00
2014,156,China,M,Import,376,Israel,8517,Phones & Communication Devices,92316203.0,346081.0,0.0,2026-05-11T15:52:00.618336,2026-05-11T15:52:53.904347+00:00
2014,156,China,M,Import,380,Italy,8517,Phones & Communication Devices,47604515.0,192199.0,0.0,2026-05-11T15:52:00.618339,2026-05-11T15:52:53.904347+00:00
2014,156,China,M,Import,392,Japan,8517,Phones & Communication Devices,2610628765.0,1172637.0,0.0,2026-05-11T15:52:00.618343,2026-05-11T15:52:53.904347+00:00
2014,156,China,M,Import,410,South Korea,8517,Phones & Communication Devices,8913037690.0,13825164.0,0.0,2026-05-11T15:52:00.618346,2026-05-11T15:52:53.904347+00:00
2014,156,China,M,Import,428,Unknown,8517,Phones & Communication Devices,2797123.0,10736.0,0.0,2026-05-11T15:52:00.618349,2026-05-11T15:52:53.904347+00:00
2014,156,China,M,Import,440,Unknown,8517,Phones & Communication Devices,85053.0,251.0,0.0,2026-05-11T15:52:00.618354,2026-05-11T15:52:53.904347+00:00
2014,156,China,M,Import,442,Unknown,8517,Phones & Communication Devices,47177.0,246.0,0.0,2026-05-11T15:52:00.618357,2026-05-11T15:52:53.904347+00:00
2014,156,China,M,Import,458,Malaysia,8517,Phones & Communication Devices,966664469.0,2053227.0,0.0,2026-05-11T15:52:00.618360,2026-05-11T15:52:53.904347+00:00
2014,156,China,M,Import,470,Unknown,8517,Phones & Communication Devices,2386.0,9.0,0.0,2026-05-11T15:52:00.618363,2026-05-11T15:52:53.904347+00:00
2014,156,China,M,Import,484,Mexico,8517,Phones & Communication Devices,278659406.0,874332.0,0.0,2026-05-11T15:52:00.618366,2026-05-11T15:52:53.904347+00:00
2014,156,China,M,Import,490,Unknown,8517,Phones & Communication Devices,2702754999.0,8829289.0,0.0,2026-05-11T15:52:00.618369,2026-05-11T15:52:53.904347+00:00
2014,156,China,M,Import,504,Morocco,8517,Phones & Communication Devices,155036.0,345.0,0.0,2026-05-11T15:52:00.618371,2026-05-11T15:52:53.904347+00:00
2014,156,China,M,Import,528,Netherlands,8517,Phones & Communication Devices,4465037.0,21286.0,0.0,2026-05-11T15:52:00.618374,2026-05-11T15:52:53.904347+00:00
2014,156,China,M,Import,554,New Zealand,8517,Phones & Communication Devices,3655834.0,6971.0,0.0,2026-05-11T15:52:00.618379,2026-05-11T15:52:53.904347+00:00
2014,156,China,M,Import,579,Unknown,8517,Phones & Communication Devices,21852634.0,96779.0,0.0,2026-05-11T15:52:00.618382,2026-05-11T15:52:53.904347+00:00
2014,156,China,M,Import,591,Unknown,8517,Phones & Communication Devices,4040.0,14.0,0.0,2026-05-11T15:52:00.618387,2026-05-11T15:52:53.904347+00:00
2014,156,China,M,Import,608,Philippines,8517,Phones & Communication Devices,581684285.0,764878.0,0.0,2026-05-11T15:52:00.618390,2026-05-11T15:52:53.904347+00:00
2014,156,China,M,Import,616,Poland,8517,Phones & Communication Devices,117207595.0,813644.0,0.0,2026-05-11T15:52:00.618392,2026-05-11T15:52:53.904347+00:00
2014,156,China,M,Import,620,Portugal,8517,Phones & Communication Devices,1860246.0,10599.0,0.0,2026-05-11T15:52:00.618395,2026-05-11T15:52:53.904347+00:00
2014,156,China,M,Import,642,Romania,8517,Phones & Communication Devices,36203881.0,188014.0,0.0,2026-05-11T15:52:00.618398,2026-05-11T15:52:53.904347+00:00
2014,156,China,M,Import,643,Russia,8517,Phones & Communication Devices,1097704.0,4842.0,0.0,2026-05-11T15:52:00.618401,2026-05-11T15:52:53.904347+00:00
2014,156,China,M,Import,688,Unknown,8517,Phones & Communication Devices,5830.0,14.0,0.0,2026-05-11T15:52:00.618404,2026-05-11T15:52:53.904347+00:00
2014,156,China,M,Import,699,Unknown,8517,Phones & Communication Devices,80937637.0,1541080.0,0.0,2026-05-11T15:52:00.618407,2026-05-11T15:52:53.904347+00:00
2014,156,China,M,Import,702,Unknown,8517,Phones & Communication Devices,154189782.0,259289.0,0.0,2026-05-11T15:52:00.618410,2026-05-11T15:52:53.904347+00:00
2014,156,China,M,Import,703,Unknown,8517,Phones & Communication Devices,4511415.0,51603.0,0.0,2026-05-11T15:52:00.618412,2026-05-11T15:52:53.904347+00:00
2014,156,China,M,Import,704,Vietnam,8517,Phones & Communication Devices,830164225.0,2748557.0,0.0,2026-05-11T15:52:00.618417,2026-05-11T15:52:53.904347+00:00
2014,156,China,M,Import,705,Unknown,8517,Phones & Communication Devices,399601.0,821.0,0.0,2026-05-11T15:52:00.618420,2026-05-11T15:52:53.904347+00:00
2014,156,China,M,Import,710,South Africa,8517,Phones & Communication Devices,762918.0,5124.0,0.0,2026-05-11T15:52:00.618423,2026-05-11T15:52:53.904347+00:00
2014,156,China,M,Import,724,Spain,8517,Phones & Communication Devices,6695291.0,96573.0,0.0,2026-05-11T15:52:00.618426,2026-05-11T15:52:53.904347+00:00
2014,156,China,M,Import,752,Sweden,8517,Phones & Communication Devices,118057225.0,374866.0,0.0,2026-05-11T15:52:00.618439,2026-05-11T15:52:53.904347+00:00
2014,156,China,M,Import,757,Unknown,8517,Phones & Communication Devices,18129366.0,60669.0,0.0,2026-05-11T15:52:00.618443,2026-05-11T15:52:53.904347+00:00
2014,156,China,M,Import,764,Thailand,8517,Phones & Communication Devices,492714065.0,1248332.0,0.0,2026-05-11T15:52:00.618446,2026-05-11T15:52:53.904347+00:00
2014,156,China,M,Import,784,UAE,8517,Phones & Communication Devices,170273.0,660.0,0.0,2026-05-11T15:52:00.618449,2026-05-11T15:52:53.904347+00:00
2014,156,China,M,Import,788,Unknown,8517,Phones & Communication Devices,2150352.0,11728.0,0.0,2026-05-11T15:52:00.618452,2026-05-11T15:52:53.904347+00:00
2014,156,China,M,Import,792,Turkey,8517,Phones & Communication Devices,308179.0,122.0,0.0,2026-05-11T15:52:00.618455,2026-05-11T15:52:53.904347+00:00
2014,156,China,M,Import,795,Unknown,8517,Phones & Communication Devices,986.0,2.0,0.0,2026-05-11T15:52:00.618459,2026-05-11T15:52:53.904347+00:00
2014,156,China,M,Import,804,Ukraine,8517,Phones & Communication Devices,1531804.0,2059.0,0.0,2026-05-11T15:52:00.618462,2026-05-11T15:52:53.904347+00:00
2014,156,China,M,Import,826,United Kingdom,8517,Phones & Communication Devices,72488950.0,175615.0,0.0,2026-05-11T15:52:00.618465,2026-05-11T15:52:53.904347+00:00
2014,156,China,M,Import,842,Unknown,8517,Phones & Communication Devices,690668343.0,2054369.0,0.0,2026-05-11T15:52:00.618468,2026-05-11T15:52:53.904347+00:00
2014,156,China,M,Import,899,Unknown,8517,Phones & Communication Devices,1606867.0,22395.0,0.0,2026-05-11T15:52:00.618471,2026-05-11T15:52:53.904347+00:00
2014,156,China,M,Import,276,Germany,8517,Phones & Communication Devices,320654677.0,1856804.0,0.0,2026-05-11T15:52:00.618474,2026-05-11T15:52:53.904347+00:00
2014,156,China,M,Import,0,World,8517,Phones & Communication Devices,43854351949.0,99461967.0,0.0,2026-05-11T15:52:00.618477,2026-05-11T15:52:53.904347+00:00
2014,156,China,M,Import,12,Algeria,8517,Phones & Communication Devices,573581.0,472.0,0.0,2026-05-11T15:52:00.618480,2026-05-11T15:52:53.904347+00:00
2014,156,China,M,Import,20,Unknown,8517,Phones & Communication Devices,1937.0,62.0,0.0,2026-05-11T15:52:00.618483,2026-05-11T15:52:53.904347+00:00
2014,156,China,M,Import,32,Argentina,8517,Phones & Communication Devices,5829.0,150.0,0.0,2026-05-11T15:52:00.618486,2026-05-11T15:52:53.904347+00:00
2014,156,China,M,Import,50,Bangladesh,8517,Phones & Communication Devices,16652.0,198.0,0.0,2026-05-11T15:52:00.618490,2026-05-11T15:52:53.904347+00:00
2014,156,China,M,Import,60,Unknown,8517,Phones & Communication Devices,247.0,5.0,0.0,2026-05-11T15:52:00.618493,2026-05-11T15:52:53.904347+00:00
2014,156,China,M,Import,116,Cambodia,8517,Phones & Communication Devices,1113.0,5.0,0.0,2026-05-11T15:52:00.618496,2026-05-11T15:52:53.904347+00:00
2014,156,China,M,Import,144,Sri Lanka,8517,Phones & Communication Devices,504121.0,25.0,0.0,2026-05-11T15:52:00.618499,2026-05-11T15:52:53.904347+00:00
2014,156,China,M,Import,152,Chile,8517,Phones & Communication Devices,2095.0,4.0,0.0,2026-05-11T15:52:00.618502,2026-05-11T15:52:53.904347+00:00
2014,156,China,M,Import,170,Colombia,8517,Phones & Communication Devices,1524.0,9.0,0.0,2026-05-11T15:52:00.618505,2026-05-11T15:52:53.904347+00:00
2014,156,China,M,Import,204,Unknown,8517,Phones & Communication Devices,745.0,3.0,0.0,2026-05-11T15:52:00.618508,2026-05-11T15:52:53.904347+00:00
2014,156,China,M,Import,214,Unknown,8517,Phones & Communication Devices,1479.0,50.0,0.0,2026-05-11T15:52:00.618511,2026-05-11T15:52:53.904347+00:00
2014,156,China,M,Import,218,Ecuador,8517,Phones & Communication Devices,6407.0,39.0,0.0,2026-05-11T15:52:00.618514,2026-05-11T15:52:53.904347+00:00
2014,156,China,M,Import,368,Iraq,8517,Phones & Communication Devices,821.0,5.0,0.0,2026-05-11T15:52:00.618519,2026-05-11T15:52:53.904347+00:00
2014,156,China,M,Import,480,Unknown,8517,Phones & Communication Devices,1386.0,7.0,0.0,2026-05-11T15:52:00.618524,2026-05-11T15:52:53.904347+00:00
2014,156,China,M,Import,516,Unknown,8517,Phones & Communication Devices,1838.0,9.0,0.0,2026-05-11T15:52:00.618527,2026-05-11T15:52:53.904347+00:00
2014,156,China,M,Import,562,Unknown,8517,Phones & Communication Devices,1341.0,14.0,0.0,2026-05-11T15:52:00.618530,2026-05-11T15:52:53.904347+00:00
2014,156,China,M,Import,586,Pakistan,8517,Phones & Communication Devices,28132.0,340.0,0.0,2026-05-11T15:52:00.618533,2026-05-11T15:52:53.904347+00:00
2014,156,China,M,Import,598,Unknown,8517,Phones & Communication Devices,19397.0,131.0,0.0,2026-05-11T15:52:00.618536,2026-05-11T15:52:53.904347+00:00
2014,156,China,M,Import,634,Qatar,8517,Phones & Communication Devices,7293.0,79.0,0.0,2026-05-11T15:52:00.618539,2026-05-11T15:52:53.904347+00:00
2014,156,China,M,Import,674,Unknown,8517,Phones & Communication Devices,18678.0,10.0,0.0,2026-05-11T15:52:00.618542,2026-05-11T15:52:53.904347+00:00
2014,156,China,M,Import,682,Saudi Arabia,8517,Phones & Communication Devices,4085.0,32.0,0.0,2026-05-11T15:52:00.618544,2026-05-11T15:52:53.904347+00:00
2014,156,China,M,Import,862,Unknown,8517,Phones & Communication Devices,2766.0,44.0,0.0,2026-05-11T15:52:00.618547,2026-05-11T15:52:53.904347+00:00
2014,156,China,M,Import,694,Unknown,8517,Phones & Communication Devices,340.0,1.0,0.0,2026-05-11T15:52:00.618550,2026-05-11T15:52:53.904347+00:00
2014,156,China,M,Import,716,Zimbabwe,8517,Phones & Communication Devices,337.0,1.0,0.0,2026-05-11T15:52:00.618555,2026-05-11T15:52:53.904347+00:00
2014,156,China,M,Import,748,Unknown,8517,Phones & Communication Devices,185.0,1.0,0.0,2026-05-11T15:52:00.618558,2026-05-11T15:52:53.904347+00:00
2014,156,China,M,Import,112,Unknown,8517,Phones & Communication Devices,784.0,1.0,0.0,2026-05-11T15:52:00.618561,2026-05-11T15:52:53.904347+00:00
2014,156,China,M,Import,178,Unknown,8517,Phones & Communication Devices,20.0,1.0,0.0,2026-05-11T15:52:00.618564,2026-05-11T15:52:53.904347+00:00
2014,156,China,M,Import,446,Unknown,8517,Phones & Communication Devices,73749.0,1.0,0.0,2026-05-11T15:52:00.618567,2026-05-11T15:52:53.904347+00:00
2014,156,China,M,Import,231,Ethiopia,8517,Phones & Communication Devices,92.0,0.0,0.0,2026-05-11T15:52:00.618570,2026-05-11T15:52:53.904347+00:00
2014,156,China,M,Import,268,Unknown,8517,Phones & Communication Devices,80.0,0.0,0.0,2026-05-11T15:52:00.618573,2026-05-11T15:52:53.904347+00:00
2015,156,China,X,Export,392,Japan,8517,Phones & Communication Devices,10487523959.0,0.0,0.0,2026-05-11T15:52:00.618576,2026-05-11T15:52:53.904347+00:00
2015,156,China,X,Export,520,Unknown,8517,Phones & Communication Devices,12563.0,0.0,0.0,2026-05-11T15:52:00.618579,2026-05-11T15:52:53.904347+00:00
2015,156,China,X,Export,704,Vietnam,8517,Phones & Communication Devices,4715747916.0,0.0,0.0,2026-05-11T15:52:00.618582,2026-05-11T15:52:53.904347+00:00
2015,156,China,X,Export,340,Unknown,8517,Phones & Communication Devices,5757853.0,109751.684,0.0,2026-05-11T15:52:00.618594,2026-05-11T15:52:53.904347+00:00
2015,156,China,X,Export,344,Unknown,8517,Phones & Communication Devices,492761.0,2060.158,0.0,2026-05-11T15:52:00.618597,2026-05-11T15:52:53.904347+00:00
2015,156,China,X,Export,348,Unknown,8517,Phones & Communication Devices,1046476815.0,15173463.846,0.0,2026-05-11T15:52:00.618609,2026-05-11T15:52:53.904347+00:00
2015,156,China,X,Export,352,Unknown,8517,Phones & Communication Devices,2094102.0,7390.515,0.0,2026-05-11T15:52:00.618620,2026-05-11T15:52:53.904347+00:00
2015,156,China,X,Export,360,Indonesia,8517,Phones & Communication Devices,1514779735.0,10530178.296,0.0,2026-05-11T15:52:00.618625,2026-05-11T15:52:53.904347+00:00
2015,156,China,X,Export,364,Iran,8517,Phones & Communication Devices,478226475.0,3178982.187,0.0,2026-05-11T15:52:00.618631,2026-05-11T15:52:53.904347+00:00
2015,156,China,X,Export,368,Iraq,8517,Phones & Communication Devices,108037251.0,1308993.456,0.0,2026-05-11T15:52:00.618637,2026-05-11T15:52:53.904347+00:00
2015,156,China,X,Export,372,Ireland,8517,Phones & Communication Devices,112809425.0,436025.975,0.0,2026-05-11T15:52:00.618640,2026-05-11T15:52:53.904347+00:00
2015,156,China,X,Export,376,Israel,8517,Phones & Communication Devices,1600.0,7.227,0.0,2026-05-11T15:52:00.618643,2026-05-11T15:52:53.904347+00:00
2015,156,China,X,Export,380,Italy,8517,Phones & Communication Devices,1334548801.0,5468134.05,0.0,2026-05-11T15:52:00.618650,2026-05-11T15:52:53.904347+00:00
2015,156,China,X,Export,384,Unknown,8517,Phones & Communication Devices,13028310.0,140512.782,0.0,2026-05-11T15:52:00.618662,2026-05-11T15:52:53.904347+00:00
2015,156,China,X,Export,388,Jamaica,8517,Phones & Communication Devices,103.0,0.687,0.0,2026-05-11T15:52:00.618665,2026-05-11T15:52:53.904347+00:00
2015,156,China,X,Export,398,Kazakhstan,8517,Phones & Communication Devices,211076147.0,1278744.766,0.0,2026-05-11T15:52:00.618680,2026-05-11T15:52:53.904347+00:00
2015,156,China,X,Export,400,Jordan,8517,Phones & Communication Devices,143148251.0,1156631.957,0.0,2026-05-11T15:52:00.618688,2026-05-11T15:52:53.904347+00:00
2015,156,China,X,Export,404,Kenya,8517,Phones & Communication Devices,105856.0,442.568,0.0,2026-05-11T15:52:00.618691,2026-05-11T15:52:53.904347+00:00
2015,156,China,X,Export,408,North Korea,8517,Phones & Communication Devices,73408924.0,183787.455,0.0,2026-05-11T15:52:00.618697,2026-05-11T15:52:53.904347+00:00
2015,156,China,X,Export,410,South Korea,8517,Phones & Communication Devices,15686775837.0,28865350.433,0.0,2026-05-11T15:52:00.618700,2026-05-11T15:52:53.904347+00:00
2015,156,China,X,Export,414,Kuwait,8517,Phones & Communication Devices,168768309.0,721980.98,0.0,2026-05-11T15:52:00.618706,2026-05-11T15:52:53.904347+00:00
2015,156,China,X,Export,417,Unknown,8517,Phones & Communication Devices,20418108.0,151189.54,0.0,2026-05-11T15:52:00.618709,2026-05-11T15:52:53.904347+00:00
2015,156,China,X,Export,418,Unknown,8517,Phones & Communication Devices,60670761.0,360424.622,0.0,2026-05-11T15:52:00.618712,2026-05-11T15:52:53.904347+00:00
2015,156,China,X,Export,422,Lebanon,8517,Phones & Communication Devices,33120508.0,509542.055,0.0,2026-05-11T15:52:00.618717,2026-05-11T15:52:53.904347+00:00
2015,156,China,X,Export,426,Unknown,8517,Phones & Communication Devices,9025015.0,60192.113,0.0,2026-05-11T15:52:00.618720,2026-05-11T15:52:53.904347+00:00
2015,156,China,X,Export,428,Unknown,8517,Phones & Communication Devices,102021216.0,555179.178,0.0,2026-05-11T15:52:00.618723,2026-05-11T15:52:53.904347+00:00
2015,156,China,X,Export,430,Unknown,8517,Phones & Communication Devices,7185222.0,30783.865,0.0,2026-05-11T15:52:00.618740,2026-05-11T15:52:53.904347+00:00
2015,156,China,X,Export,434,Unknown,8517,Phones & Communication Devices,33226484.0,252468.025,0.0,2026-05-11T15:52:00.618743,2026-05-11T15:52:53.904347+00:00
2015,156,China,X,Export,440,Unknown,8517,Phones & Communication Devices,11490.0,48.038,0.0,2026-05-11T15:52:00.618746,2026-05-11T15:52:53.904347+00:00
2015,156,China,X,Export,442,Unknown,8517,Phones & Communication Devices,810404799.0,1188661.564,0.0,2026-05-11T15:52:00.618752,2026-05-11T15:52:53.904347+00:00
2015,156,China,X,Export,446,Unknown,8517,Phones & Communication Devices,102833674.0,926359.168,0.0,2026-05-11T15:52:00.618756,2026-05-11T15:52:53.904347+00:00
2015,156,China,X,Export,450,Unknown,8517,Phones & Communication Devices,14466941.0,104167.463,0.0,2026-05-11T15:52:00.618760,2026-05-11T15:52:53.904347+00:00
2015,156,China,X,Export,454,Unknown,8517,Phones & Communication Devices,5151621.0,32572.229,0.0,2026-05-11T15:52:00.618769,2026-05-11T15:52:53.904347+00:00
2015,156,China,X,Export,458,Malaysia,8517,Phones & Communication Devices,1283687576.0,11161857.228,0.0,2026-05-11T15:52:00.618772,2026-05-11T15:52:53.904347+00:00
2015,156,China,X,Export,462,Unknown,8517,Phones & Communication Devices,4019263.0,35684.387,0.0,2026-05-11T15:52:00.618778,2026-05-11T15:52:53.904347+00:00
2015,156,China,X,Export,466,Unknown,8517,Phones & Communication Devices,10134498.0,56322.657,0.0,2026-05-11T15:52:00.618781,2026-05-11T15:52:53.904347+00:00
2015,156,China,X,Export,470,Unknown,8517,Phones & Communication Devices,15000.0,62.713,0.0,2026-05-11T15:52:00.618784,2026-05-11T15:52:53.904347+00:00
2015,156,China,X,Export,473,Unknown,8517,Phones & Communication Devices,1668445.0,10870.853,0.0,2026-05-11T15:52:00.618792,2026-05-11T15:52:53.904347+00:00
2015,156,China,X,Export,478,Unknown,8517,Phones & Communication Devices,9589199.0,75309.656,0.0,2026-05-11T15:52:00.618795,2026-05-11T15:52:53.904347+00:00
2015,156,China,X,Export,480,Unknown,8517,Phones & Communication Devices,66558453.0,207307.439,0.0,2026-05-11T15:52:00.618800,2026-05-11T15:52:53.904347+00:00
2015,156,China,X,Export,484,Mexico,8517,Phones & Communication Devices,94.0,0.393,0.0,2026-05-11T15:52:00.618806,2026-05-11T15:52:53.904347+00:00
2015,156,China,X,Export,490,Unknown,8517,Phones & Communication Devices,1765887195.0,6737765.149,0.0,2026-05-11T15:52:00.618820,2026-05-11T15:52:53.904347+00:00
2015,156,China,X,Export,496,Unknown,8517,Phones & Communication Devices,44169622.0,302177.067,0.0,2026-05-11T15:52:00.618825,2026-05-11T15:52:53.904347+00:00
2015,156,China,X,Export,498,Unknown,8517,Phones & Communication Devices,4600640.0,39811.369,0.0,2026-05-11T15:52:00.618828,2026-05-11T15:52:53.904347+00:00
2015,156,China,X,Export,499,Unknown,8517,Phones & Communication Devices,3245147.0,20560.785,0.0,2026-05-11T15:52:00.618836,2026-05-11T15:52:53.904347+00:00
2015,156,China,X,Export,500,Unknown,8517,Phones & Communication Devices,463943.0,1745.239,0.0,2026-05-11T15:52:00.618839,2026-05-11T15:52:53.904347+00:00
2015,156,China,X,Export,504,Morocco,8517,Phones & Communication Devices,121592091.0,1173032.711,0.0,2026-05-11T15:52:00.618842,2026-05-11T15:52:53.904347+00:00
2015,156,China,X,Export,508,Unknown,8517,Phones & Communication Devices,44035756.0,324122.729,0.0,2026-05-11T15:52:00.618845,2026-05-11T15:52:53.904347+00:00
2015,156,China,X,Export,512,Unknown,8517,Phones & Communication Devices,34735783.0,243107.499,0.0,2026-05-11T15:52:00.618848,2026-05-11T15:52:53.904347+00:00
2015,156,China,X,Export,516,Unknown,8517,Phones & Communication Devices,4437875.0,16166.768,0.0,2026-05-11T15:52:00.618853,2026-05-11T15:52:53.904347+00:00
2015,156,China,X,Export,524,Unknown,8517,Phones & Communication Devices,59772788.0,373957.15,0.0,2026-05-11T15:52:00.618859,2026-05-11T15:52:53.904347+00:00
2015,156,China,X,Export,528,Netherlands,8517,Phones & Communication Devices,86772.0,362.78,0.0,2026-05-11T15:52:00.618865,2026-05-11T15:52:53.904347+00:00
2015,156,China,X,Export,531,Unknown,8517,Phones & Communication Devices,297946.0,2297.682,0.0,2026-05-11T15:52:00.618889,2026-05-11T15:52:53.904347+00:00
2015,156,China,X,Export,533,Unknown,8517,Phones & Communication Devices,3218.0,12.151,0.0,2026-05-11T15:52:00.618892,2026-05-11T15:52:53.904347+00:00
2015,156,China,X,Export,540,Unknown,8517,Phones & Communication Devices,1109556.0,14620.05,0.0,2026-05-11T15:52:00.618897,2026-05-11T15:52:53.904347+00:00
2015,156,China,X,Export,548,Unknown,8517,Phones & Communication Devices,1153467.0,7802.553,0.0,2026-05-11T15:52:00.618900,2026-05-11T15:52:53.904347+00:00
2015,156,China,X,Export,554,New Zealand,8517,Phones & Communication Devices,146154748.0,1179389.209,0.0,2026-05-11T15:52:00.618903,2026-05-11T15:52:53.904347+00:00
2015,156,China,X,Export,558,Unknown,8517,Phones & Communication Devices,43753.0,182.925,0.0,2026-05-11T15:52:00.618905,2026-05-11T15:52:53.904347+00:00
2015,156,China,X,Export,562,Unknown,8517,Phones & Communication Devices,6774893.0,37214.86,0.0,2026-05-11T15:52:00.618914,2026-05-11T15:52:53.904347+00:00
2015,156,China,X,Export,566,Nigeria,8517,Phones & Communication Devices,244061214.0,1869725.792,0.0,2026-05-11T15:52:00.618917,2026-05-11T15:52:53.904347+00:00
2015,156,China,X,Export,579,Unknown,8517,Phones & Communication Devices,69572210.0,283281.468,0.0,2026-05-11T15:52:00.618920,2026-05-11T15:52:53.904347+00:00
2015,156,China,X,Export,583,Unknown,8517,Phones & Communication Devices,1889.0,7.898,0.0,2026-05-11T15:52:00.618923,2026-05-11T15:52:53.904347+00:00
2015,156,China,X,Export,584,Unknown,8517,Phones & Communication Devices,43056.0,194.479,0.0,2026-05-11T15:52:00.618927,2026-05-11T15:52:53.904347+00:00
2015,156,China,X,Export,585,Unknown,8517,Phones & Communication Devices,19464.0,164.314,0.0,2026-05-11T15:52:00.618930,2026-05-11T15:52:53.904347+00:00
2015,156,China,X,Export,586,Pakistan,8517,Phones & Communication Devices,567465754.0,3298134.656,0.0,2026-05-11T15:52:00.618933,2026-05-11T15:52:53.904347+00:00
2015,156,China,X,Export,591,Unknown,8517,Phones & Communication Devices,2910.0,24.566,0.0,2026-05-11T15:52:00.618936,2026-05-11T15:52:53.904347+00:00
2015,156,China,X,Export,598,Unknown,8517,Phones & Communication Devices,34675247.0,192638.174,0.0,2026-05-11T15:52:00.618945,2026-05-11T15:52:53.904347+00:00
2015,156,China,X,Export,600,Unknown,8517,Phones & Communication Devices,86192217.0,894999.879,0.0,2026-05-11T15:52:00.618948,2026-05-11T15:52:53.904347+00:00
2015,156,China,X,Export,604,Peru,8517,Phones & Communication Devices,103753.0,434.252,0.0,2026-05-11T15:52:00.618951,2026-05-11T15:52:53.904347+00:00
2015,156,China,X,Export,608,Philippines,8517,Phones & Communication Devices,586959886.0,3932919.573,0.0,2026-05-11T15:52:00.618958,2026-05-11T15:52:53.904347+00:00
2015,156,China,X,Export,616,Poland,8517,Phones & Communication Devices,2400.0,10.034,0.0,2026-05-11T15:52:00.618961,2026-05-11T15:52:53.904347+00:00
2015,156,China,X,Export,620,Portugal,8517,Phones & Communication Devices,141776282.0,734361.81,0.0,2026-05-11T15:52:00.618979,2026-05-11T15:52:53.904347+00:00
2015,156,China,X,Export,624,Unknown,8517,Phones & Communication Devices,562688.0,4005.124,0.0,2026-05-11T15:52:00.618984,2026-05-11T15:52:53.904347+00:00
2015,156,China,X,Export,626,Unknown,8517,Phones & Communication Devices,3478520.0,31933.78,0.0,2026-05-11T15:52:00.618989,2026-05-11T15:52:53.904347+00:00
2015,156,China,X,Export,634,Qatar,8517,Phones & Communication Devices,85767679.0,692025.14,0.0,2026-05-11T15:52:00.618992,2026-05-11T15:52:53.904347+00:00
2015,156,China,X,Export,637,Unknown,8517,Phones & Communication Devices,196109.0,813.049,0.0,2026-05-11T15:52:00.618995,2026-05-11T15:52:53.904347+00:00
2015,156,China,X,Export,642,Romania,8517,Phones & Communication Devices,161486635.0,2063836.444,0.0,2026-05-11T15:52:00.618998,2026-05-11T15:52:53.904347+00:00
2015,156,China,X,Export,643,Russia,8517,Phones & Communication Devices,4547.0,20.538,0.0,2026-05-11T15:52:00.619004,2026-05-11T15:52:53.904347+00:00
2015,156,China,X,Export,646,Unknown,8517,Phones & Communication Devices,3363056.0,19998.748,0.0,2026-05-11T15:52:00.619017,2026-05-11T15:52:53.904347+00:00
2015,156,China,X,Export,659,Unknown,8517,Phones & Communication Devices,7413.0,143.906,0.0,2026-05-11T15:52:00.619021,2026-05-11T15:52:53.904347+00:00
2015,156,China,X,Export,662,Unknown,8517,Phones & Communication Devices,39874.0,177.884,0.0,2026-05-11T15:52:00.619028,2026-05-11T15:52:53.904347+00:00
2015,156,China,X,Export,666,Unknown,8517,Phones & Communication Devices,115761.0,484.516,0.0,2026-05-11T15:52:00.619031,2026-05-11T15:52:53.904347+00:00
2015,156,China,X,Export,674,Unknown,8517,Phones & Communication Devices,22619.0,92.148,0.0,2026-05-11T15:52:00.619034,2026-05-11T15:52:53.904347+00:00
2015,156,China,X,Export,678,Unknown,8517,Phones & Communication Devices,17149.0,71.697,0.0,2026-05-11T15:52:00.619037,2026-05-11T15:52:53.904347+00:00
2015,156,China,X,Export,682,Saudi Arabia,8517,Phones & Communication Devices,543975617.0,3921226.507,0.0,2026-05-11T15:52:00.619039,2026-05-11T15:52:53.904347+00:00
2015,156,China,X,Export,686,Unknown,8517,Phones & Communication Devices,23523824.0,186570.5,0.0,2026-05-11T15:52:00.619045,2026-05-11T15:52:53.904347+00:00
2015,156,China,X,Export,688,Unknown,8517,Phones & Communication Devices,49435408.0,223550.953,0.0,2026-05-11T15:52:00.619048,2026-05-11T15:52:53.904347+00:00
2015,156,China,X,Export,690,Unknown,8517,Phones & Communication Devices,884775.0,6806.753,0.0,2026-05-11T15:52:00.619058,2026-05-11T15:52:53.904347+00:00
2015,156,China,X,Export,694,Unknown,8517,Phones & Communication Devices,3652011.0,23709.454,0.0,2026-05-11T15:52:00.619062,2026-05-11T15:52:53.904347+00:00
2015,156,China,X,Export,699,Unknown,8517,Phones & Communication Devices,14820.0,61.96,0.0,2026-05-11T15:52:00.619065,2026-05-11T15:52:53.904347+00:00
2015,156,China,X,Export,702,Unknown,8517,Phones & Communication Devices,988.0,4.131,0.0,2026-05-11T15:52:00.619080,2026-05-11T15:52:53.904347+00:00
2015,156,China,X,Export,703,Unknown,8517,Phones & Communication Devices,2135291.0,8927.324,0.0,2026-05-11T15:52:00.619093,2026-05-11T15:52:53.904347+00:00
2015,156,China,X,Export,705,Unknown,8517,Phones & Communication Devices,2294.0,9.591,0.0,2026-05-11T15:52:00.619105,2026-05-11T15:52:53.904347+00:00
2015,156,China,X,Export,706,Unknown,8517,Phones & Communication Devices,10608234.0,62774.15,0.0,2026-05-11T15:52:00.619110,2026-05-11T15:52:53.904347+00:00
2015,156,China,X,Export,710,South Africa,8517,Phones & Communication Devices,794085712.0,4234447.936,0.0,2026-05-11T15:52:00.619113,2026-05-11T15:52:53.904347+00:00
2015,156,China,X,Export,716,Zimbabwe,8517,Phones & Communication Devices,97836053.0,633812.372,0.0,2026-05-11T15:52:00.619116,2026-05-11T15:52:53.904347+00:00
2015,156,China,X,Export,724,Spain,8517,Phones & Communication Devices,174525.0,729.662,0.0,2026-05-11T15:52:00.619121,2026-05-11T15:52:53.904347+00:00
2015,156,China,X,Export,728,Unknown,8517,Phones & Communication Devices,2772296.0,18808.259,0.0,2026-05-11T15:52:00.619127,2026-05-11T15:52:53.904347+00:00
2015,156,China,X,Export,729,Unknown,8517,Phones & Communication Devices,51172837.0,337980.997,0.0,2026-05-11T15:52:00.619129,2026-05-11T15:52:53.904347+00:00
2015,156,China,X,Export,740,Unknown,8517,Phones & Communication Devices,1010625.0,6056.934,0.0,2026-05-11T15:52:00.619132,2026-05-11T15:52:53.904347+00:00
2015,156,China,X,Export,748,Unknown,8517,Phones & Communication Devices,1606244.0,5802.275,0.0,2026-05-11T15:52:00.619135,2026-05-11T15:52:53.904347+00:00
2015,156,China,X,Export,752,Sweden,8517,Phones & Communication Devices,893598.0,14444.734,0.0,2026-05-11T15:52:00.619138,2026-05-11T15:52:53.904347+00:00
2015,156,China,X,Export,757,Unknown,8517,Phones & Communication Devices,106293626.0,404226.665,0.0,2026-05-11T15:52:00.619144,2026-05-11T15:52:53.904347+00:00
2015,156,China,X,Export,760,Unknown,8517,Phones & Communication Devices,40637157.0,366394.98,0.0,2026-05-11T15:52:00.619147,2026-05-11T15:52:53.904347+00:00
2015,156,China,X,Export,762,Unknown,8517,Phones & Communication Devices,13115761.0,89003.572,0.0,2026-05-11T15:52:00.619151,2026-05-11T15:52:53.904347+00:00
2015,156,China,X,Export,764,Thailand,8517,Phones & Communication Devices,7743.0,94.462,0.0,2026-05-11T15:52:00.619154,2026-05-11T15:52:53.904347+00:00
2015,156,China,X,Export,768,Unknown,8517,Phones & Communication Devices,39936955.0,135276.008,0.0,2026-05-11T15:52:00.619166,2026-05-11T15:52:53.904347+00:00
2015,156,China,X,Export,776,Unknown,8517,Phones & Communication Devices,315748.0,1790.487,0.0,2026-05-11T15:52:00.619169,2026-05-11T15:52:53.904347+00:00
2015,156,China,X,Export,780,Unknown,8517,Phones & Communication Devices,15149020.0,101110.499,0.0,2026-05-11T15:52:00.619172,2026-05-11T15:52:53.904347+00:00
2015,156,China,X,Export,784,UAE,8517,Phones & Communication Devices,2896209357.0,13912919.875,0.0,2026-05-11T15:52:00.619175,2026-05-11T15:52:53.904347+00:00
2015,156,China,X,Export,788,Unknown,8517,Phones & Communication Devices,84714492.0,449923.585,0.0,2026-05-11T15:52:00.619177,2026-05-11T15:52:53.904347+00:00
2015,156,China,X,Export,792,Turkey,8517,Phones & Communication Devices,1357850583.0,4712930.452,0.0,2026-05-11T15:52:00.619182,2026-05-11T15:52:53.904347+00:00
2015,156,China,X,Export,795,Unknown,8517,Phones & Communication Devices,21230741.0,109613.831,0.0,2026-05-11T15:52:00.619185,2026-05-11T15:52:53.904347+00:00
2015,156,China,X,Export,796,Unknown,8517,Phones & Communication Devices,74123.0,276.258,0.0,2026-05-11T15:52:00.619188,2026-05-11T15:52:53.904347+00:00
2014,156,China,M,Import,368,Iraq,2709,Crude Oil,20759577992.0,28577809062.0,28577809062.0,2026-05-11T15:52:02.594466,2026-05-11T15:52:53.904347+00:00
2014,156,China,M,Import,414,Kuwait,2709,Crude Oil,7598348696.0,10618718096.0,10618718096.0,2026-05-11T15:52:02.594480,2026-05-11T15:52:53.904347+00:00
2014,156,China,M,Import,434,Unknown,2709,Crude Oil,704013771.0,965547136.0,965547136.0,2026-05-11T15:52:02.594485,2026-05-11T15:52:53.904347+00:00
2014,156,China,M,Import,512,Unknown,2709,Crude Oil,22680323672.0,29743869856.0,29743869856.0,2026-05-11T15:52:02.594488,2026-05-11T15:52:53.904347+00:00
2014,156,China,M,Import,12,Algeria,2709,Crude Oil,801450784.0,898397248.0,898397248.0,2026-05-11T15:52:02.594491,2026-05-11T15:52:53.904347+00:00
2014,156,China,M,Import,24,Angola,2709,Crude Oil,30893003075.0,40647653774.0,40647653774.0,2026-05-11T15:52:02.594494,2026-05-11T15:52:53.904347+00:00
2014,156,China,M,Import,31,Unknown,2709,Crude Oil,195339453.0,222002568.0,222002568.0,2026-05-11T15:52:02.594497,2026-05-11T15:52:53.904347+00:00
2014,156,China,M,Import,68,Bolivia,2709,Crude Oil,200641890.0,237439804.0,237439804.0,2026-05-11T15:52:02.594505,2026-05-11T15:52:53.904347+00:00
2014,156,China,M,Import,96,Unknown,2709,Crude Oil,72878178.0,81933000.0,81933000.0,2026-05-11T15:52:02.594508,2026-05-11T15:52:53.904347+00:00
2014,156,China,M,Import,120,Unknown,2709,Crude Oil,369596409.0,519624704.0,519624704.0,2026-05-11T15:52:02.594511,2026-05-11T15:52:53.904347+00:00
2014,156,China,M,Import,148,Unknown,2709,Crude Oil,104140217.0,143130448.0,143130448.0,2026-05-11T15:52:02.594514,2026-05-11T15:52:53.904347+00:00
2014,156,China,M,Import,178,Unknown,2709,Crude Oil,5179948135.0,7050623216.0,7050623216.0,2026-05-11T15:52:02.594517,2026-05-11T15:52:53.904347+00:00
2014,156,China,M,Import,180,Unknown,2709,Crude Oil,778061119.0,968183232.0,968183232.0,2026-05-11T15:52:02.594520,2026-05-11T15:52:53.904347+00:00
2014,156,China,M,Import,226,Unknown,2709,Crude Oil,2463839213.0,3249057024.0,3249057024.0,2026-05-11T15:52:02.594523,2026-05-11T15:52:53.904347+00:00
2014,156,China,M,Import,266,Unknown,2709,Crude Oil,1143614927.0,1554807928.0,1554807928.0,2026-05-11T15:52:02.594527,2026-05-11T15:52:53.904347+00:00
2014,156,China,M,Import,288,Ghana,2709,Crude Oil,675849404.0,879552768.0,879552768.0,2026-05-11T15:52:02.594530,2026-05-11T15:52:53.904347+00:00
2014,156,China,M,Import,533,Unknown,2709,Crude Oil,184208889.0,277715808.0,277715808.0,2026-05-11T15:52:02.594533,2026-05-11T15:52:53.904347+00:00
2014,156,China,M,Import,598,Unknown,2709,Crude Oil,69381984.0,77278528.0,77278528.0,2026-05-11T15:52:02.594538,2026-05-11T15:52:53.904347+00:00
2014,156,China,M,Import,634,Qatar,2709,Crude Oil,260151741.0,360994992.0,360994992.0,2026-05-11T15:52:02.594541,2026-05-11T15:52:53.904347+00:00
2014,156,China,M,Import,728,Unknown,2709,Crude Oil,4329172366.0,6443389880.0,6443389880.0,2026-05-11T15:52:02.594544,2026-05-11T15:52:53.904347+00:00
2014,156,China,M,Import,729,Unknown,2709,Crude Oil,1349814461.0,1773815722.0,1773815722.0,2026-05-11T15:52:02.594547,2026-05-11T15:52:53.904347+00:00
2014,156,China,M,Import,862,Unknown,2709,Crude Oil,8345378147.0,13785720896.0,13785720896.0,2026-05-11T15:52:02.594550,2026-05-11T15:52:53.904347+00:00
2014,156,China,M,Import,887,Yemen,2709,Crude Oil,1941015326.0,2498859472.0,2498859472.0,2026-05-11T15:52:02.594553,2026-05-11T15:52:53.904347+00:00
2014,156,China,M,Import,218,Ecuador,2709,Crude Oil,506788897.0,746634976.0,746634976.0,2026-05-11T15:52:02.594556,2026-05-11T15:52:53.904347+00:00
2014,156,China,M,Import,566,Nigeria,2709,Crude Oil,1530743217.0,1996445136.0,1996445136.0,2026-05-11T15:52:02.594559,2026-05-11T15:52:53.904347+00:00
2014,156,China,M,Import,364,Iran,2709,Crude Oil,20804671555.0,27459384481.0,27459384481.0,2026-05-11T15:52:02.594562,2026-05-11T15:52:53.904347+00:00
2014,156,China,M,Import,818,Egypt,2709,Crude Oil,706771455.0,946019584.0,946019584.0,2026-05-11T15:52:02.594565,2026-05-11T15:52:53.904347+00:00
2014,156,China,M,Import,682,Saudi Arabia,2709,Crude Oil,36940644812.0,49666812616.0,49666812616.0,2026-05-11T15:52:02.594570,2026-05-11T15:52:53.904347+00:00
2014,156,China,M,Import,398,Kazakhstan,2709,Crude Oil,4222821654.0,5686422131.0,5686422131.0,2026-05-11T15:52:02.594573,2026-05-11T15:52:53.904347+00:00
2014,156,China,M,Import,496,Unknown,2709,Crude Oil,718145703.0,1030843328.0,1030843328.0,2026-05-11T15:52:02.594576,2026-05-11T15:52:53.904347+00:00
2014,156,China,M,Import,170,Colombia,2709,Crude Oil,7062024145.0,10091235372.0,10091235372.0,2026-05-11T15:52:02.594579,2026-05-11T15:52:53.904347+00:00
2014,156,China,M,Import,32,Argentina,2709,Crude Oil,246722029.0,322504320.0,322504320.0,2026-05-11T15:52:02.594581,2026-05-11T15:52:53.904347+00:00
2014,156,China,M,Import,586,Pakistan,2709,Crude Oil,10382604.0,15927249.0,15927249.0,2026-05-11T15:52:02.594584,2026-05-11T15:52:53.904347+00:00
2014,156,China,M,Import,784,UAE,2709,Crude Oil,9088932718.0,11651961088.0,11651961088.0,2026-05-11T15:52:02.594588,2026-05-11T15:52:53.904347+00:00
2014,156,China,M,Import,579,Unknown,2709,Crude Oil,115148381.0,145999008.0,145999008.0,2026-05-11T15:52:02.594591,2026-05-11T15:52:53.904347+00:00
2014,156,China,M,Import,643,Russia,2709,Crude Oil,24950868002.0,33107531139.0,33107531139.0,2026-05-11T15:52:02.594594,2026-05-11T15:52:53.904347+00:00
2014,156,China,M,Import,484,Mexico,2709,Crude Oil,460286887.0,682302096.0,682302096.0,2026-05-11T15:52:02.594597,2026-05-11T15:52:53.904347+00:00
2014,156,China,M,Import,76,Brazil,2709,Crude Oil,4886818043.0,7024664398.0,7024664398.0,2026-05-11T15:52:02.594601,2026-05-11T15:52:53.904347+00:00
2014,156,China,M,Import,704,Vietnam,2709,Crude Oil,1223625591.0,1482871584.0,1482871584.0,2026-05-11T15:52:02.594604,2026-05-11T15:52:53.904347+00:00
2014,156,China,M,Import,124,Canada,2709,Crude Oil,119106086.0,201616000.0,201616000.0,2026-05-11T15:52:02.594607,2026-05-11T15:52:53.904347+00:00
2014,156,China,M,Import,360,Indonesia,2709,Crude Oil,275119535.0,375149232.0,375149232.0,2026-05-11T15:52:02.594610,2026-05-11T15:52:53.904347+00:00
2014,156,China,M,Import,458,Malaysia,2709,Crude Oil,189378142.0,217327648.0,217327648.0,2026-05-11T15:52:02.594614,2026-05-11T15:52:53.904347+00:00
2014,156,China,M,Import,36,Australia,2709,Crude Oil,2110862486.0,2727356168.0,2727356168.0,2026-05-11T15:52:02.594617,2026-05-11T15:52:53.904347+00:00
2014,156,China,M,Import,826,United Kingdom,2709,Crude Oil,1018859415.0,1219393984.0,1219393984.0,2026-05-11T15:52:02.594620,2026-05-11T15:52:53.904347+00:00
2015,156,China,M,Import,124,Canada,2709,Crude Oil,44506248.0,123634039.0,123634039.0,2026-05-11T15:52:02.594623,2026-05-11T15:52:53.904347+00:00
2015,156,China,M,Import,643,Russia,2709,Crude Oil,62005651.0,131627000.0,131627000.0,2026-05-11T15:52:02.594626,2026-05-11T15:52:53.904347+00:00
2015,156,China,M,Import,36,Australia,2709,Crude Oil,1013014998.0,2388751144.0,2388751144.0,2026-05-11T15:52:02.594631,2026-05-11T15:52:53.904347+00:00
2015,156,China,M,Import,12,Algeria,2709,Crude Oil,98721437.0,174104000.0,174104000.0,2026-05-11T15:52:02.594635,2026-05-11T15:52:53.904347+00:00
2015,156,China,M,Import,24,Angola,2709,Crude Oil,84789460.0,205892700.0,205892700.0,2026-05-11T15:52:02.594638,2026-05-11T15:52:53.904347+00:00
2015,156,China,M,Import,31,Unknown,2709,Crude Oil,64994715.0,144243000.0,144243000.0,2026-05-11T15:52:02.594641,2026-05-11T15:52:53.904347+00:00
2015,156,China,M,Import,68,Bolivia,2709,Crude Oil,26845938.0,70980700.0,70980700.0,2026-05-11T15:52:02.594644,2026-05-11T15:52:53.904347+00:00
2015,156,China,M,Import,96,Unknown,2709,Crude Oil,30592844.0,75779400.0,75779400.0,2026-05-11T15:52:02.594647,2026-05-11T15:52:53.904347+00:00
2015,156,China,M,Import,360,Indonesia,2709,Crude Oil,41021824.0,115982000.0,115982000.0,2026-05-11T15:52:02.594650,2026-05-11T15:52:53.904347+00:00
2015,156,China,M,Import,434,Unknown,2709,Crude Oil,62162262.0,127790000.0,127790000.0,2026-05-11T15:52:02.594653,2026-05-11T15:52:53.904347+00:00
2015,156,China,M,Import,704,Vietnam,2709,Crude Oil,114985352.0,256409000.0,256409000.0,2026-05-11T15:52:02.594656,2026-05-11T15:52:53.904347+00:00
2015,156,China,M,Import,728,Unknown,2709,Crude Oil,69757068.0,217687100.0,217687100.0,2026-05-11T15:52:02.594659,2026-05-11T15:52:53.904347+00:00
2015,156,China,M,Import,729,Unknown,2709,Crude Oil,43549053.0,132438000.0,132438000.0,2026-05-11T15:52:02.594662,2026-05-11T15:52:53.904347+00:00
2015,156,China,M,Import,818,Egypt,2709,Crude Oil,29320941.0,92552300.0,92552300.0,2026-05-11T15:52:02.594667,2026-05-11T15:52:53.904347+00:00
2015,156,China,M,Import,862,Unknown,2709,Crude Oil,8604205.0,25563900.0,25563900.0,2026-05-11T15:52:02.594670,2026-05-11T15:52:53.904347+00:00
2015,156,China,M,Import,458,Malaysia,2709,Crude Oil,103124041.0,270365000.0,270365000.0,2026-05-11T15:52:02.594673,2026-05-11T15:52:53.904347+00:00
2015,156,China,M,Import,579,Unknown,2709,Crude Oil,63850784.0,139763000.0,139763000.0,2026-05-11T15:52:02.594676,2026-05-11T15:52:53.904347+00:00
2015,156,China,M,Import,826,United Kingdom,2709,Crude Oil,809471109.0,1907077000.0,1907077000.0,2026-05-11T15:52:02.594679,2026-05-11T15:52:53.904347+00:00
2015,156,China,M,Import,682,Saudi Arabia,2709,Crude Oil,31279214.0,93530700.0,93530700.0,2026-05-11T15:52:02.594682,2026-05-11T15:52:53.904347+00:00
2015,156,China,M,Import,392,Japan,2709,Crude Oil,870.0,75.0,75.0,2026-05-11T15:52:02.594687,2026-05-11T15:52:53.904347+00:00
2015,156,China,M,Import,512,Unknown,2709,Crude Oil,196952349.0,534965000.0,534965000.0,2026-05-11T15:52:02.594691,2026-05-11T15:52:53.904347+00:00
2014,156,China,X,Export,364,Iran,2709,Crude Oil,265685567.0,320666784.0,320666784.0,2026-05-11T15:52:02.594694,2026-05-11T15:52:53.904347+00:00
2014,156,China,X,Export,0,World,2709,Crude Oil,490697311.0,600193266.0,600193266.0,2026-05-11T15:52:02.594699,2026-05-11T15:52:53.904347+00:00
2014,156,China,X,Export,392,Japan,2709,Crude Oil,157297230.0,185948480.0,185948480.0,2026-05-11T15:52:02.594702,2026-05-11T15:52:53.904347+00:00
2014,156,China,X,Export,842,Unknown,2709,Crude Oil,3876.0,5090.0,5090.0,2026-05-11T15:52:02.594705,2026-05-11T15:52:53.904347+00:00
2014,156,China,X,Export,410,South Korea,2709,Crude Oil,67710638.0,93572912.0,93572912.0,2026-05-11T15:52:02.594708,2026-05-11T15:52:53.904347+00:00
2015,156,China,M,Import,0,World,2709,Crude Oil,5121061676.0,12577642664.259,12577642664.259,2026-05-11T15:52:02.594711,2026-05-11T15:52:53.904347+00:00
2015,156,China,M,Import,784,UAE,2709,Crude Oil,5095216654.0,12565450664.259,12565450664.259,2026-05-11T15:52:02.594721,2026-05-11T15:52:53.904347+00:00
2015,156,China,M,Import,76,Brazil,2709,Crude Oil,1389048192.0,3546226000.0,3546226000.0,2026-05-11T15:52:02.594752,2026-05-11T15:52:53.904347+00:00
2015,156,China,M,Import,120,Unknown,2709,Crude Oil,425288622.0,1022921000.0,1022921000.0,2026-05-11T15:52:02.594758,2026-05-11T15:52:53.904347+00:00
2015,156,China,M,Import,148,Unknown,2709,Crude Oil,87422523.0,230708082.0,230708082.0,2026-05-11T15:52:02.594761,2026-05-11T15:52:53.904347+00:00
2015,156,China,M,Import,170,Colombia,2709,Crude Oil,1900375898.0,5509509000.0,5509509000.0,2026-05-11T15:52:02.594767,2026-05-11T15:52:53.904347+00:00
2015,156,China,M,Import,178,Unknown,2709,Crude Oil,42691354.0,124051000.0,124051000.0,2026-05-11T15:52:02.594778,2026-05-11T15:52:53.904347+00:00
2015,156,China,M,Import,180,Unknown,2709,Crude Oil,57248420.0,124541004.0,124541004.0,2026-05-11T15:52:02.594783,2026-05-11T15:52:53.904347+00:00
2015,156,China,M,Import,218,Ecuador,2709,Crude Oil,494128761.0,1397265000.0,1397265000.0,2026-05-11T15:52:02.594786,2026-05-11T15:52:53.904347+00:00
2015,156,China,M,Import,226,Unknown,2709,Crude Oil,866017860.0,2014960000.0,2014960000.0,2026-05-11T15:52:02.594789,2026-05-11T15:52:53.904347+00:00
2015,156,China,M,Import,266,Unknown,2709,Crude Oil,47767841.0,133021000.0,133021000.0,2026-05-11T15:52:02.594792,2026-05-11T15:52:53.904347+00:00
2015,156,China,M,Import,288,Ghana,2709,Crude Oil,968572189.0,2132636000.0,2132636000.0,2026-05-11T15:52:02.594798,2026-05-11T15:52:53.904347+00:00
2015,156,China,M,Import,368,Iraq,2709,Crude Oil,12629970347.0,31990440000.0,31990440000.0,2026-05-11T15:52:02.594801,2026-05-11T15:52:53.904347+00:00
2015,156,China,M,Import,398,Kazakhstan,2709,Crude Oil,1809039971.0,4856966000.0,4856966000.0,2026-05-11T15:52:02.594804,2026-05-11T15:52:53.904347+00:00
2015,156,China,M,Import,414,Kuwait,2709,Crude Oil,5718090471.0,14425910000.0,14425910000.0,2026-05-11T15:52:02.594810,2026-05-11T15:52:53.904347+00:00
2015,156,China,M,Import,484,Mexico,2709,Crude Oil,23764058.0,65040100.0,65040100.0,2026-05-11T15:52:02.594816,2026-05-11T15:52:53.904347+00:00
2015,156,China,M,Import,496,Unknown,2709,Crude Oil,368610841.0,1104126600.0,1104126600.0,2026-05-11T15:52:02.594820,2026-05-11T15:52:53.904347+00:00
2015,156,China,M,Import,566,Nigeria,2709,Crude Oil,306108494.0,658579000.0,658579000.0,2026-05-11T15:52:02.594822,2026-05-11T15:52:53.904347+00:00
2015,156,China,M,Import,591,Unknown,2709,Crude Oil,258473241.0,838231000.0,838231000.0,2026-05-11T15:52:02.594825,2026-05-11T15:52:53.904347+00:00
2015,156,China,M,Import,598,Unknown,2709,Crude Oil,97905279.0,241035000.0,241035000.0,2026-05-11T15:52:02.594828,2026-05-11T15:52:53.904347+00:00
2015,156,China,M,Import,634,Qatar,2709,Crude Oil,107511586.0,266959000.0,266959000.0,2026-05-11T15:52:02.594831,2026-05-11T15:52:53.904347+00:00
2015,156,China,M,Import,800,Uganda,2709,Crude Oil,872.0,273.0,273.0,2026-05-11T15:52:02.594845,2026-05-11T15:52:53.904347+00:00
2015,156,China,M,Import,887,Yemen,2709,Crude Oil,651914655.0,1422680000.0,1422680000.0,2026-05-11T15:52:02.594853,2026-05-11T15:52:53.904347+00:00
2015,156,China,M,Import,32,Argentina,2709,Crude Oil,172521214.0,436656000.0,436656000.0,2026-05-11T15:52:02.594856,2026-05-11T15:52:53.904347+00:00
2015,156,China,M,Import,364,Iran,2709,Crude Oil,10799921200.0,26614560067.0,26614560067.0,2026-05-11T15:52:02.594865,2026-05-11T15:52:53.904347+00:00
2015,156,China,M,Import,710,South Africa,2709,Crude Oil,116900280.0,269777000.0,269777000.0,2026-05-11T15:52:02.594878,2026-05-11T15:52:53.904347+00:00
2015,156,China,M,Import,156,China,2709,Crude Oil,50.0,1.0,1.0,2026-05-11T15:52:02.595349,2026-05-11T15:52:53.904347+00:00
2015,156,China,RM,Export,0,World,2709,Crude Oil,50.0,1.0,1.0,2026-05-11T15:52:02.595357,2026-05-11T15:52:53.904347+00:00
2015,156,China,RM,Export,156,China,2709,Crude Oil,50.0,1.0,1.0,2026-05-11T15:52:02.595360,2026-05-11T15:52:53.904347+00:00
2016,156,China,X,Export,490,Unknown,2709,Crude Oil,71800.0,0.0,241192.02,2026-05-11T15:52:02.595366,2026-05-11T15:52:53.904347+00:00
2016,156,China,X,Export,764,Thailand,2709,Crude Oil,74828058.0,0.0,251363934.523,2026-05-11T15:52:02.595369,2026-05-11T15:52:53.904347+00:00
2016,156,China,X,Export,392,Japan,2709,Crude Oil,382421301.0,0.0,1284637413.21,2026-05-11T15:52:02.595372,2026-05-11T15:52:53.904347+00:00
2016,156,China,X,Export,0,World,2709,Crude Oil,943491460.0,0.0,3169395704.138,2026-05-11T15:52:02.595375,2026-05-11T15:52:53.904347+00:00
2016,156,China,X,Export,702,Unknown,2709,Crude Oil,63660681.0,0.0,213850254.547,2026-05-11T15:52:02.595378,2026-05-11T15:52:53.904347+00:00
2016,156,China,X,Export,410,South Korea,2709,Crude Oil,317548775.0,0.0,1066716304.289,2026-05-11T15:52:02.595381,2026-05-11T15:52:53.904347+00:00
2016,156,China,X,Export,36,Australia,2709,Crude Oil,34308706.0,0.0,115250503.074,2026-05-11T15:52:02.595386,2026-05-11T15:52:53.904347+00:00
2016,156,China,X,Export,842,Unknown,2709,Crude Oil,70652139.0,0.0,237336102.475,2026-05-11T15:52:02.595389,2026-05-11T15:52:53.904347+00:00
2016,156,China,M,Import,120,Unknown,2709,Crude Oil,37482768.0,116550170.942,116550170.942,2026-05-11T15:52:02.595443,2026-05-11T15:52:53.904347+00:00
2016,156,China,M,Import,76,Brazil,2709,Crude Oil,20267035.0,63018995.655,63018995.655,2026-05-11T15:52:02.595446,2026-05-11T15:52:53.904347+00:00
2016,156,China,M,Import,266,Unknown,2709,Crude Oil,847280260.0,2634561544.09,2634561544.09,2026-05-11T15:52:02.595449,2026-05-11T15:52:53.904347+00:00
2016,156,China,M,Import,44,Unknown,2709,Crude Oil,32074341.0,99733027.358,99733027.358,2026-05-11T15:52:02.595452,2026-05-11T15:52:53.904347+00:00
2016,156,China,M,Import,170,Colombia,2709,Crude Oil,20758336.0,64546663.397,64546663.397,2026-05-11T15:52:02.595457,2026-05-11T15:52:53.904347+00:00
2016,156,China,M,Import,496,Unknown,2709,Crude Oil,279707417.0,869731586.128,869731586.128,2026-05-11T15:52:02.595463,2026-05-11T15:52:53.904347+00:00
2016,156,China,M,Import,729,Unknown,2709,Crude Oil,33328615.0,103633108.833,103633108.833,2026-05-11T15:52:02.595467,2026-05-11T15:52:53.904347+00:00
2016,156,China,M,Import,643,Russia,2709,Crude Oil,15858125693.0,49309785775.159,49309785775.159,2026-05-11T15:52:02.595473,2026-05-11T15:52:53.904347+00:00
2016,156,China,M,Import,32,Argentina,2709,Crude Oil,22038366.0,68526831.438,68526831.438,2026-05-11T15:52:02.595476,2026-05-11T15:52:53.904347+00:00
2016,156,China,M,Import,360,Indonesia,2709,Crude Oil,891631422.0,2772468528.776,2772468528.776,2026-05-11T15:52:02.595479,2026-05-11T15:52:53.904347+00:00
2016,156,China,M,Import,398,Kazakhstan,2709,Crude Oil,832791817.0,2589510695.435,2589510695.435,2026-05-11T15:52:02.595482,2026-05-11T15:52:53.904347+00:00
2016,156,China,M,Import,434,Unknown,2709,Crude Oil,203660104.0,633267530.703,633267530.703,2026-05-11T15:52:02.595485,2026-05-11T15:52:53.904347+00:00
2016,156,China,M,Import,368,Iraq,2709,Crude Oil,254.0,789.796,789.796,2026-05-11T15:52:02.595490,2026-05-11T15:52:53.904347+00:00
2016,156,China,M,Import,764,Thailand,2709,Crude Oil,215817402.0,671069839.222,671069839.222,2026-05-11T15:52:02.595493,2026-05-11T15:52:53.904347+00:00
2016,156,China,M,Import,124,Canada,2709,Crude Oil,32668968.0,101581980.416,101581980.416,2026-05-11T15:52:02.595496,2026-05-11T15:52:53.904347+00:00
2016,156,China,M,Import,728,Unknown,2709,Crude Oil,1077194683.0,3349465131.325,3349465131.325,2026-05-11T15:52:02.595499,2026-05-11T15:52:53.904347+00:00
2016,156,China,M,Import,96,Unknown,2709,Crude Oil,128068013.0,398218957.772,398218957.772,2026-05-11T15:52:02.595503,2026-05-11T15:52:53.904347+00:00
2016,156,China,M,Import,784,UAE,2709,Crude Oil,29637384.0,92155471.855,92155471.855,2026-05-11T15:52:02.595506,2026-05-11T15:52:53.904347+00:00
2016,156,China,M,Import,608,Philippines,2709,Crude Oil,251.0,780.468,780.468,2026-05-11T15:52:02.595509,2026-05-11T15:52:53.904347+00:00
2016,156,China,M,Import,634,Qatar,2709,Crude Oil,157288750.0,489078893.527,489078893.527,2026-05-11T15:52:02.595512,2026-05-11T15:52:53.904347+00:00
2016,156,China,M,Import,148,Unknown,2709,Crude Oil,68032371.0,211542127.029,211542127.029,2026-05-11T15:52:02.595522,2026-05-11T15:52:53.904347+00:00
2016,156,China,M,Import,887,Yemen,2709,Crude Oil,59212465.0,184117216.681,184117216.681,2026-05-11T15:52:02.595525,2026-05-11T15:52:53.904347+00:00
2016,156,China,M,Import,682,Saudi Arabia,2709,Crude Oil,40914922.0,127222225.242,127222225.242,2026-05-11T15:52:02.595532,2026-05-11T15:52:53.904347+00:00
2016,156,China,M,Import,178,Unknown,2709,Crude Oil,104525888.0,325016287.865,325016287.865,2026-05-11T15:52:02.595538,2026-05-11T15:52:53.904347+00:00
2016,156,China,M,Import,24,Angola,2709,Crude Oil,311026963.0,967117628.699,967117628.699,2026-05-11T15:52:02.595551,2026-05-11T15:52:53.904347+00:00
2016,156,China,M,Import,364,Iran,2709,Crude Oil,9356527260.0,29093498419.784,29093498419.784,2026-05-11T15:52:02.595554,2026-05-11T15:52:53.904347+00:00
2016,156,China,M,Import,226,Unknown,2709,Crude Oil,330119419.0,1026484349.175,1026484349.175,2026-05-11T15:52:02.595557,2026-05-11T15:52:53.904347+00:00
2016,156,China,M,Import,414,Kuwait,2709,Crude Oil,4778325008.0,14857883401.225,14857883401.225,2026-05-11T15:52:02.595560,2026-05-11T15:52:53.904347+00:00
2016,156,China,M,Import,180,Unknown,2709,Crude Oil,75928184.0,236093631.733,236093631.733,2026-05-11T15:52:02.595565,2026-05-11T15:52:53.904347+00:00
2016,156,China,M,Import,710,South Africa,2709,Crude Oil,76126080.0,236708976.166,236708976.166,2026-05-11T15:52:02.595571,2026-05-11T15:52:53.904347+00:00
2016,156,China,M,Import,566,Nigeria,2709,Crude Oil,126518183.0,393399864.597,393399864.597,2026-05-11T15:52:02.595574,2026-05-11T15:52:53.904347+00:00
2016,156,China,M,Import,8,Albania,2709,Crude Oil,8171651.0,25409204.596,25409204.596,2026-05-11T15:52:02.595577,2026-05-11T15:52:53.904347+00:00
2016,156,China,M,Import,704,Vietnam,2709,Crude Oil,1474877066.0,4586032017.722,4586032017.722,2026-05-11T15:52:02.595580,2026-05-11T15:52:53.904347+00:00
2016,156,China,M,Import,218,Ecuador,2709,Crude Oil,78626143.0,244482755.574,244482755.574,2026-05-11T15:52:02.595586,2026-05-11T15:52:53.904347+00:00
2016,156,China,M,Import,862,Unknown,2709,Crude Oil,68726410.0,213700195.08,213700195.08,2026-05-11T15:52:02.595589,2026-05-11T15:52:53.904347+00:00
2016,156,China,M,Import,818,Egypt,2709,Crude Oil,252744005.0,785890652.135,785890652.135,2026-05-11T15:52:02.595602,2026-05-11T15:52:53.904347+00:00
2016,156,China,M,Import,512,Unknown,2709,Crude Oil,10679401383.0,33206887408.839,33206887408.839,2026-05-11T15:52:02.595641,2026-05-11T15:52:53.904347+00:00
2016,156,China,M,Import,288,Ghana,2709,Crude Oil,922834326.0,2869491880.816,2869491880.816,2026-05-11T15:52:02.595650,2026-05-11T15:52:53.904347+00:00
2016,156,China,M,Import,484,Mexico,2709,Crude Oil,239133182.0,743568704.425,743568704.425,2026-05-11T15:52:02.595653,2026-05-11T15:52:53.904347+00:00
2016,156,China,M,Import,31,Unknown,2709,Crude Oil,329968226.0,1026014224.61,1026014224.61,2026-05-11T15:52:02.595656,2026-05-11T15:52:53.904347+00:00
2016,156,China,M,Import,458,Malaysia,2709,Crude Oil,820121483.0,2550113135.639,2550113135.639,2026-05-11T15:52:02.595675,2026-05-11T15:52:53.904347+00:00
2014,156,China,M,Import,0,World,2709,Crude Oil,228288472075.0,308374526733.0,308374526733.0,2026-05-11T15:52:02.595687,2026-05-11T15:52:53.904347+00:00
2014,156,China,M,Import,842,Unknown,2709,Crude Oil,584.0,20.0,20.0,2026-05-11T15:52:02.595692,2026-05-11T15:52:53.904347+00:00
2014,156,China,M,Import,400,Jordan,2709,Crude Oil,220.0,10.0,10.0,2026-05-11T15:52:02.595695,2026-05-11T15:52:53.904347+00:00
2014,156,China,M,Import,764,Thailand,2709,Crude Oil,65.0,3.0,3.0,2026-05-11T15:52:02.595698,2026-05-11T15:52:53.904347+00:00
2016,156,China,M,Import,36,Australia,2709,Crude Oil,1047120087.0,3255950177.872,3255950177.872,2026-05-11T15:52:02.595701,2026-05-11T15:52:53.904347+00:00
2016,156,China,M,Import,826,United Kingdom,2709,Crude Oil,1564298648.0,4864082471.947,4864082471.947,2026-05-11T15:52:02.595707,2026-05-11T15:52:53.904347+00:00
2016,156,China,M,Import,702,Unknown,2709,Crude Oil,601.0,1868.769,1868.769,2026-05-11T15:52:02.595752,2026-05-11T15:52:53.904347+00:00
2016,156,China,M,Import,528,Netherlands,2709,Crude Oil,404.0,1256.211,1256.211,2026-05-11T15:52:02.595755,2026-05-11T15:52:53.904347+00:00
2015,156,China,X,Export,699,Unknown,2709,Crude Oil,291068742.0,448086000.0,448086000.0,2026-05-11T15:52:02.595897,2026-05-11T15:52:53.904347+00:00
2016,156,China,M,Import,579,Unknown,2709,Crude Oil,307855397.0,957255855.432,957255855.432,2026-05-11T15:52:02.595899,2026-05-11T15:52:53.904347+00:00
2016,156,China,M,Import,842,Unknown,2709,Crude Oil,152013417.0,472675596.873,472675596.873,2026-05-11T15:52:02.595902,2026-05-11T15:52:53.904347+00:00
2016,156,China,M,Import,0,World,2709,Crude Oil,59212465.0,184117216.681,184117216.681,2026-05-11T15:52:02.595915,2026-05-11T15:52:53.904347+00:00
2017,156,China,M,Import,124,Canada,2709,Crude Oil,247136593.0,657677202.0,657677202.0,2026-05-11T15:52:02.596128,2026-05-11T15:52:53.904347+00:00
2017,156,China,M,Import,458,Malaysia,2709,Crude Oil,2687924235.0,6587311100.0,6587311100.0,2026-05-11T15:52:02.596131,2026-05-11T15:52:53.904347+00:00
2017,156,China,M,Import,704,Vietnam,2709,Crude Oil,1019428263.0,2360431000.0,2360431000.0,2026-05-11T15:52:02.596135,2026-05-11T15:52:53.904347+00:00
2017,156,China,M,Import,360,Indonesia,2709,Crude Oil,611753861.0,1485246009.0,1485246009.0,2026-05-11T15:52:02.596138,2026-05-11T15:52:53.904347+00:00
2017,156,China,M,Import,764,Thailand,2709,Crude Oil,325334286.0,811382819.0,811382819.0,2026-05-11T15:52:02.596145,2026-05-11T15:52:53.904347+00:00
2017,156,China,M,Import,0,World,2709,Crude Oil,1818078773.0,4288361710.0,4288361710.0,2026-05-11T15:52:02.596148,2026-05-11T15:52:53.904347+00:00
2014,156,China,RM,Export,156,China,3004,Medicines & Pharmaceuticals,496092.0,82267.0,82267.0,2026-05-11T15:52:04.481467,2026-05-11T15:52:53.904347+00:00
2014,156,China,RM,Export,0,World,3004,Medicines & Pharmaceuticals,496092.0,82267.0,82267.0,2026-05-11T15:52:04.481486,2026-05-11T15:52:53.904347+00:00
2014,156,China,X,Export,4,Afghanistan,3004,Medicines & Pharmaceuticals,4614183.0,922883.0,922883.0,2026-05-11T15:52:04.481493,2026-05-11T15:52:53.904347+00:00
2014,156,China,X,Export,466,Unknown,3004,Medicines & Pharmaceuticals,19482094.0,4339446.0,4339446.0,2026-05-11T15:52:04.481500,2026-05-11T15:52:53.904347+00:00
2014,156,China,X,Export,68,Bolivia,3004,Medicines & Pharmaceuticals,854167.0,133487.0,133487.0,2026-05-11T15:52:04.481506,2026-05-11T15:52:53.904347+00:00
2014,156,China,X,Export,112,Unknown,3004,Medicines & Pharmaceuticals,528446.0,21313.0,21313.0,2026-05-11T15:52:04.481512,2026-05-11T15:52:53.904347+00:00
2014,156,China,X,Export,591,Unknown,3004,Medicines & Pharmaceuticals,2760875.0,685221.0,685221.0,2026-05-11T15:52:04.481519,2026-05-11T15:52:53.904347+00:00
2014,156,China,X,Export,620,Portugal,3004,Medicines & Pharmaceuticals,1309139.0,50338.0,50338.0,2026-05-11T15:52:04.481531,2026-05-11T15:52:53.904347+00:00
2014,156,China,X,Export,752,Sweden,3004,Medicines & Pharmaceuticals,10477598.0,149064.0,149064.0,2026-05-11T15:52:04.481538,2026-05-11T15:52:53.904347+00:00
2014,156,China,X,Export,818,Egypt,3004,Medicines & Pharmaceuticals,7454580.0,460123.0,460123.0,2026-05-11T15:52:04.481544,2026-05-11T15:52:53.904347+00:00
2014,156,China,X,Export,586,Pakistan,3004,Medicines & Pharmaceuticals,50562687.0,9478182.0,9478182.0,2026-05-11T15:52:04.481550,2026-05-11T15:52:53.904347+00:00
2014,156,China,X,Export,56,Belgium,3004,Medicines & Pharmaceuticals,27660296.0,1346142.0,1346142.0,2026-05-11T15:52:04.481556,2026-05-11T15:52:53.904347+00:00
2014,156,China,X,Export,458,Malaysia,3004,Medicines & Pharmaceuticals,67918354.0,1813687.0,1813687.0,2026-05-11T15:52:04.481563,2026-05-11T15:52:53.904347+00:00
2014,156,China,X,Export,276,Germany,3004,Medicines & Pharmaceuticals,29677446.0,2037242.0,2037242.0,2026-05-11T15:52:04.481570,2026-05-11T15:52:53.904347+00:00
2014,156,China,X,Export,36,Australia,3004,Medicines & Pharmaceuticals,506363633.0,3257211.0,3257211.0,2026-05-11T15:52:04.481575,2026-05-11T15:52:53.904347+00:00
2014,156,China,X,Export,702,Unknown,3004,Medicines & Pharmaceuticals,32037118.0,639530.0,639530.0,2026-05-11T15:52:04.481581,2026-05-11T15:52:53.904347+00:00
2014,156,China,X,Export,0,World,3004,Medicines & Pharmaceuticals,2696238319.0,240760839.0,240760839.0,2026-05-11T15:52:04.481588,2026-05-11T15:52:53.904347+00:00
2014,156,China,X,Export,140,Unknown,3004,Medicines & Pharmaceuticals,424800.0,5896.0,5896.0,2026-05-11T15:52:04.481598,2026-05-11T15:52:53.904347+00:00
2014,156,China,X,Export,624,Unknown,3004,Medicines & Pharmaceuticals,221696.0,38922.0,38922.0,2026-05-11T15:52:04.481605,2026-05-11T15:52:53.904347+00:00
2014,156,China,X,Export,662,Unknown,3004,Medicines & Pharmaceuticals,396.0,92.0,92.0,2026-05-11T15:52:04.481611,2026-05-11T15:52:53.904347+00:00
2014,156,China,X,Export,442,Unknown,3004,Medicines & Pharmaceuticals,23577342.0,17791.0,17791.0,2026-05-11T15:52:04.481618,2026-05-11T15:52:53.904347+00:00
2014,156,China,X,Export,108,Unknown,3004,Medicines & Pharmaceuticals,2851296.0,404322.0,404322.0,2026-05-11T15:52:04.481625,2026-05-11T15:52:53.904347+00:00
2014,156,China,X,Export,728,Unknown,3004,Medicines & Pharmaceuticals,1373691.0,51779.0,51779.0,2026-05-11T15:52:04.481632,2026-05-11T15:52:53.904347+00:00
2014,156,China,X,Export,84,Unknown,3004,Medicines & Pharmaceuticals,274102.0,80459.0,80459.0,2026-05-11T15:52:04.481638,2026-05-11T15:52:53.904347+00:00
2014,156,China,X,Export,854,Unknown,3004,Medicines & Pharmaceuticals,4866601.0,767713.0,767713.0,2026-05-11T15:52:04.481646,2026-05-11T15:52:53.904347+00:00
2014,156,China,X,Export,174,Unknown,3004,Medicines & Pharmaceuticals,55881.0,6695.0,6695.0,2026-05-11T15:52:04.481654,2026-05-11T15:52:53.904347+00:00
2014,156,China,X,Export,776,Unknown,3004,Medicines & Pharmaceuticals,40166.0,2569.0,2569.0,2026-05-11T15:52:04.481661,2026-05-11T15:52:53.904347+00:00
2014,156,China,X,Export,531,Unknown,3004,Medicines & Pharmaceuticals,3791.0,489.0,489.0,2026-05-11T15:52:04.481673,2026-05-11T15:52:53.904347+00:00
2014,156,China,X,Export,807,Unknown,3004,Medicines & Pharmaceuticals,25791.0,2983.0,2983.0,2026-05-11T15:52:04.481680,2026-05-11T15:52:53.904347+00:00
2014,156,China,X,Export,52,Unknown,3004,Medicines & Pharmaceuticals,49887.0,4094.0,4094.0,2026-05-11T15:52:04.481687,2026-05-11T15:52:53.904347+00:00
2014,156,China,X,Export,275,Unknown,3004,Medicines & Pharmaceuticals,34434.0,5500.0,5500.0,2026-05-11T15:52:04.481694,2026-05-11T15:52:53.904347+00:00
2014,156,China,X,Export,426,Unknown,3004,Medicines & Pharmaceuticals,581362.0,41299.0,41299.0,2026-05-11T15:52:04.481701,2026-05-11T15:52:53.904347+00:00
2014,156,China,X,Export,44,Unknown,3004,Medicines & Pharmaceuticals,8177.0,602.0,602.0,2026-05-11T15:52:04.481707,2026-05-11T15:52:53.904347+00:00
2014,156,China,X,Export,132,Unknown,3004,Medicines & Pharmaceuticals,58.0,17.0,17.0,2026-05-11T15:52:04.481714,2026-05-11T15:52:53.904347+00:00
2014,156,China,X,Export,690,Unknown,3004,Medicines & Pharmaceuticals,4375.0,214.0,214.0,2026-05-11T15:52:04.481721,2026-05-11T15:52:53.904347+00:00
2014,156,China,X,Export,90,Unknown,3004,Medicines & Pharmaceuticals,662864.0,63890.0,63890.0,2026-05-11T15:52:04.481747,2026-05-11T15:52:53.904347+00:00
2014,156,China,X,Export,232,Unknown,3004,Medicines & Pharmaceuticals,109380.0,22333.0,22333.0,2026-05-11T15:52:04.481754,2026-05-11T15:52:53.904347+00:00
2014,156,China,X,Export,548,Unknown,3004,Medicines & Pharmaceuticals,10165.0,2040.0,2040.0,2026-05-11T15:52:04.481765,2026-05-11T15:52:53.904347+00:00
2014,156,China,X,Export,51,Unknown,3004,Medicines & Pharmaceuticals,145717.0,12732.0,12732.0,2026-05-11T15:52:04.481772,2026-05-11T15:52:53.904347+00:00
2014,156,China,X,Export,462,Unknown,3004,Medicines & Pharmaceuticals,7521.0,1674.0,1674.0,2026-05-11T15:52:04.481779,2026-05-11T15:52:53.904347+00:00
2014,156,China,X,Export,72,Unknown,3004,Medicines & Pharmaceuticals,5147.0,944.0,944.0,2026-05-11T15:52:04.481785,2026-05-11T15:52:53.904347+00:00
2014,156,China,X,Export,148,Unknown,3004,Medicines & Pharmaceuticals,6015425.0,1013309.0,1013309.0,2026-05-11T15:52:04.481792,2026-05-11T15:52:53.904347+00:00
2014,156,China,X,Export,646,Unknown,3004,Medicines & Pharmaceuticals,683569.0,85968.0,85968.0,2026-05-11T15:52:04.481798,2026-05-11T15:52:53.904347+00:00
2014,156,China,X,Export,498,Unknown,3004,Medicines & Pharmaceuticals,2342076.0,150221.0,150221.0,2026-05-11T15:52:04.481804,2026-05-11T15:52:53.904347+00:00
2014,156,China,X,Export,212,Unknown,3004,Medicines & Pharmaceuticals,9819.0,1074.0,1074.0,2026-05-11T15:52:04.481809,2026-05-11T15:52:53.904347+00:00
2014,156,China,X,Export,882,Unknown,3004,Medicines & Pharmaceuticals,26782.0,28920.0,28920.0,2026-05-11T15:52:04.481815,2026-05-11T15:52:53.904347+00:00
2014,156,China,X,Export,626,Unknown,3004,Medicines & Pharmaceuticals,155444.0,16746.0,16746.0,2026-05-11T15:52:04.481822,2026-05-11T15:52:53.904347+00:00
2014,156,China,X,Export,706,Unknown,3004,Medicines & Pharmaceuticals,10800950.0,2071496.0,2071496.0,2026-05-11T15:52:04.481831,2026-05-11T15:52:53.904347+00:00
2014,156,China,X,Export,270,Unknown,3004,Medicines & Pharmaceuticals,765422.0,147413.0,147413.0,2026-05-11T15:52:04.481837,2026-05-11T15:52:53.904347+00:00
2014,156,China,X,Export,328,Unknown,3004,Medicines & Pharmaceuticals,187674.0,11875.0,11875.0,2026-05-11T15:52:04.481843,2026-05-11T15:52:53.904347+00:00
2014,156,China,X,Export,740,Unknown,3004,Medicines & Pharmaceuticals,42053.0,5180.0,5180.0,2026-05-11T15:52:04.481849,2026-05-11T15:52:53.904347+00:00
2014,156,China,X,Export,558,Unknown,3004,Medicines & Pharmaceuticals,2892527.0,258867.0,258867.0,2026-05-11T15:52:04.481855,2026-05-11T15:52:53.904347+00:00
2014,156,China,X,Export,430,Unknown,3004,Medicines & Pharmaceuticals,3640958.0,762163.0,762163.0,2026-05-11T15:52:04.481864,2026-05-11T15:52:53.904347+00:00
2014,156,China,X,Export,524,Unknown,3004,Medicines & Pharmaceuticals,9556.0,845.0,845.0,2026-05-11T15:52:04.481870,2026-05-11T15:52:53.904347+00:00
2014,156,China,X,Export,562,Unknown,3004,Medicines & Pharmaceuticals,6019484.0,1321425.0,1321425.0,2026-05-11T15:52:04.481876,2026-05-11T15:52:53.904347+00:00
2014,156,China,X,Export,694,Unknown,3004,Medicines & Pharmaceuticals,8178794.0,1340190.0,1340190.0,2026-05-11T15:52:04.481883,2026-05-11T15:52:53.904347+00:00
2014,156,China,X,Export,454,Unknown,3004,Medicines & Pharmaceuticals,2383590.0,133292.0,133292.0,2026-05-11T15:52:04.481889,2026-05-11T15:52:53.904347+00:00
2014,156,China,X,Export,31,Unknown,3004,Medicines & Pharmaceuticals,619740.0,82417.0,82417.0,2026-05-11T15:52:04.481898,2026-05-11T15:52:53.904347+00:00
2014,156,China,X,Export,470,Unknown,3004,Medicines & Pharmaceuticals,4147.0,113.0,113.0,2026-05-11T15:52:04.481904,2026-05-11T15:52:53.904347+00:00
2014,156,China,X,Export,516,Unknown,3004,Medicines & Pharmaceuticals,14945.0,2273.0,2273.0,2026-05-11T15:52:04.481910,2026-05-11T15:52:53.904347+00:00
2014,156,China,X,Export,418,Unknown,3004,Medicines & Pharmaceuticals,1065895.0,145271.0,145271.0,2026-05-11T15:52:04.481917,2026-05-11T15:52:53.904347+00:00
2014,156,China,X,Export,478,Unknown,3004,Medicines & Pharmaceuticals,4226323.0,1163377.0,1163377.0,2026-05-11T15:52:04.481923,2026-05-11T15:52:53.904347+00:00
2014,156,China,X,Export,795,Unknown,3004,Medicines & Pharmaceuticals,11486362.0,2965558.0,2965558.0,2026-05-11T15:52:04.481929,2026-05-11T15:52:53.904347+00:00
2014,156,China,X,Export,800,Uganda,3004,Medicines & Pharmaceuticals,13389967.0,1233901.0,1233901.0,2026-05-11T15:52:04.481935,2026-05-11T15:52:53.904347+00:00
2014,156,China,X,Export,226,Unknown,3004,Medicines & Pharmaceuticals,686341.0,61491.0,61491.0,2026-05-11T15:52:04.481941,2026-05-11T15:52:53.904347+00:00
2014,156,China,X,Export,266,Unknown,3004,Medicines & Pharmaceuticals,438678.0,650230.0,650230.0,2026-05-11T15:52:04.481948,2026-05-11T15:52:53.904347+00:00
2014,156,China,X,Export,703,Unknown,3004,Medicines & Pharmaceuticals,1592620.0,68992.0,68992.0,2026-05-11T15:52:04.481953,2026-05-11T15:52:53.904347+00:00
2014,156,China,X,Export,324,Unknown,3004,Medicines & Pharmaceuticals,18346735.0,3730255.0,3730255.0,2026-05-11T15:52:04.481962,2026-05-11T15:52:53.904347+00:00
2014,156,China,X,Export,716,Zimbabwe,3004,Medicines & Pharmaceuticals,445337.0,52655.0,52655.0,2026-05-11T15:52:04.481968,2026-05-11T15:52:53.904347+00:00
2014,156,China,X,Export,388,Jamaica,3004,Medicines & Pharmaceuticals,2828.0,792.0,792.0,2026-05-11T15:52:04.481973,2026-05-11T15:52:53.904347+00:00
2014,156,China,X,Export,762,Unknown,3004,Medicines & Pharmaceuticals,3724952.0,1081943.0,1081943.0,2026-05-11T15:52:04.481979,2026-05-11T15:52:53.904347+00:00
2014,156,China,X,Export,688,Unknown,3004,Medicines & Pharmaceuticals,553041.0,14607.0,14607.0,2026-05-11T15:52:04.481985,2026-05-11T15:52:53.904347+00:00
2014,156,China,X,Export,894,Zambia,3004,Medicines & Pharmaceuticals,1303346.0,194852.0,194852.0,2026-05-11T15:52:04.481991,2026-05-11T15:52:53.904347+00:00
2014,156,China,X,Export,196,Cyprus,3004,Medicines & Pharmaceuticals,9571372.0,333868.0,333868.0,2026-05-11T15:52:04.481997,2026-05-11T15:52:53.904347+00:00
2014,156,China,X,Export,8,Albania,3004,Medicines & Pharmaceuticals,294632.0,27489.0,27489.0,2026-05-11T15:52:04.482003,2026-05-11T15:52:53.904347+00:00
2014,156,China,X,Export,780,Unknown,3004,Medicines & Pharmaceuticals,45701.0,4827.0,4827.0,2026-05-11T15:52:04.482009,2026-05-11T15:52:53.904347+00:00
2014,156,China,X,Export,242,Unknown,3004,Medicines & Pharmaceuticals,233966.0,49542.0,49542.0,2026-05-11T15:52:04.482015,2026-05-11T15:52:53.904347+00:00
2014,156,China,X,Export,768,Unknown,3004,Medicines & Pharmaceuticals,9231616.0,2426109.0,2426109.0,2026-05-11T15:52:04.482024,2026-05-11T15:52:53.904347+00:00
2014,156,China,X,Export,233,Unknown,3004,Medicines & Pharmaceuticals,13241.0,966.0,966.0,2026-05-11T15:52:04.482030,2026-05-11T15:52:53.904347+00:00
2014,156,China,X,Export,204,Unknown,3004,Medicines & Pharmaceuticals,14992014.0,5321286.0,5321286.0,2026-05-11T15:52:04.482037,2026-05-11T15:52:53.904347+00:00
2014,156,China,X,Export,340,Unknown,3004,Medicines & Pharmaceuticals,2839870.0,332148.0,332148.0,2026-05-11T15:52:04.482043,2026-05-11T15:52:53.904347+00:00
2014,156,China,X,Export,96,Unknown,3004,Medicines & Pharmaceuticals,46618.0,10634.0,10634.0,2026-05-11T15:52:04.482050,2026-05-11T15:52:53.904347+00:00
2014,156,China,X,Export,222,Unknown,3004,Medicines & Pharmaceuticals,2355366.0,227446.0,227446.0,2026-05-11T15:52:04.482056,2026-05-11T15:52:53.904347+00:00
2014,156,China,X,Export,178,Unknown,3004,Medicines & Pharmaceuticals,2275651.0,327895.0,327895.0,2026-05-11T15:52:04.482063,2026-05-11T15:52:53.904347+00:00
2014,156,China,X,Export,192,Unknown,3004,Medicines & Pharmaceuticals,10323370.0,1287928.0,1287928.0,2026-05-11T15:52:04.482070,2026-05-11T15:52:53.904347+00:00
2014,156,China,X,Export,600,Unknown,3004,Medicines & Pharmaceuticals,1285388.0,17818.0,17818.0,2026-05-11T15:52:04.482076,2026-05-11T15:52:53.904347+00:00
2014,156,China,X,Export,384,Unknown,3004,Medicines & Pharmaceuticals,2424504.0,699296.0,699296.0,2026-05-11T15:52:04.482083,2026-05-11T15:52:53.904347+00:00
2014,156,China,X,Export,598,Unknown,3004,Medicines & Pharmaceuticals,2881183.0,309941.0,309941.0,2026-05-11T15:52:04.482092,2026-05-11T15:52:53.904347+00:00
2014,156,China,X,Export,434,Unknown,3004,Medicines & Pharmaceuticals,473675.0,185220.0,185220.0,2026-05-11T15:52:04.482099,2026-05-11T15:52:53.904347+00:00
2014,156,China,X,Export,686,Unknown,3004,Medicines & Pharmaceuticals,8578425.0,1788852.0,1788852.0,2026-05-11T15:52:04.482106,2026-05-11T15:52:53.904347+00:00
2014,156,China,X,Export,40,Austria,3004,Medicines & Pharmaceuticals,2757302.0,32947.0,32947.0,2026-05-11T15:52:04.482113,2026-05-11T15:52:53.904347+00:00
2014,156,China,X,Export,417,Unknown,3004,Medicines & Pharmaceuticals,4494228.0,1475036.0,1475036.0,2026-05-11T15:52:04.482120,2026-05-11T15:52:53.904347+00:00
2014,156,China,X,Export,262,Unknown,3004,Medicines & Pharmaceuticals,8533697.0,1067545.0,1067545.0,2026-05-11T15:52:04.482126,2026-05-11T15:52:53.904347+00:00
2014,156,China,X,Export,450,Unknown,3004,Medicines & Pharmaceuticals,16847356.0,3256652.0,3256652.0,2026-05-11T15:52:04.482133,2026-05-11T15:52:53.904347+00:00
2014,156,China,X,Export,268,Unknown,3004,Medicines & Pharmaceuticals,1412002.0,162725.0,162725.0,2026-05-11T15:52:04.482140,2026-05-11T15:52:53.904347+00:00
2014,156,China,X,Export,512,Unknown,3004,Medicines & Pharmaceuticals,399275.0,40227.0,40227.0,2026-05-11T15:52:04.482147,2026-05-11T15:52:53.904347+00:00
2014,156,China,X,Export,191,Croatia,3004,Medicines & Pharmaceuticals,17429.0,951.0,951.0,2026-05-11T15:52:04.482154,2026-05-11T15:52:53.904347+00:00
2014,156,China,X,Export,372,Ireland,3004,Medicines & Pharmaceuticals,98635.0,2611.0,2611.0,2026-05-11T15:52:04.482163,2026-05-11T15:52:53.904347+00:00
2014,156,China,X,Export,579,Unknown,3004,Medicines & Pharmaceuticals,33596.0,2005.0,2005.0,2026-05-11T15:52:04.482169,2026-05-11T15:52:53.904347+00:00
2014,156,China,X,Export,120,Unknown,3004,Medicines & Pharmaceuticals,21589189.0,4393279.0,4393279.0,2026-05-11T15:52:04.482177,2026-05-11T15:52:53.904347+00:00
2014,156,China,X,Export,348,Unknown,3004,Medicines & Pharmaceuticals,3872599.0,291262.0,291262.0,2026-05-11T15:52:04.482183,2026-05-11T15:52:53.904347+00:00
2014,156,China,X,Export,634,Qatar,3004,Medicines & Pharmaceuticals,373487.0,13809.0,13809.0,2026-05-11T15:52:04.482189,2026-05-11T15:52:53.904347+00:00
2014,156,China,X,Export,705,Unknown,3004,Medicines & Pharmaceuticals,1999561.0,98274.0,98274.0,2026-05-11T15:52:04.482196,2026-05-11T15:52:53.904347+00:00
2014,156,China,X,Export,428,Unknown,3004,Medicines & Pharmaceuticals,2063234.0,69083.0,69083.0,2026-05-11T15:52:04.482203,2026-05-11T15:52:53.904347+00:00
2014,156,China,X,Export,887,Yemen,3004,Medicines & Pharmaceuticals,8423842.0,2698598.0,2698598.0,2026-05-11T15:52:04.482225,2026-05-11T15:52:53.904347+00:00
2014,156,China,X,Export,788,Unknown,3004,Medicines & Pharmaceuticals,22883.0,6213.0,6213.0,2026-05-11T15:52:04.482231,2026-05-11T15:52:53.904347+00:00
2014,156,China,X,Export,188,Unknown,3004,Medicines & Pharmaceuticals,3903539.0,363910.0,363910.0,2026-05-11T15:52:04.482237,2026-05-11T15:52:53.904347+00:00
2014,156,China,X,Export,757,Unknown,3004,Medicines & Pharmaceuticals,3773283.0,51236.0,51236.0,2026-05-11T15:52:04.482246,2026-05-11T15:52:53.904347+00:00
2014,156,China,X,Export,760,Unknown,3004,Medicines & Pharmaceuticals,1873307.0,246468.0,246468.0,2026-05-11T15:52:04.482252,2026-05-11T15:52:53.904347+00:00
2014,156,China,X,Export,508,Unknown,3004,Medicines & Pharmaceuticals,5612318.0,2414754.0,2414754.0,2026-05-11T15:52:04.482258,2026-05-11T15:52:53.904347+00:00
2014,156,China,X,Export,480,Unknown,3004,Medicines & Pharmaceuticals,220927.0,33271.0,33271.0,2026-05-11T15:52:04.482264,2026-05-11T15:52:53.904347+00:00
2014,156,China,X,Export,729,Unknown,3004,Medicines & Pharmaceuticals,24628988.0,2030873.0,2030873.0,2026-05-11T15:52:04.482270,2026-05-11T15:52:53.904347+00:00
2014,156,China,X,Export,496,Unknown,3004,Medicines & Pharmaceuticals,2349245.0,707095.0,707095.0,2026-05-11T15:52:04.482277,2026-05-11T15:52:53.904347+00:00
2014,156,China,X,Export,214,Unknown,3004,Medicines & Pharmaceuticals,8391471.0,1187641.0,1187641.0,2026-05-11T15:52:04.482284,2026-05-11T15:52:53.904347+00:00
2014,156,China,X,Export,180,Unknown,3004,Medicines & Pharmaceuticals,36831003.0,5185646.0,5185646.0,2026-05-11T15:52:04.482290,2026-05-11T15:52:53.904347+00:00
2014,156,China,X,Export,246,Finland,3004,Medicines & Pharmaceuticals,2091835.0,1078450.0,1078450.0,2026-05-11T15:52:04.482297,2026-05-11T15:52:53.904347+00:00
2014,156,China,X,Export,231,Ethiopia,3004,Medicines & Pharmaceuticals,12788897.0,1959646.0,1959646.0,2026-05-11T15:52:04.482304,2026-05-11T15:52:53.904347+00:00
2014,156,China,X,Export,100,Bulgaria,3004,Medicines & Pharmaceuticals,1860590.0,93464.0,93464.0,2026-05-11T15:52:04.482313,2026-05-11T15:52:53.904347+00:00
2014,156,China,X,Export,203,Czech Republic,3004,Medicines & Pharmaceuticals,1356708.0,99346.0,99346.0,2026-05-11T15:52:04.482320,2026-05-11T15:52:53.904347+00:00
2014,156,China,X,Export,858,Unknown,3004,Medicines & Pharmaceuticals,359561.0,14869.0,14869.0,2026-05-11T15:52:04.482326,2026-05-11T15:52:53.904347+00:00
2014,156,China,X,Export,208,Denmark,3004,Medicines & Pharmaceuticals,52804082.0,259845.0,259845.0,2026-05-11T15:52:04.482333,2026-05-11T15:52:53.904347+00:00
2014,156,China,X,Export,320,Unknown,3004,Medicines & Pharmaceuticals,5597770.0,559093.0,559093.0,2026-05-11T15:52:04.482339,2026-05-11T15:52:53.904347+00:00
2014,156,China,X,Export,440,Unknown,3004,Medicines & Pharmaceuticals,1197911.0,110158.0,110158.0,2026-05-11T15:52:04.482346,2026-05-11T15:52:53.904347+00:00
2014,156,China,X,Export,368,Iraq,3004,Medicines & Pharmaceuticals,5480048.0,682183.0,682183.0,2026-05-11T15:52:04.482353,2026-05-11T15:52:53.904347+00:00
2014,156,China,X,Export,446,Unknown,3004,Medicines & Pharmaceuticals,2608265.0,537556.0,537556.0,2026-05-11T15:52:04.482359,2026-05-11T15:52:53.904347+00:00
2014,156,China,X,Export,414,Kuwait,3004,Medicines & Pharmaceuticals,335388.0,88084.0,88084.0,2026-05-11T15:52:04.482365,2026-05-11T15:52:53.904347+00:00
2014,156,China,X,Export,504,Morocco,3004,Medicines & Pharmaceuticals,229013.0,40538.0,40538.0,2026-05-11T15:52:04.482370,2026-05-11T15:52:53.904347+00:00
2014,156,China,X,Export,642,Romania,3004,Medicines & Pharmaceuticals,5509970.0,222634.0,222634.0,2026-05-11T15:52:04.482381,2026-05-11T15:52:53.904347+00:00
2014,156,China,X,Export,116,Cambodia,3004,Medicines & Pharmaceuticals,8831331.0,4362417.0,4362417.0,2026-05-11T15:52:04.482387,2026-05-11T15:52:53.904347+00:00
2014,156,China,X,Export,860,Unknown,3004,Medicines & Pharmaceuticals,11977808.0,3950860.0,3950860.0,2026-05-11T15:52:04.482393,2026-05-11T15:52:53.904347+00:00
2014,156,China,X,Export,288,Ghana,3004,Medicines & Pharmaceuticals,10656672.0,1437491.0,1437491.0,2026-05-11T15:52:04.482399,2026-05-11T15:52:53.904347+00:00
2014,156,China,X,Export,834,Unknown,3004,Medicines & Pharmaceuticals,17503751.0,2280467.0,2280467.0,2026-05-11T15:52:04.482405,2026-05-11T15:52:53.904347+00:00
2014,156,China,X,Export,862,Unknown,3004,Medicines & Pharmaceuticals,1300365.0,171914.0,171914.0,2026-05-11T15:52:04.482411,2026-05-11T15:52:53.904347+00:00
2014,156,China,X,Export,422,Lebanon,3004,Medicines & Pharmaceuticals,751146.0,30096.0,30096.0,2026-05-11T15:52:04.482417,2026-05-11T15:52:53.904347+00:00
2014,156,China,X,Export,300,Greece,3004,Medicines & Pharmaceuticals,3918403.0,36307.0,36307.0,2026-05-11T15:52:04.482423,2026-05-11T15:52:53.904347+00:00
2014,156,China,X,Export,12,Algeria,3004,Medicines & Pharmaceuticals,4004720.0,207673.0,207673.0,2026-05-11T15:52:04.482428,2026-05-11T15:52:53.904347+00:00
2014,156,China,X,Export,308,Unknown,3004,Medicines & Pharmaceuticals,278.0,35.0,35.0,2026-05-11T15:52:04.482434,2026-05-11T15:52:53.904347+00:00
2014,156,China,X,Export,218,Ecuador,3004,Medicines & Pharmaceuticals,629046.0,83476.0,83476.0,2026-05-11T15:52:04.482442,2026-05-11T15:52:53.904347+00:00
2014,156,China,X,Export,24,Angola,3004,Medicines & Pharmaceuticals,25811015.0,4743923.0,4743923.0,2026-05-11T15:52:04.482448,2026-05-11T15:52:53.904347+00:00
2014,156,China,X,Export,400,Jordan,3004,Medicines & Pharmaceuticals,14267722.0,2159371.0,2159371.0,2026-05-11T15:52:04.482455,2026-05-11T15:52:53.904347+00:00
2014,156,China,X,Export,404,Kenya,3004,Medicines & Pharmaceuticals,25525726.0,3688562.0,3688562.0,2026-05-11T15:52:04.482463,2026-05-11T15:52:53.904347+00:00
2014,156,China,X,Export,398,Kazakhstan,3004,Medicines & Pharmaceuticals,5700037.0,4784238.0,4784238.0,2026-05-11T15:52:04.482470,2026-05-11T15:52:53.904347+00:00
2014,156,China,X,Export,604,Peru,3004,Medicines & Pharmaceuticals,20311874.0,1705005.0,1705005.0,2026-05-11T15:52:04.482477,2026-05-11T15:52:53.904347+00:00
2014,156,China,X,Export,32,Argentina,3004,Medicines & Pharmaceuticals,1201273.0,153318.0,153318.0,2026-05-11T15:52:04.482483,2026-05-11T15:52:53.904347+00:00
2014,156,China,X,Export,804,Ukraine,3004,Medicines & Pharmaceuticals,2805864.0,2268326.0,2268326.0,2026-05-11T15:52:04.482490,2026-05-11T15:52:53.904347+00:00
2014,156,China,X,Export,170,Colombia,3004,Medicines & Pharmaceuticals,15419810.0,527842.0,527842.0,2026-05-11T15:52:04.482497,2026-05-11T15:52:53.904347+00:00
2014,156,China,X,Export,144,Sri Lanka,3004,Medicines & Pharmaceuticals,4164820.0,4676088.0,4676088.0,2026-05-11T15:52:04.482503,2026-05-11T15:52:53.904347+00:00
2014,156,China,X,Export,104,Unknown,3004,Medicines & Pharmaceuticals,36263719.0,12283132.0,12283132.0,2026-05-11T15:52:04.482513,2026-05-11T15:52:53.904347+00:00
2014,156,China,X,Export,616,Poland,3004,Medicines & Pharmaceuticals,585480.0,18346.0,18346.0,2026-05-11T15:52:04.482521,2026-05-11T15:52:53.904347+00:00
2014,156,China,X,Export,376,Israel,3004,Medicines & Pharmaceuticals,39053.0,42501.0,42501.0,2026-05-11T15:52:04.482528,2026-05-11T15:52:53.904347+00:00
2014,156,China,X,Export,566,Nigeria,3004,Medicines & Pharmaceuticals,114063805.0,15156820.0,15156820.0,2026-05-11T15:52:04.482535,2026-05-11T15:52:53.904347+00:00
2014,156,China,X,Export,554,New Zealand,3004,Medicines & Pharmaceuticals,20452758.0,436479.0,436479.0,2026-05-11T15:52:04.482541,2026-05-11T15:52:53.904347+00:00
2014,156,China,X,Export,408,North Korea,3004,Medicines & Pharmaceuticals,22393177.0,12376934.0,12376934.0,2026-05-11T15:52:04.482548,2026-05-11T15:52:53.904347+00:00
2014,156,China,X,Export,682,Saudi Arabia,3004,Medicines & Pharmaceuticals,2565866.0,241248.0,241248.0,2026-05-11T15:52:04.482555,2026-05-11T15:52:53.904347+00:00
2014,156,China,X,Export,152,Chile,3004,Medicines & Pharmaceuticals,10642598.0,1366597.0,1366597.0,2026-05-11T15:52:04.482564,2026-05-11T15:52:53.904347+00:00
2014,156,China,X,Export,50,Bangladesh,3004,Medicines & Pharmaceuticals,2148312.0,324468.0,324468.0,2026-05-11T15:52:04.482570,2026-05-11T15:52:53.904347+00:00
2014,156,China,X,Export,251,Unknown,3004,Medicines & Pharmaceuticals,44812290.0,1095869.0,1095869.0,2026-05-11T15:52:04.482576,2026-05-11T15:52:53.904347+00:00
2014,156,China,X,Export,484,Mexico,3004,Medicines & Pharmaceuticals,8011948.0,286918.0,286918.0,2026-05-11T15:52:04.482586,2026-05-11T15:52:53.904347+00:00
2014,156,China,X,Export,724,Spain,3004,Medicines & Pharmaceuticals,4165803.0,97836.0,97836.0,2026-05-11T15:52:04.482592,2026-05-11T15:52:53.904347+00:00
2014,156,China,X,Export,364,Iran,3004,Medicines & Pharmaceuticals,4647518.0,831035.0,831035.0,2026-05-11T15:52:04.482599,2026-05-11T15:52:53.904347+00:00
2014,156,China,X,Export,76,Brazil,3004,Medicines & Pharmaceuticals,18388872.0,4333245.0,4333245.0,2026-05-11T15:52:04.482605,2026-05-11T15:52:53.904347+00:00
2014,156,China,X,Export,784,UAE,3004,Medicines & Pharmaceuticals,8755407.0,1215362.0,1215362.0,2026-05-11T15:52:04.482611,2026-05-11T15:52:53.904347+00:00
2014,156,China,X,Export,792,Turkey,3004,Medicines & Pharmaceuticals,7715807.0,899127.0,899127.0,2026-05-11T15:52:04.482617,2026-05-11T15:52:53.904347+00:00
2014,156,China,X,Export,710,South Africa,3004,Medicines & Pharmaceuticals,11209676.0,449949.0,449949.0,2026-05-11T15:52:04.482623,2026-05-11T15:52:53.904347+00:00
2014,156,China,X,Export,528,Netherlands,3004,Medicines & Pharmaceuticals,80973003.0,3322996.0,3322996.0,2026-05-11T15:52:04.482629,2026-05-11T15:52:53.904347+00:00
2014,156,China,X,Export,608,Philippines,3004,Medicines & Pharmaceuticals,47625800.0,8416425.0,8416425.0,2026-05-11T15:52:04.482634,2026-05-11T15:52:53.904347+00:00
2014,156,China,X,Export,380,Italy,3004,Medicines & Pharmaceuticals,673506.0,30305.0,30305.0,2026-05-11T15:52:04.482640,2026-05-11T15:52:53.904347+00:00
2014,156,China,X,Export,826,United Kingdom,3004,Medicines & Pharmaceuticals,77943925.0,2306344.0,2306344.0,2026-05-11T15:52:04.482649,2026-05-11T15:52:53.904347+00:00
2014,156,China,X,Export,124,Canada,3004,Medicines & Pharmaceuticals,11499378.0,970065.0,970065.0,2026-05-11T15:52:04.482655,2026-05-11T15:52:53.904347+00:00
2014,156,China,X,Export,699,Unknown,3004,Medicines & Pharmaceuticals,15779971.0,1800311.0,1800311.0,2026-05-11T15:52:04.482660,2026-05-11T15:52:53.904347+00:00
2014,156,China,X,Export,643,Russia,3004,Medicines & Pharmaceuticals,18682757.0,1931691.0,1931691.0,2026-05-11T15:52:04.482666,2026-05-11T15:52:53.904347+00:00
2014,156,China,X,Export,360,Indonesia,3004,Medicines & Pharmaceuticals,27170926.0,3567817.0,3567817.0,2026-05-11T15:52:04.482672,2026-05-11T15:52:53.904347+00:00
2014,156,China,X,Export,704,Vietnam,3004,Medicines & Pharmaceuticals,44935882.0,9917667.0,9917667.0,2026-05-11T15:52:04.482678,2026-05-11T15:52:53.904347+00:00
2014,156,China,X,Export,490,Unknown,3004,Medicines & Pharmaceuticals,1677594.0,180995.0,180995.0,2026-05-11T15:52:04.482684,2026-05-11T15:52:53.904347+00:00
2014,156,China,X,Export,764,Thailand,3004,Medicines & Pharmaceuticals,50255470.0,5807734.0,5807734.0,2026-05-11T15:52:04.482690,2026-05-11T15:52:53.904347+00:00
2014,156,China,X,Export,392,Japan,3004,Medicines & Pharmaceuticals,30660339.0,800531.0,800531.0,2026-05-11T15:52:04.482697,2026-05-11T15:52:53.904347+00:00
2014,156,China,X,Export,344,Unknown,3004,Medicines & Pharmaceuticals,201834314.0,14398706.0,14398706.0,2026-05-11T15:52:04.482703,2026-05-11T15:52:53.904347+00:00
2014,156,China,X,Export,842,Unknown,3004,Medicines & Pharmaceuticals,108572747.0,6864530.0,6864530.0,2026-05-11T15:52:04.482712,2026-05-11T15:52:53.904347+00:00
2014,156,China,X,Export,410,South Korea,3004,Medicines & Pharmaceuticals,266608715.0,1125375.0,1125375.0,2026-05-11T15:52:04.482718,2026-05-11T15:52:53.904347+00:00
2014,156,China,X,Export,48,Unknown,3004,Medicines & Pharmaceuticals,580.0,200.0,200.0,2026-05-11T15:52:04.482723,2026-05-11T15:52:53.904347+00:00
2014,156,China,M,Import,191,Croatia,3004,Medicines & Pharmaceuticals,1790085.0,3755.0,3755.0,2026-05-11T15:52:04.482749,2026-05-11T15:52:53.904347+00:00
2014,156,China,M,Import,554,New Zealand,3004,Medicines & Pharmaceuticals,215698.0,1398.0,1398.0,2026-05-11T15:52:04.482755,2026-05-11T15:52:53.904347+00:00
2014,156,China,M,Import,372,Ireland,3004,Medicines & Pharmaceuticals,220393481.0,405878.0,405878.0,2026-05-11T15:52:04.482761,2026-05-11T15:52:53.904347+00:00
2014,156,China,M,Import,348,Unknown,3004,Medicines & Pharmaceuticals,45337336.0,225200.0,225200.0,2026-05-11T15:52:04.482767,2026-05-11T15:52:53.904347+00:00
2014,156,China,M,Import,246,Finland,3004,Medicines & Pharmaceuticals,55037313.0,29022.0,29022.0,2026-05-11T15:52:04.482772,2026-05-11T15:52:53.904347+00:00
2014,156,China,M,Import,484,Mexico,3004,Medicines & Pharmaceuticals,4025696.0,568708.0,568708.0,2026-05-11T15:52:04.482778,2026-05-11T15:52:53.904347+00:00
2014,156,China,M,Import,36,Australia,3004,Medicines & Pharmaceuticals,375662701.0,550026.0,550026.0,2026-05-11T15:52:04.482784,2026-05-11T15:52:53.904347+00:00
2014,156,China,M,Import,528,Netherlands,3004,Medicines & Pharmaceuticals,188135002.0,2633628.0,2633628.0,2026-05-11T15:52:04.482793,2026-05-11T15:52:53.904347+00:00
2014,156,China,M,Import,724,Spain,3004,Medicines & Pharmaceuticals,216648156.0,1612859.0,1612859.0,2026-05-11T15:52:04.482799,2026-05-11T15:52:53.904347+00:00
2014,156,China,M,Import,56,Belgium,3004,Medicines & Pharmaceuticals,313881304.0,1722904.0,1722904.0,2026-05-11T15:52:04.482805,2026-05-11T15:52:53.904347+00:00
2014,156,China,M,Import,752,Sweden,3004,Medicines & Pharmaceuticals,791870321.0,1932406.0,1932406.0,2026-05-11T15:52:04.482811,2026-05-11T15:52:53.904347+00:00
2014,156,China,M,Import,764,Thailand,3004,Medicines & Pharmaceuticals,5409121.0,339711.0,339711.0,2026-05-11T15:52:04.482816,2026-05-11T15:52:53.904347+00:00
2014,156,China,M,Import,124,Canada,3004,Medicines & Pharmaceuticals,75687209.0,203050.0,203050.0,2026-05-11T15:52:04.482822,2026-05-11T15:52:53.904347+00:00
2014,156,China,M,Import,380,Italy,3004,Medicines & Pharmaceuticals,1596732855.0,4189540.0,4189540.0,2026-05-11T15:52:04.482828,2026-05-11T15:52:53.904347+00:00
2014,156,China,M,Import,251,Unknown,3004,Medicines & Pharmaceuticals,1086029316.0,3745103.0,3745103.0,2026-05-11T15:52:04.482834,2026-05-11T15:52:53.904347+00:00
2014,156,China,M,Import,826,United Kingdom,3004,Medicines & Pharmaceuticals,980241937.0,1131280.0,1131280.0,2026-05-11T15:52:04.482840,2026-05-11T15:52:53.904347+00:00
2014,156,China,M,Import,276,Germany,3004,Medicines & Pharmaceuticals,2430677571.0,8820561.0,8820561.0,2026-05-11T15:52:04.482845,2026-05-11T15:52:53.904347+00:00
2014,156,China,M,Import,392,Japan,3004,Medicines & Pharmaceuticals,584202499.0,2754933.0,2754933.0,2026-05-11T15:52:04.482853,2026-05-11T15:52:53.904347+00:00
2014,156,China,M,Import,842,Unknown,3004,Medicines & Pharmaceuticals,1250744595.0,4364823.0,4364823.0,2026-05-11T15:52:04.482859,2026-05-11T15:52:53.904347+00:00
2014,156,China,M,Import,400,Jordan,3004,Medicines & Pharmaceuticals,113058.0,11268.0,11268.0,2026-05-11T15:52:04.482865,2026-05-11T15:52:53.904347+00:00
2014,156,China,M,Import,196,Cyprus,3004,Medicines & Pharmaceuticals,50749486.0,681312.0,681312.0,2026-05-11T15:52:04.482871,2026-05-11T15:52:53.904347+00:00
2014,156,China,M,Import,352,Unknown,3004,Medicines & Pharmaceuticals,602896.0,1394.0,1394.0,2026-05-11T15:52:04.482878,2026-05-11T15:52:53.904347+00:00
2014,156,China,M,Import,620,Portugal,3004,Medicines & Pharmaceuticals,372.0,1.0,1.0,2026-05-11T15:52:04.482884,2026-05-11T15:52:53.904347+00:00
2014,156,China,M,Import,458,Malaysia,3004,Medicines & Pharmaceuticals,22.0,0.0,0.0,2026-05-11T15:52:04.482893,2026-05-11T15:52:53.904347+00:00
2014,156,China,M,Import,0,World,3004,Medicines & Pharmaceuticals,12843114200.0,80436745.0,80436745.0,2026-05-11T15:52:04.482899,2026-05-11T15:52:53.904347+00:00
2014,156,China,M,Import,408,North Korea,3004,Medicines & Pharmaceuticals,11251.0,3584.0,3584.0,2026-05-11T15:52:04.482909,2026-05-11T15:52:53.904347+00:00
2014,156,China,M,Import,100,Bulgaria,3004,Medicines & Pharmaceuticals,593886.0,12208.0,12208.0,2026-05-11T15:52:04.482916,2026-05-11T15:52:53.904347+00:00
2014,156,China,M,Import,818,Egypt,3004,Medicines & Pharmaceuticals,1367760.0,12052.0,12052.0,2026-05-11T15:52:04.482925,2026-05-11T15:52:53.904347+00:00
2014,156,China,M,Import,50,Bangladesh,3004,Medicines & Pharmaceuticals,174222.0,1910.0,1910.0,2026-05-11T15:52:04.482932,2026-05-11T15:52:53.904347+00:00
2014,156,China,M,Import,300,Greece,3004,Medicines & Pharmaceuticals,16836600.0,102284.0,102284.0,2026-05-11T15:52:04.482939,2026-05-11T15:52:53.904347+00:00
2014,156,China,M,Import,32,Argentina,3004,Medicines & Pharmaceuticals,64674224.0,556103.0,556103.0,2026-05-11T15:52:04.482945,2026-05-11T15:52:53.904347+00:00
2014,156,China,M,Import,705,Unknown,3004,Medicines & Pharmaceuticals,1751980.0,6199.0,6199.0,2026-05-11T15:52:04.482952,2026-05-11T15:52:53.904347+00:00
2014,156,China,M,Import,642,Romania,3004,Medicines & Pharmaceuticals,307083.0,1185.0,1185.0,2026-05-11T15:52:04.482959,2026-05-11T15:52:53.904347+00:00
2014,156,China,M,Import,376,Israel,3004,Medicines & Pharmaceuticals,9809478.0,56992.0,56992.0,2026-05-11T15:52:04.482966,2026-05-11T15:52:53.904347+00:00
2014,156,China,M,Import,579,Unknown,3004,Medicines & Pharmaceuticals,11915418.0,244413.0,244413.0,2026-05-11T15:52:04.482972,2026-05-11T15:52:53.904347+00:00
2014,156,China,M,Import,710,South Africa,3004,Medicines & Pharmaceuticals,79199829.0,1220035.0,1220035.0,2026-05-11T15:52:04.482979,2026-05-11T15:52:53.904347+00:00
2014,156,China,M,Import,208,Denmark,3004,Medicines & Pharmaceuticals,499146396.0,858591.0,858591.0,2026-05-11T15:52:04.482986,2026-05-11T15:52:53.904347+00:00
2014,156,China,M,Import,792,Turkey,3004,Medicines & Pharmaceuticals,210517.0,2008.0,2008.0,2026-05-11T15:52:04.482995,2026-05-11T15:52:53.904347+00:00
2014,156,China,M,Import,757,Unknown,3004,Medicines & Pharmaceuticals,907827071.0,427100.0,427100.0,2026-05-11T15:52:04.483001,2026-05-11T15:52:53.904347+00:00
2014,156,China,M,Import,76,Brazil,3004,Medicines & Pharmaceuticals,144802026.0,369257.0,369257.0,2026-05-11T15:52:04.483008,2026-05-11T15:52:53.904347+00:00
2014,156,China,M,Import,616,Poland,3004,Medicines & Pharmaceuticals,33218941.0,70662.0,70662.0,2026-05-11T15:52:04.483014,2026-05-11T15:52:53.904347+00:00
2014,156,China,M,Import,40,Austria,3004,Medicines & Pharmaceuticals,137112990.0,615297.0,615297.0,2026-05-11T15:52:04.483020,2026-05-11T15:52:53.904347+00:00
2014,156,China,M,Import,704,Vietnam,3004,Medicines & Pharmaceuticals,92010.0,15040.0,15040.0,2026-05-11T15:52:04.483026,2026-05-11T15:52:53.904347+00:00
2014,156,China,M,Import,702,Unknown,3004,Medicines & Pharmaceuticals,5535662.0,72477.0,72477.0,2026-05-11T15:52:04.483032,2026-05-11T15:52:53.904347+00:00
2014,156,China,M,Import,344,Unknown,3004,Medicines & Pharmaceuticals,427334437.0,37363657.0,37363657.0,2026-05-11T15:52:04.483039,2026-05-11T15:52:53.904347+00:00
2014,156,China,M,Import,156,China,3004,Medicines & Pharmaceuticals,496092.0,82267.0,82267.0,2026-05-11T15:52:04.483045,2026-05-11T15:52:53.904347+00:00
2014,156,China,M,Import,699,Unknown,3004,Medicines & Pharmaceuticals,13402512.0,97446.0,97446.0,2026-05-11T15:52:04.483050,2026-05-11T15:52:53.904347+00:00
2014,156,China,M,Import,428,Unknown,3004,Medicines & Pharmaceuticals,45061.0,100.0,100.0,2026-05-11T15:52:04.483059,2026-05-11T15:52:53.904347+00:00
2014,156,China,M,Import,490,Unknown,3004,Medicines & Pharmaceuticals,134524419.0,873778.0,873778.0,2026-05-11T15:52:04.483064,2026-05-11T15:52:53.904347+00:00
2014,156,China,M,Import,410,South Korea,3004,Medicines & Pharmaceuticals,78536215.0,1443341.0,1443341.0,2026-05-11T15:52:04.483070,2026-05-11T15:52:53.904347+00:00
2014,156,China,M,Import,203,Czech Republic,3004,Medicines & Pharmaceuticals,90.0,1.0,1.0,2026-05-11T15:52:04.483076,2026-05-11T15:52:53.904347+00:00
2015,156,China,M,Import,0,World,3004,Medicines & Pharmaceuticals,453337976.0,2204966.233,2204966.233,2026-05-11T15:52:04.483083,2026-05-11T15:52:53.904347+00:00
2015,156,China,M,Import,32,Argentina,3004,Medicines & Pharmaceuticals,63389582.0,584994.364,584994.364,2026-05-11T15:52:04.483137,2026-05-11T15:52:53.904347+00:00
2015,156,China,M,Import,804,Ukraine,3004,Medicines & Pharmaceuticals,360000.0,1863.627,1863.627,2026-05-11T15:52:04.483143,2026-05-11T15:52:53.904347+00:00
2015,156,China,M,Import,710,South Africa,3004,Medicines & Pharmaceuticals,67744502.0,1308299.145,1308299.145,2026-05-11T15:52:04.483149,2026-05-11T15:52:53.904347+00:00
2015,156,China,M,Import,372,Ireland,3004,Medicines & Pharmaceuticals,277770462.0,716415.059,716415.059,2026-05-11T15:52:04.483155,2026-05-11T15:52:53.904347+00:00
2015,156,China,M,Import,36,Australia,3004,Medicines & Pharmaceuticals,471634209.0,733565.167,733565.167,2026-05-11T15:52:04.483161,2026-05-11T15:52:53.904347+00:00
2015,156,China,M,Import,702,Unknown,3004,Medicines & Pharmaceuticals,37905175.0,137623.078,137623.078,2026-05-11T15:52:04.483166,2026-05-11T15:52:53.904347+00:00
2015,156,China,M,Import,528,Netherlands,3004,Medicines & Pharmaceuticals,249642555.0,3077797.895,3077797.895,2026-05-11T15:52:04.483172,2026-05-11T15:52:53.904347+00:00
2015,156,China,M,Import,699,Unknown,3004,Medicines & Pharmaceuticals,15558696.0,105274.17,105274.17,2026-05-11T15:52:04.483177,2026-05-11T15:52:53.904347+00:00
2015,156,China,M,Import,757,Unknown,3004,Medicines & Pharmaceuticals,471034106.0,507642.122,507642.122,2026-05-11T15:52:04.483186,2026-05-11T15:52:53.904347+00:00
2015,156,China,M,Import,380,Italy,3004,Medicines & Pharmaceuticals,1472532420.0,3636404.896,3636404.896,2026-05-11T15:52:04.483191,2026-05-11T15:52:53.904347+00:00
2015,156,China,M,Import,251,Unknown,3004,Medicines & Pharmaceuticals,1220659053.0,5321894.529,5321894.529,2026-05-11T15:52:04.483197,2026-05-11T15:52:53.904347+00:00
2015,156,China,M,Import,826,United Kingdom,3004,Medicines & Pharmaceuticals,1022722933.0,1466419.086,1466419.086,2026-05-11T15:52:04.483203,2026-05-11T15:52:53.904347+00:00
2015,156,China,M,Import,392,Japan,3004,Medicines & Pharmaceuticals,545550320.0,2812035.233,2812035.233,2026-05-11T15:52:04.483209,2026-05-11T15:52:53.904347+00:00
2015,156,China,M,Import,276,Germany,3004,Medicines & Pharmaceuticals,2851547895.0,10240101.187,10240101.187,2026-05-11T15:52:04.483215,2026-05-11T15:52:53.904347+00:00
2015,156,China,M,Import,842,Unknown,3004,Medicines & Pharmaceuticals,1346280012.0,4633708.304,4633708.304,2026-05-11T15:52:04.483220,2026-05-11T15:52:53.904347+00:00
2015,156,China,M,Import,191,Croatia,3004,Medicines & Pharmaceuticals,3234299.0,6582.0,6582.0,2026-05-11T15:52:04.483232,2026-05-11T15:52:53.904347+00:00
2015,156,China,M,Import,196,Cyprus,3004,Medicines & Pharmaceuticals,37579190.0,545987.0,545987.0,2026-05-11T15:52:04.483240,2026-05-11T15:52:53.904347+00:00
2015,156,China,M,Import,428,Unknown,3004,Medicines & Pharmaceuticals,39082.0,110.0,110.0,2026-05-11T15:52:04.483248,2026-05-11T15:52:53.904347+00:00
2015,156,China,M,Import,50,Bangladesh,3004,Medicines & Pharmaceuticals,66148.0,799.0,799.0,2026-05-11T15:52:04.483254,2026-05-11T15:52:53.904347+00:00
2015,156,China,M,Import,100,Bulgaria,3004,Medicines & Pharmaceuticals,469363.0,15336.0,15336.0,2026-05-11T15:52:04.483260,2026-05-11T15:52:53.904347+00:00
2015,156,China,M,Import,300,Greece,3004,Medicines & Pharmaceuticals,3960708.0,24916.0,24916.0,2026-05-11T15:52:04.483266,2026-05-11T15:52:53.904347+00:00
2015,156,China,M,Import,442,Unknown,3004,Medicines & Pharmaceuticals,14851.0,44.0,44.0,2026-05-11T15:52:04.483272,2026-05-11T15:52:53.904347+00:00
2015,156,China,M,Import,724,Spain,3004,Medicines & Pharmaceuticals,81039.0,90.0,90.0,2026-05-11T15:52:04.483278,2026-05-11T15:52:53.904347+00:00
2015,156,China,M,Import,376,Israel,3004,Medicines & Pharmaceuticals,15269944.0,85171.0,85171.0,2026-05-11T15:52:04.483296,2026-05-11T15:52:53.904347+00:00
2015,156,China,M,Import,554,New Zealand,3004,Medicines & Pharmaceuticals,425121.0,3193.0,3193.0,2026-05-11T15:52:04.483320,2026-05-11T15:52:53.904347+00:00
2015,156,China,M,Import,579,Unknown,3004,Medicines & Pharmaceuticals,10283.0,49.0,49.0,2026-05-11T15:52:04.483333,2026-05-11T15:52:53.904347+00:00
2015,156,China,M,Import,76,Brazil,3004,Medicines & Pharmaceuticals,35841154.0,98076.0,98076.0,2026-05-11T15:52:04.483339,2026-05-11T15:52:53.904347+00:00
2015,156,China,M,Import,348,Unknown,3004,Medicines & Pharmaceuticals,458851.0,10866.0,10866.0,2026-05-11T15:52:04.483370,2026-05-11T15:52:53.904347+00:00
2015,156,China,M,Import,40,Austria,3004,Medicines & Pharmaceuticals,2250597.0,3409.0,3409.0,2026-05-11T15:52:04.483377,2026-05-11T15:52:53.904347+00:00
2015,156,China,M,Import,705,Unknown,3004,Medicines & Pharmaceuticals,1410105.0,4477.0,4477.0,2026-05-11T15:52:04.483385,2026-05-11T15:52:53.904347+00:00
2015,156,China,M,Import,246,Finland,3004,Medicines & Pharmaceuticals,14518648.0,25669.0,25669.0,2026-05-11T15:52:04.483391,2026-05-11T15:52:53.904347+00:00
2015,156,China,M,Import,616,Poland,3004,Medicines & Pharmaceuticals,73258649.0,129811.0,129811.0,2026-05-11T15:52:04.483402,2026-05-11T15:52:53.904347+00:00
2015,156,China,M,Import,484,Mexico,3004,Medicines & Pharmaceuticals,2685762.0,460540.0,460540.0,2026-05-11T15:52:04.483408,2026-05-11T15:52:53.904347+00:00
2015,156,China,M,Import,124,Canada,3004,Medicines & Pharmaceuticals,11410594.0,12431.0,12431.0,2026-05-11T15:52:04.483434,2026-05-11T15:52:53.904347+00:00
2015,156,China,M,Import,208,Denmark,3004,Medicines & Pharmaceuticals,305692053.0,525950.0,525950.0,2026-05-11T15:52:04.483453,2026-05-11T15:52:53.904347+00:00
2015,156,China,M,Import,764,Thailand,3004,Medicines & Pharmaceuticals,5387801.0,252549.0,252549.0,2026-05-11T15:52:04.483485,2026-05-11T15:52:53.904347+00:00
2015,156,China,M,Import,752,Sweden,3004,Medicines & Pharmaceuticals,554909766.0,2338135.0,2338135.0,2026-05-11T15:52:04.483503,2026-05-11T15:52:53.904347+00:00
2015,156,China,M,Import,458,Malaysia,3004,Medicines & Pharmaceuticals,5242.0,120.0,120.0,2026-05-11T15:52:04.483508,2026-05-11T15:52:53.904347+00:00
2015,156,China,M,Import,360,Indonesia,3004,Medicines & Pharmaceuticals,9113.0,24.0,24.0,2026-05-11T15:52:04.483514,2026-05-11T15:52:53.904347+00:00
2015,156,China,M,Import,56,Belgium,3004,Medicines & Pharmaceuticals,2045.0,236.0,236.0,2026-05-11T15:52:04.483528,2026-05-11T15:52:53.904347+00:00
2015,156,China,M,Import,203,Czech Republic,3004,Medicines & Pharmaceuticals,70817.0,1064.0,1064.0,2026-05-11T15:52:04.483540,2026-05-11T15:52:53.904347+00:00
2015,156,China,M,Import,792,Turkey,3004,Medicines & Pharmaceuticals,15981.0,230.0,230.0,2026-05-11T15:52:04.483570,2026-05-11T15:52:53.904347+00:00
2015,156,China,M,Import,620,Portugal,3004,Medicines & Pharmaceuticals,2095.0,150.0,150.0,2026-05-11T15:52:04.483708,2026-05-11T15:52:53.904347+00:00
2015,156,China,M,Import,410,South Korea,3004,Medicines & Pharmaceuticals,81360767.0,868620.0,868620.0,2026-05-11T15:52:04.483859,2026-05-11T15:52:53.904347+00:00
2015,156,China,M,Import,490,Unknown,3004,Medicines & Pharmaceuticals,68679042.0,859457.0,859457.0,2026-05-11T15:52:04.483865,2026-05-11T15:52:53.904347+00:00
2015,156,China,M,Import,352,Unknown,3004,Medicines & Pharmaceuticals,23875.0,11.0,11.0,2026-05-11T15:52:04.484229,2026-05-11T15:52:53.904347+00:00
2015,156,China,M,Import,156,China,3004,Medicines & Pharmaceuticals,20486.0,999.0,999.0,2026-05-11T15:52:04.484320,2026-05-11T15:52:53.904347+00:00
2015,156,China,M,Import,642,Romania,3004,Medicines & Pharmaceuticals,9260.0,8.0,8.0,2026-05-11T15:52:04.484426,2026-05-11T15:52:53.904347+00:00
2015,156,China,M,Import,344,Unknown,3004,Medicines & Pharmaceuticals,344071804.0,22755612.0,22755612.0,2026-05-11T15:52:04.484560,2026-05-11T15:52:53.904347+00:00
2015,156,China,M,Import,124,Canada,7108,Gold,95793926.0,2535.65,2535.65,2026-05-11T15:52:07.233781,2026-05-11T15:52:53.904347+00:00
2015,156,China,M,Import,36,Australia,7108,Gold,2408022148.0,66133.63,66133.63,2026-05-11T15:52:07.233799,2026-05-11T15:52:53.904347+00:00
2015,156,China,M,Import,702,Unknown,7108,Gold,142396.0,4.21,4.21,2026-05-11T15:52:07.233806,2026-05-11T15:52:53.904347+00:00
2015,156,China,M,Import,710,South Africa,7108,Gold,24000.0,0.5,0.5,2026-05-11T15:52:07.233811,2026-05-11T15:52:53.904347+00:00
2015,156,China,M,Import,458,Malaysia,7108,Gold,245678.0,5.17,5.17,2026-05-11T15:52:07.233817,2026-05-11T15:52:53.904347+00:00
2015,156,China,M,Import,682,Saudi Arabia,7108,Gold,20014.0,0.5,0.5,2026-05-11T15:52:07.233830,2026-05-11T15:52:53.904347+00:00
2015,156,China,M,Import,757,Unknown,7108,Gold,7277025907.0,194705.0,194705.0,2026-05-11T15:52:07.233840,2026-05-11T15:52:53.904347+00:00
2015,156,China,M,Import,826,United Kingdom,7108,Gold,13239328.0,349.79,349.79,2026-05-11T15:52:07.233869,2026-05-11T15:52:53.904347+00:00
2015,156,China,M,Import,251,Unknown,7108,Gold,1016768.0,34.26,34.26,2026-05-11T15:52:07.233882,2026-05-11T15:52:53.904347+00:00
2015,156,China,M,Import,410,South Korea,7108,Gold,479794.0,10.36,10.36,2026-05-11T15:52:07.233887,2026-05-11T15:52:53.904347+00:00
2015,156,China,M,Import,392,Japan,7108,Gold,106654859.0,2801.82,2801.82,2026-05-11T15:52:07.233902,2026-05-11T15:52:53.904347+00:00
2015,156,China,M,Import,490,Unknown,7108,Gold,1721806.0,40.95,40.95,2026-05-11T15:52:07.233920,2026-05-11T15:52:53.904347+00:00
2015,156,China,M,Import,0,World,7108,Gold,3787109946.0,99088.141,99088.141,2026-05-11T15:52:07.233995,2026-05-11T15:52:53.904347+00:00
2015,156,China,M,Import,842,Unknown,7108,Gold,5740630914.0,154420.831,154420.831,2026-05-11T15:52:07.234001,2026-05-11T15:52:53.904347+00:00
2015,156,China,M,Import,180,Unknown,7108,Gold,730143.0,24.12,24.12,2026-05-11T15:52:07.234013,2026-05-11T15:52:53.904347+00:00
2015,156,China,M,Import,762,Unknown,7108,Gold,1752998.0,50.31,50.31,2026-05-11T15:52:07.234020,2026-05-11T15:52:53.904347+00:00
2015,156,China,M,Import,834,Unknown,7108,Gold,1356104.0,40.8,40.8,2026-05-11T15:52:07.234028,2026-05-11T15:52:53.904347+00:00
2015,156,China,M,Import,408,North Korea,7108,Gold,2850990.0,100.46,100.46,2026-05-11T15:52:07.234034,2026-05-11T15:52:53.904347+00:00
2015,156,China,M,Import,784,UAE,7108,Gold,2362382.0,63.86,63.86,2026-05-11T15:52:07.234040,2026-05-11T15:52:53.904347+00:00
2015,156,China,M,Import,608,Philippines,7108,Gold,14197.0,0.39,0.39,2026-05-11T15:52:07.234051,2026-05-11T15:52:53.904347+00:00
2015,156,China,M,Import,276,Germany,7108,Gold,2976535.0,73.27,73.27,2026-05-11T15:52:07.234057,2026-05-11T15:52:53.904347+00:00
2015,156,China,M,Import,288,Ghana,7108,Gold,96519083.0,2188.0,2188.0,2026-05-11T15:52:07.234063,2026-05-11T15:52:53.904347+00:00
2015,156,China,M,Import,376,Israel,7108,Gold,208228.0,7.26,7.26,2026-05-11T15:52:07.234069,2026-05-11T15:52:53.904347+00:00
2015,156,China,M,Import,643,Russia,7108,Gold,9963924.0,265.07,265.07,2026-05-11T15:52:07.234075,2026-05-11T15:52:53.904347+00:00
2015,156,China,M,Import,899,Unknown,7108,Gold,973301951.0,25601.29,25601.29,2026-05-11T15:52:07.234095,2026-05-11T15:52:53.904347+00:00
2015,156,China,M,Import,792,Turkey,7108,Gold,5575164.0,114.65,114.65,2026-05-11T15:52:07.234100,2026-05-11T15:52:53.904347+00:00
2015,156,China,M,Import,76,Brazil,7108,Gold,5983727.0,174.81,174.81,2026-05-11T15:52:07.234105,2026-05-11T15:52:53.904347+00:00
2015,156,China,M,Import,484,Mexico,7108,Gold,1483757.0,37.73,37.73,2026-05-11T15:52:07.234111,2026-05-11T15:52:53.904347+00:00
2015,156,China,M,Import,56,Belgium,7108,Gold,441000.0,9.0,9.0,2026-05-11T15:52:07.234123,2026-05-11T15:52:53.904347+00:00
2015,156,China,M,Import,764,Thailand,7108,Gold,762840.0,18.0,18.0,2026-05-11T15:52:07.234148,2026-05-11T15:52:53.904347+00:00
2015,156,China,M,Import,380,Italy,7108,Gold,7621725.0,200.57,200.57,2026-05-11T15:52:07.234168,2026-05-11T15:52:53.904347+00:00
2015,156,China,M,Import,344,Unknown,7108,Gold,4626328603.0,124948.09,124948.09,2026-05-11T15:52:07.234187,2026-05-11T15:52:53.904347+00:00
2015,156,China,M,Import,156,China,7108,Gold,933354061.0,24800.0,24800.0,2026-05-11T15:52:07.234395,2026-05-11T15:52:53.904347+00:00
2015,156,China,X,Export,51,Unknown,7108,Gold,3509.0,0.04,0.04,2026-05-11T15:52:07.234413,2026-05-11T15:52:53.904347+00:00
2015,156,China,X,Export,40,Austria,7108,Gold,132100.0,2.91,2.91,2026-05-11T15:52:07.234422,2026-05-11T15:52:53.904347+00:00
2015,156,China,X,Export,251,Unknown,7108,Gold,526062.0,11.94,11.94,2026-05-11T15:52:07.234428,2026-05-11T15:52:53.904347+00:00
2015,156,China,X,Export,76,Brazil,7108,Gold,220.0,0.006,0.006,2026-05-11T15:52:07.234434,2026-05-11T15:52:53.904347+00:00
2015,156,China,X,Export,36,Australia,7108,Gold,375020.0,8.86,8.86,2026-05-11T15:52:07.234440,2026-05-11T15:52:53.904347+00:00
2015,156,China,X,Export,276,Germany,7108,Gold,3613956.0,79.16,79.16,2026-05-11T15:52:07.234446,2026-05-11T15:52:53.904347+00:00
2015,156,China,X,Export,0,World,7108,Gold,3509.0,0.04,0.04,2026-05-11T15:52:07.234489,2026-05-11T15:52:53.904347+00:00
2015,156,China,X,Export,764,Thailand,7108,Gold,13269434.0,339.56,339.56,2026-05-11T15:52:07.234668,2026-05-11T15:52:53.904347+00:00
2015,156,China,X,Export,842,Unknown,7108,Gold,421006.0,10.45,10.45,2026-05-11T15:52:07.234679,2026-05-11T15:52:53.904347+00:00
2015,156,China,X,Export,344,Unknown,7108,Gold,1750066552.0,46295.9,46295.9,2026-05-11T15:52:07.234685,2026-05-11T15:52:53.904347+00:00
2016,156,China,X,Export,826,United Kingdom,7108,Gold,8176.0,0.225,0.225,2026-05-11T15:52:07.234691,2026-05-11T15:52:53.904347+00:00
2016,156,China,X,Export,616,Poland,7108,Gold,31794.0,0.874,0.874,2026-05-11T15:52:07.234702,2026-05-11T15:52:53.904347+00:00
2016,156,China,X,Export,458,Malaysia,7108,Gold,1115306.0,30.656,30.656,2026-05-11T15:52:07.234708,2026-05-11T15:52:53.904347+00:00
2016,156,China,X,Export,372,Ireland,7108,Gold,77889.0,2.141,2.141,2026-05-11T15:52:07.234713,2026-05-11T15:52:53.904347+00:00
2016,156,China,X,Export,276,Germany,7108,Gold,2990224.0,82.192,82.192,2026-05-11T15:52:07.234719,2026-05-11T15:52:53.904347+00:00
2016,156,China,X,Export,704,Vietnam,7108,Gold,226047.0,6.213,6.213,2026-05-11T15:52:07.234753,2026-05-11T15:52:53.904347+00:00
2016,156,China,X,Export,380,Italy,7108,Gold,2574252.0,70.758,70.758,2026-05-11T15:52:07.234759,2026-05-11T15:52:53.904347+00:00
2016,156,China,X,Export,608,Philippines,7108,Gold,1806251.0,49.648,49.648,2026-05-11T15:52:07.234765,2026-05-11T15:52:53.904347+00:00
2016,156,China,X,Export,392,Japan,7108,Gold,1638301.0,45.032,45.032,2026-05-11T15:52:07.234771,2026-05-11T15:52:53.904347+00:00
2016,156,China,X,Export,702,Unknown,7108,Gold,3810550.0,104.74,104.74,2026-05-11T15:52:07.234777,2026-05-11T15:52:53.904347+00:00
2016,156,China,X,Export,410,South Korea,7108,Gold,30584004.0,840.657,840.657,2026-05-11T15:52:07.234782,2026-05-11T15:52:53.904347+00:00
2016,156,China,X,Export,792,Turkey,7108,Gold,31732.0,0.872,0.872,2026-05-11T15:52:07.234788,2026-05-11T15:52:53.904347+00:00
2016,156,China,X,Export,724,Spain,7108,Gold,134200.0,3.689,3.689,2026-05-11T15:52:07.234793,2026-05-11T15:52:53.904347+00:00
2016,156,China,X,Export,344,Unknown,7108,Gold,1167613278.0,31189.561,31189.561,2026-05-11T15:52:07.234799,2026-05-11T15:52:53.904347+00:00
2016,156,China,X,Export,36,Australia,7108,Gold,469294.0,12.899,12.899,2026-05-11T15:52:07.234805,2026-05-11T15:52:53.904347+00:00
2016,156,China,X,Export,40,Austria,7108,Gold,54800.0,1.506,1.506,2026-05-11T15:52:07.234815,2026-05-11T15:52:53.904347+00:00
2016,156,China,X,Export,251,Unknown,7108,Gold,618350.0,16.996,16.996,2026-05-11T15:52:07.234821,2026-05-11T15:52:53.904347+00:00
2016,156,China,X,Export,490,Unknown,7108,Gold,9393972.0,258.211,258.211,2026-05-11T15:52:07.234827,2026-05-11T15:52:53.904347+00:00
2016,156,China,X,Export,842,Unknown,7108,Gold,11298814.0,303.356,303.356,2026-05-11T15:52:07.234834,2026-05-11T15:52:53.904347+00:00
2016,156,China,X,Export,0,World,7108,Gold,31794.0,0.874,0.874,2026-05-11T15:52:07.234862,2026-05-11T15:52:53.904347+00:00
2016,156,China,M,Import,818,Egypt,7108,Gold,208000.0,5.397,5.397,2026-05-11T15:52:07.234888,2026-05-11T15:52:53.904347+00:00
2016,156,China,M,Import,410,South Korea,7108,Gold,201504299.0,5228.581,5228.581,2026-05-11T15:52:07.234897,2026-05-11T15:52:53.904347+00:00
2016,156,China,M,Import,792,Turkey,7108,Gold,4719000.0,122.447,122.447,2026-05-11T15:52:07.234903,2026-05-11T15:52:53.904347+00:00
2016,156,China,M,Import,643,Russia,7108,Gold,6975987.0,181.011,181.011,2026-05-11T15:52:07.234908,2026-05-11T15:52:53.904347+00:00
2016,156,China,M,Import,124,Canada,7108,Gold,748177890.0,19414.102,19414.102,2026-05-11T15:52:07.234914,2026-05-11T15:52:53.904347+00:00
2016,156,China,M,Import,752,Sweden,7108,Gold,65505.0,1.7,1.7,2026-05-11T15:52:07.234920,2026-05-11T15:52:53.904347+00:00
2016,156,China,M,Import,36,Australia,7108,Gold,4575772510.0,118733.689,118733.689,2026-05-11T15:52:07.234926,2026-05-11T15:52:53.904347+00:00
2016,156,China,M,Import,524,Unknown,7108,Gold,2331.0,0.06,0.06,2026-05-11T15:52:07.234932,2026-05-11T15:52:53.904347+00:00
2016,156,China,M,Import,710,South Africa,7108,Gold,8079871385.0,212587.091,212587.091,2026-05-11T15:52:07.234939,2026-05-11T15:52:53.904347+00:00
2016,156,China,M,Import,702,Unknown,7108,Gold,736318877.0,19109.457,19109.457,2026-05-11T15:52:07.234945,2026-05-11T15:52:53.904347+00:00
2016,156,China,M,Import,376,Israel,7108,Gold,186525.0,5.024,5.024,2026-05-11T15:52:07.234951,2026-05-11T15:52:53.904347+00:00
2016,156,China,M,Import,360,Indonesia,7108,Gold,100273.0,2.602,2.602,2026-05-11T15:52:07.234957,2026-05-11T15:52:53.904347+00:00
2016,156,China,M,Import,458,Malaysia,7108,Gold,4769.0,0.128,0.128,2026-05-11T15:52:07.234962,2026-05-11T15:52:53.904347+00:00
2016,156,China,M,Import,76,Brazil,7108,Gold,50000.0,1.297,1.297,2026-05-11T15:52:07.234968,2026-05-11T15:52:53.904347+00:00
2016,156,China,M,Import,826,United Kingdom,7108,Gold,2309641.0,59.93,59.93,2026-05-11T15:52:07.234975,2026-05-11T15:52:53.904347+00:00
2016,156,China,M,Import,784,UAE,7108,Gold,184490368.0,4787.108,4787.108,2026-05-11T15:52:07.234980,2026-05-11T15:52:53.904347+00:00
2016,156,China,M,Import,380,Italy,7108,Gold,8253060.0,214.512,214.512,2026-05-11T15:52:07.234986,2026-05-11T15:52:53.904347+00:00
2016,156,China,M,Import,764,Thailand,7108,Gold,57958.0,1.504,1.504,2026-05-11T15:52:07.234992,2026-05-11T15:52:53.904347+00:00
2016,156,China,M,Import,276,Germany,7108,Gold,213460815.0,5542.737,5542.737,2026-05-11T15:52:07.235001,2026-05-11T15:52:53.904347+00:00
2016,156,China,M,Import,344,Unknown,7108,Gold,10271244376.0,266657.294,266657.294,2026-05-11T15:52:07.235009,2026-05-11T15:52:53.904347+00:00
2016,156,China,M,Import,392,Japan,7108,Gold,30391867.0,791.611,791.611,2026-05-11T15:52:07.235015,2026-05-11T15:52:53.904347+00:00
2016,156,China,M,Import,156,China,7108,Gold,307887328.0,7999.896,7999.896,2026-05-11T15:52:07.235022,2026-05-11T15:52:53.904347+00:00
2016,156,China,M,Import,180,Unknown,7108,Gold,16828208.0,453.308,453.308,2026-05-11T15:52:07.235033,2026-05-11T15:52:53.904347+00:00
2016,156,China,M,Import,608,Philippines,7108,Gold,642.0,0.017,0.017,2026-05-11T15:52:07.235093,2026-05-11T15:52:53.904347+00:00
2016,156,China,M,Import,682,Saudi Arabia,7108,Gold,3384.0,0.102,0.102,2026-05-11T15:52:07.235149,2026-05-11T15:52:53.904347+00:00
2016,156,China,RM,Export,156,China,7108,Gold,307887328.0,7999.896,7999.896,2026-05-11T15:52:07.235177,2026-05-11T15:52:53.904347+00:00
2016,156,China,M,Import,757,Unknown,7108,Gold,15541839570.0,403276.927,403276.927,2026-05-11T15:52:07.235244,2026-05-11T15:52:53.904347+00:00
2016,156,China,M,Import,251,Unknown,7108,Gold,1210170.0,32.599,32.599,2026-05-11T15:52:07.235252,2026-05-11T15:52:53.904347+00:00
2016,156,China,M,Import,842,Unknown,7108,Gold,68136.0,1.835,1.835,2026-05-11T15:52:07.235258,2026-05-11T15:52:53.904347+00:00
2016,156,China,M,Import,490,Unknown,7108,Gold,43828987.0,1138.103,1138.103,2026-05-11T15:52:07.235450,2026-05-11T15:52:53.904347+00:00
2016,156,China,M,Import,899,Unknown,7108,Gold,914093168.0,23718.835,23718.835,2026-05-11T15:52:07.235467,2026-05-11T15:52:53.904347+00:00
2016,156,China,RM,Export,0,World,7108,Gold,307887328.0,7999.896,7999.896,2026-05-11T15:52:07.235552,2026-05-11T15:52:53.904347+00:00
2016,156,China,M,Import,0,World,7108,Gold,16828208.0,453.308,453.308,2026-05-11T15:52:07.235558,2026-05-11T15:52:53.904347+00:00
2015,156,China,X,Export,826,United Kingdom,7108,Gold,2680184.0,57.66,57.66,2026-05-11T15:52:07.235680,2026-05-11T15:52:53.904347+00:00
2015,156,China,X,Export,608,Philippines,7108,Gold,1851333.0,48.26,48.26,2026-05-11T15:52:07.235685,2026-05-11T15:52:53.904347+00:00
2015,156,China,X,Export,392,Japan,7108,Gold,2071612.0,54.5,54.5,2026-05-11T15:52:07.235693,2026-05-11T15:52:53.904347+00:00
2015,156,China,X,Export,360,Indonesia,7108,Gold,351437.0,90.4,90.4,2026-05-11T15:52:07.235698,2026-05-11T15:52:53.904347+00:00
2015,156,China,X,Export,704,Vietnam,7108,Gold,193220.0,4.42,4.42,2026-05-11T15:52:07.235704,2026-05-11T15:52:53.904347+00:00
2015,156,China,X,Export,458,Malaysia,7108,Gold,819405.0,20.19,20.19,2026-05-11T15:52:07.235710,2026-05-11T15:52:53.904347+00:00
2015,156,China,X,Export,410,South Korea,7108,Gold,46865529.0,1101.35,1101.35,2026-05-11T15:52:07.235716,2026-05-11T15:52:53.904347+00:00
2015,156,China,X,Export,702,Unknown,7108,Gold,30364279.0,740.13,740.13,2026-05-11T15:52:07.235750,2026-05-11T15:52:53.904347+00:00
2015,156,China,X,Export,703,Unknown,7108,Gold,53810.0,0.97,0.97,2026-05-11T15:52:07.235756,2026-05-11T15:52:53.904347+00:00
2015,156,China,X,Export,372,Ireland,7108,Gold,58007.0,1.19,1.19,2026-05-11T15:52:07.235761,2026-05-11T15:52:53.904347+00:00
2015,156,China,X,Export,705,Unknown,7108,Gold,435.0,0.007,0.007,2026-05-11T15:52:07.235767,2026-05-11T15:52:53.904347+00:00
2015,156,China,RM,Export,156,China,7108,Gold,933354061.0,24800.0,24800.0,2026-05-11T15:52:07.235775,2026-05-11T15:52:53.904347+00:00
2017,156,China,M,Import,702,Unknown,7108,Gold,4772722986.0,118870.443,118870.443,2026-05-11T15:52:07.235858,2026-05-11T15:52:53.904347+00:00
2017,156,China,M,Import,792,Turkey,7108,Gold,15617304.0,377.0,377.0,2026-05-11T15:52:07.235863,2026-05-11T15:52:53.904347+00:00
2017,156,China,M,Import,344,Unknown,7108,Gold,572099689.0,14006.0,14006.0,2026-05-11T15:52:07.235874,2026-05-11T15:52:53.904347+00:00
2017,156,China,M,Import,124,Canada,7108,Gold,556141145.0,13667.06,13667.06,2026-05-11T15:52:07.235880,2026-05-11T15:52:53.904347+00:00
2017,156,China,M,Import,458,Malaysia,7108,Gold,3885987.0,95.21,95.21,2026-05-11T15:52:07.235886,2026-05-11T15:52:53.904347+00:00
2017,156,China,M,Import,36,Australia,7108,Gold,8326670574.0,204792.17,204792.17,2026-05-11T15:52:07.235891,2026-05-11T15:52:53.904347+00:00
2017,156,China,M,Import,826,United Kingdom,7108,Gold,1007517.0,24.65,24.65,2026-05-11T15:52:07.235899,2026-05-11T15:52:53.904347+00:00
2017,156,China,M,Import,156,China,7108,Gold,830968183.0,20220.59,20220.59,2026-05-11T15:52:07.235905,2026-05-11T15:52:53.904347+00:00
2017,156,China,M,Import,699,Unknown,7108,Gold,168500.0,3.5,3.5,2026-05-11T15:52:07.235910,2026-05-11T15:52:53.904347+00:00
2017,156,China,M,Import,251,Unknown,7108,Gold,2198299.0,67.43,67.43,2026-05-11T15:52:07.235916,2026-05-11T15:52:53.904347+00:00
2017,156,China,M,Import,842,Unknown,7108,Gold,4774441197.0,118848.91,118848.91,2026-05-11T15:52:07.235922,2026-05-11T15:52:53.904347+00:00
2017,156,China,M,Import,764,Thailand,7108,Gold,140300.0,3.04,3.04,2026-05-11T15:52:07.235928,2026-05-11T15:52:53.904347+00:00
2017,156,China,M,Import,276,Germany,7108,Gold,179440943.0,3818.09,3818.09,2026-05-11T15:52:07.235933,2026-05-11T15:52:53.904347+00:00
2017,156,China,M,Import,380,Italy,7108,Gold,11156723.0,257.1,257.1,2026-05-11T15:52:07.235939,2026-05-11T15:52:53.904347+00:00
2017,156,China,M,Import,392,Japan,7108,Gold,454801203.0,11276.53,11276.53,2026-05-11T15:52:07.235944,2026-05-11T15:52:53.904347+00:00
2017,156,China,M,Import,490,Unknown,7108,Gold,11120257.0,267.44,267.44,2026-05-11T15:52:07.235949,2026-05-11T15:52:53.904347+00:00
2017,156,China,M,Import,410,South Korea,7108,Gold,55410309.0,1279.46,1279.46,2026-05-11T15:52:07.235957,2026-05-11T15:52:53.904347+00:00
2017,156,China,M,Import,0,World,7108,Gold,55140367.0,1268.49,1268.49,2026-05-11T15:52:07.235962,2026-05-11T15:52:53.904347+00:00
2015,156,China,RM,Export,0,World,7108,Gold,933354061.0,24800.0,24800.0,2026-05-11T15:52:07.236078,2026-05-11T15:52:53.904347+00:00
2015,156,China,M,Import,360,Indonesia,7108,Gold,50000.0,1.0,1.0,2026-05-11T15:52:07.236221,2026-05-11T15:52:53.904347+00:00
2017,156,China,M,Import,178,Unknown,7108,Gold,7765747.0,221.37,221.37,2026-05-11T15:52:07.236232,2026-05-11T15:52:53.904347+00:00
2017,156,China,M,Import,180,Unknown,7108,Gold,30959650.0,857.61,857.61,2026-05-11T15:52:07.236238,2026-05-11T15:52:53.904347+00:00
2017,156,China,M,Import,710,South Africa,7108,Gold,358024239.0,9000.0,9000.0,2026-05-11T15:52:07.236244,2026-05-11T15:52:53.904347+00:00
2017,156,China,M,Import,643,Russia,7108,Gold,98815183.0,2565.0,2565.0,2026-05-11T15:52:07.236250,2026-05-11T15:52:53.904347+00:00
2017,156,China,M,Import,784,UAE,7108,Gold,5425751.0,132.73,132.73,2026-05-11T15:52:07.236264,2026-05-11T15:52:53.904347+00:00
2017,156,China,M,Import,757,Unknown,7108,Gold,12823724389.0,317075.56,317075.56,2026-05-11T15:52:07.236309,2026-05-11T15:52:53.904347+00:00
2017,156,China,M,Import,288,Ghana,7108,Gold,2276765.0,56.8,56.8,2026-05-11T15:52:07.236467,2026-05-11T15:52:53.904347+00:00
2017,156,China,M,Import,376,Israel,7108,Gold,205285.0,6.75,6.75,2026-05-11T15:52:07.236473,2026-05-11T15:52:53.904347+00:00
2015,156,China,X,Export,818,Egypt,7108,Gold,25725.0,0.62,0.62,2026-05-11T15:52:07.236663,2026-05-11T15:52:53.904347+00:00
2015,156,China,X,Export,792,Turkey,7108,Gold,15361.0,0.32,0.32,2026-05-11T15:52:07.236675,2026-05-11T15:52:53.904347+00:00
2015,156,China,X,Export,616,Poland,7108,Gold,40060.0,0.9,0.9,2026-05-11T15:52:07.236680,2026-05-11T15:52:53.904347+00:00
2015,156,China,X,Export,380,Italy,7108,Gold,1367314.0,30.5,30.5,2026-05-11T15:52:07.236685,2026-05-11T15:52:53.904347+00:00
2015,156,China,X,Export,490,Unknown,7108,Gold,10061826.0,231.18,231.18,2026-05-11T15:52:07.236691,2026-05-11T15:52:53.904347+00:00
2017,156,China,X,Export,0,World,7108,Gold,73717.0,1.45,1.45,2026-05-11T15:52:07.236826,2026-05-11T15:52:53.904347+00:00
2017,156,China,X,Export,842,Unknown,7108,Gold,1785930.0,38.84,38.84,2026-05-11T15:52:07.236851,2026-05-11T15:52:53.904347+00:00
2017,156,China,X,Export,826,United Kingdom,7108,Gold,2794376.0,52.62,52.62,2026-05-11T15:52:07.236856,2026-05-11T15:52:53.904347+00:00
2017,156,China,X,Export,344,Unknown,7108,Gold,413071261.0,10204.78,10204.78,2026-05-11T15:52:07.236930,2026-05-11T15:52:53.904347+00:00
2017,156,China,X,Export,51,Unknown,7108,Gold,6359.0,0.08,0.08,2026-05-11T15:52:07.236935,2026-05-11T15:52:53.904347+00:00
2017,156,China,X,Export,372,Ireland,7108,Gold,73717.0,1.45,1.45,2026-05-11T15:52:07.236941,2026-05-11T15:52:53.904347+00:00
2017,156,China,X,Export,96,Unknown,7108,Gold,17085.0,0.37,0.37,2026-05-11T15:52:07.236948,2026-05-11T15:52:53.904347+00:00
2017,156,China,X,Export,40,Austria,7108,Gold,85000.0,1.73,1.73,2026-05-11T15:52:07.236953,2026-05-11T15:52:53.904347+00:00
2018,156,China,M,Import,699,Unknown,7108,Gold,330313.0,7.34,7.34,2026-05-11T15:52:07.236958,2026-05-11T15:52:53.904347+00:00
2018,156,China,M,Import,0,World,7108,Gold,62273206906.0,1506008.952,1506008.952,2026-05-11T15:52:07.236963,2026-05-11T15:52:53.904347+00:00
2018,156,China,RM,Export,0,World,7108,Gold,726232877.0,17805.422,17805.422,2026-05-11T15:52:07.236968,2026-05-11T15:52:53.904347+00:00
2018,156,China,RM,Export,156,China,7108,Gold,726232877.0,17805.422,17805.422,2026-05-11T15:52:07.236973,2026-05-11T15:52:53.904347+00:00
2018,156,China,M,Import,376,Israel,7108,Gold,66062.0,2.162,2.162,2026-05-11T15:52:07.236979,2026-05-11T15:52:53.904347+00:00
2018,156,China,M,Import,528,Netherlands,7108,Gold,15368.0,0.206,0.206,2026-05-11T15:52:07.236984,2026-05-11T15:52:53.904347+00:00
2018,156,China,M,Import,899,Unknown,7108,Gold,237863174.0,5717.303,5717.303,2026-05-11T15:52:07.236989,2026-05-11T15:52:53.904347+00:00
2018,156,China,M,Import,842,Unknown,7108,Gold,3852555657.0,90849.128,90849.128,2026-05-11T15:52:07.236994,2026-05-11T15:52:53.904347+00:00
2018,156,China,M,Import,124,Canada,7108,Gold,5281903952.0,130704.96,130704.96,2026-05-11T15:52:07.237002,2026-05-11T15:52:53.904347+00:00
2018,156,China,M,Import,764,Thailand,7108,Gold,1009457.0,22.432,22.432,2026-05-11T15:52:07.237007,2026-05-11T15:52:53.904347+00:00
2018,156,China,M,Import,446,Unknown,7108,Gold,902104.0,22.582,22.582,2026-05-11T15:52:07.237013,2026-05-11T15:52:53.904347+00:00
2014,276,Germany,M,Import,0,World,8471,Computers & Laptops,2040097.27,17398.155,0.0,2026-05-11T15:52:24.927012,2026-05-11T15:52:53.904347+00:00
2014,276,Germany,M,Import,56,Belgium,8471,Computers & Laptops,2217340.13,7134.852,0.0,2026-05-11T15:52:24.927564,2026-05-11T15:52:53.904347+00:00
2014,276,Germany,M,Import,40,Austria,8471,Computers & Laptops,443366.25,811.966,0.0,2026-05-11T15:52:24.927570,2026-05-11T15:52:53.904347+00:00
2014,276,Germany,M,Import,48,Unknown,8471,Computers & Laptops,44297.43,194.441,0.0,2026-05-11T15:52:24.927576,2026-05-11T15:52:53.904347+00:00
2014,276,Germany,M,Import,50,Bangladesh,8471,Computers & Laptops,229.86,6.334,0.0,2026-05-11T15:52:24.927582,2026-05-11T15:52:53.904347+00:00
2014,276,Germany,M,Import,36,Australia,8471,Computers & Laptops,1947956.12,6458.0,0.0,2026-05-11T15:52:24.927588,2026-05-11T15:52:53.904347+00:00
2014,276,Germany,M,Import,76,Brazil,8471,Computers & Laptops,1.33,0.008,0.0,2026-05-11T15:52:24.927602,2026-05-11T15:52:53.904347+00:00
2014,276,Germany,M,Import,31,Unknown,8471,Computers & Laptops,14170.55,52.498,0.0,2026-05-11T15:52:24.927803,2026-05-11T15:52:53.904347+00:00
2014,276,Germany,M,Import,70,Unknown,8471,Computers & Laptops,31575.16,93.257,0.0,2026-05-11T15:52:24.927820,2026-05-11T15:52:53.904347+00:00
2014,276,Germany,M,Import,100,Bulgaria,8471,Computers & Laptops,2445723.21,21336.278,0.0,2026-05-11T15:52:24.927935,2026-05-11T15:52:53.904347+00:00
2014,276,Germany,M,Import,4,Afghanistan,8471,Computers & Laptops,635.12,50.0,1.0,2026-05-11T15:52:24.928141,2026-05-11T15:52:53.904347+00:00
2014,276,Germany,M,Import,44,Unknown,8471,Computers & Laptops,6794.96,3.0,1.0,2026-05-11T15:52:24.928147,2026-05-11T15:52:53.904347+00:00
2014,276,Germany,M,Import,96,Unknown,8471,Computers & Laptops,9876.2,3.0,1.0,2026-05-11T15:52:24.928175,2026-05-11T15:52:53.904347+00:00
2014,276,Germany,M,Import,8,Albania,8471,Computers & Laptops,51081.76,114.0,609.0,2026-05-11T15:52:24.928297,2026-05-11T15:52:53.904347+00:00
2014,276,Germany,M,Import,32,Argentina,8471,Computers & Laptops,84647.3,259.0,190.0,2026-05-11T15:52:24.928300,2026-05-11T15:52:53.904347+00:00
2014,276,Germany,M,Import,51,Unknown,8471,Computers & Laptops,1648.91,19.0,9.0,2026-05-11T15:52:24.928316,2026-05-11T15:52:53.904347+00:00
2014,276,Germany,M,Import,72,Unknown,8471,Computers & Laptops,4692.96,124.0,21.0,2026-05-11T15:52:24.928319,2026-05-11T15:52:53.904347+00:00
2014,276,Germany,M,Import,12,Algeria,8471,Computers & Laptops,6837.48,19.029,10.0,2026-05-11T15:52:24.928340,2026-05-11T15:52:53.904347+00:00
2014,276,Germany,M,Import,0,World,8517,Phones & Communication Devices,29350.92,238.0,238.0,2026-05-11T15:52:26.778873,2026-05-11T15:52:53.904347+00:00
2014,276,Germany,M,Import,56,Belgium,8517,Phones & Communication Devices,4411.27,11.0,0.0,2026-05-11T15:52:26.780166,2026-05-11T15:52:53.904347+00:00
2014,276,Germany,M,Import,76,Brazil,8517,Phones & Communication Devices,425.18,2.157,0.0,2026-05-11T15:52:26.780174,2026-05-11T15:52:53.904347+00:00
2014,276,Germany,M,Import,36,Australia,8517,Phones & Communication Devices,9877.53,30.69,0.0,2026-05-11T15:52:26.780186,2026-05-11T15:52:53.904347+00:00
2014,276,Germany,M,Import,40,Austria,8517,Phones & Communication Devices,6541.18,13.641,0.0,2026-05-11T15:52:26.780191,2026-05-11T15:52:53.904347+00:00
2014,276,Germany,M,Import,70,Unknown,8517,Phones & Communication Devices,105942.32,68.652,0.0,2026-05-11T15:52:26.780258,2026-05-11T15:52:53.904347+00:00
2014,276,Germany,M,Import,8,Albania,8517,Phones & Communication Devices,822.46,9.336,0.0,2026-05-11T15:52:26.780261,2026-05-11T15:52:53.904347+00:00
2014,276,Germany,M,Import,31,Unknown,8517,Phones & Communication Devices,17763.35,68.559,0.0,2026-05-11T15:52:26.780264,2026-05-11T15:52:53.904347+00:00
2014,276,Germany,M,Import,48,Unknown,8517,Phones & Communication Devices,15947.02,94.751,0.0,2026-05-11T15:52:26.780268,2026-05-11T15:52:53.904347+00:00
2014,276,Germany,M,Import,50,Bangladesh,8517,Phones & Communication Devices,26939.33,242.002,0.0,2026-05-11T15:52:26.780271,2026-05-11T15:52:53.904347+00:00
2014,276,Germany,M,Import,68,Bolivia,8517,Phones & Communication Devices,1514.72,3.395,0.0,2026-05-11T15:52:26.780274,2026-05-11T15:52:53.904347+00:00
2014,276,Germany,M,Import,4,Afghanistan,8517,Phones & Communication Devices,10155.23,35.0,0.0,2026-05-11T15:52:26.780277,2026-05-11T15:52:53.904347+00:00
2014,276,Germany,M,Import,12,Algeria,8517,Phones & Communication Devices,1610.38,28.0,0.0,2026-05-11T15:52:26.780280,2026-05-11T15:52:53.904347+00:00
2014,276,Germany,M,Import,51,Unknown,8517,Phones & Communication Devices,3013.48,12.0,0.0,2026-05-11T15:52:26.780283,2026-05-11T15:52:53.904347+00:00
2014,276,Germany,M,Import,72,Unknown,8517,Phones & Communication Devices,14110.76,22.0,0.0,2026-05-11T15:52:26.780286,2026-05-11T15:52:53.904347+00:00
2014,276,Germany,M,Import,32,Argentina,8517,Phones & Communication Devices,616612.39,3673.0,0.0,2026-05-11T15:52:26.780314,2026-05-11T15:52:53.904347+00:00
2014,276,Germany,M,Import,20,Unknown,8517,Phones & Communication Devices,4444.49,6.0,0.0,2026-05-11T15:52:26.780439,2026-05-11T15:52:53.904347+00:00
2014,276,Germany,M,Import,0,World,2709,Crude Oil,7559101.89,10059200.0,10059200.0,2026-05-11T15:52:29.949963,2026-05-11T15:52:53.904347+00:00
2014,276,Germany,M,Import,12,Algeria,2709,Crude Oil,1981682071.79,2408697000.0,2408697000.0,2026-05-11T15:52:29.950107,2026-05-11T15:52:53.904347+00:00
2014,276,Germany,M,Import,8,Albania,2709,Crude Oil,7559101.89,10059200.0,10059200.0,2026-05-11T15:52:29.950111,2026-05-11T15:52:53.904347+00:00
2014,276,Germany,M,Import,24,Angola,2709,Crude Oil,145577190.06,197173000.0,197173000.0,2026-05-11T15:52:29.950121,2026-05-11T15:52:53.904347+00:00
2014,276,Germany,M,Import,31,Unknown,2709,Crude Oil,2636194411.1,3385682000.0,3385682000.0,2026-05-11T15:52:29.950125,2026-05-11T15:52:53.904347+00:00
2014,276,Germany,M,Import,76,Brazil,2709,Crude Oil,472827983.14,683222000.0,683222000.0,2026-05-11T15:52:29.950132,2026-05-11T15:52:53.904347+00:00
2014,276,Germany,M,Import,208,Denmark,2709,Crude Oil,119378453.43,158025856.0,158025856.0,2026-05-11T15:52:29.950698,2026-05-11T15:52:53.904347+00:00
2014,276,Germany,M,Import,170,Colombia,2709,Crude Oil,599060561.08,903865000.0,903865000.0,2026-05-11T15:52:29.950701,2026-05-11T15:52:53.904347+00:00
2014,276,Germany,M,Import,226,Unknown,2709,Crude Oil,47975686.68,68164000.0,68164000.0,2026-05-11T15:52:29.950705,2026-05-11T15:52:53.904347+00:00
2014,276,Germany,M,Import,251,Unknown,2709,Crude Oil,953361.34,1259834.0,1259834.0,2026-05-11T15:52:29.951094,2026-05-11T15:52:53.904347+00:00
2014,276,Germany,M,Import,268,Unknown,2709,Crude Oil,24848460.3,30772000.0,30772000.0,2026-05-11T15:52:29.951100,2026-05-11T15:52:53.904347+00:00
2014,276,Germany,M,Import,368,Iraq,2709,Crude Oil,564378095.62,794647000.0,794647000.0,2026-05-11T15:52:29.951103,2026-05-11T15:52:53.904347+00:00
2014,276,Germany,M,Import,380,Italy,2709,Crude Oil,147466557.29,233339500.0,233339500.0,2026-05-11T15:52:29.951110,2026-05-11T15:52:53.904347+00:00
2014,276,Germany,M,Import,398,Kazakhstan,2709,Crude Oil,3474299425.0,4291847000.0,4291847000.0,2026-05-11T15:52:29.951313,2026-05-11T15:52:53.904347+00:00
2014,276,Germany,M,Import,384,Unknown,2709,Crude Oil,284473670.5,378779000.0,378779000.0,2026-05-11T15:52:29.951326,2026-05-11T15:52:53.904347+00:00
2014,276,Germany,M,Import,414,Kuwait,2709,Crude Oil,157887393.43,213381000.0,213381000.0,2026-05-11T15:52:29.951337,2026-05-11T15:52:53.904347+00:00
2014,276,Germany,M,Import,434,Unknown,2709,Crude Oil,2246606651.68,2966092000.0,2966092000.0,2026-05-11T15:52:29.951340,2026-05-11T15:52:53.904347+00:00
2014,276,Germany,M,Import,579,Unknown,2709,Crude Oil,2145575176.86,2834098000.0,2834098000.0,2026-05-11T15:52:29.951513,2026-05-11T15:52:53.904347+00:00
2014,276,Germany,M,Import,643,Russia,2709,Crude Oil,35837904.33,42067000.0,42067000.0,2026-05-11T15:52:29.951519,2026-05-11T15:52:53.904347+00:00
2014,276,Germany,M,Import,616,Poland,2709,Crude Oil,256939809.99,347935000.0,347935000.0,2026-05-11T15:52:29.951533,2026-05-11T15:52:53.904347+00:00
2014,276,Germany,M,Import,528,Netherlands,2709,Crude Oil,24072021.61,39251000.0,39251000.0,2026-05-11T15:52:29.951540,2026-05-11T15:52:53.904347+00:00
2014,276,Germany,M,Import,566,Nigeria,2709,Crude Oil,5017447231.61,6356564000.0,6356564000.0,2026-05-11T15:52:29.951562,2026-05-11T15:52:53.904347+00:00
2014,276,Germany,M,Import,682,Saudi Arabia,2709,Crude Oil,989318478.05,1425513000.0,1425513000.0,2026-05-11T15:52:29.951566,2026-05-11T15:52:53.904347+00:00
2014,276,Germany,M,Import,586,Pakistan,2709,Crude Oil,31955818.5,38921000.0,38921000.0,2026-05-11T15:52:29.951572,2026-05-11T15:52:53.904347+00:00
2014,276,Germany,M,Import,484,Mexico,2709,Crude Oil,286677054.0,386495000.0,386495000.0,2026-05-11T15:52:29.951586,2026-05-11T15:52:53.904347+00:00
2014,276,Germany,M,Import,780,Unknown,2709,Crude Oil,114748365.68,135315000.0,135315000.0,2026-05-11T15:52:29.951847,2026-05-11T15:52:53.904347+00:00
2014,276,Germany,M,Import,788,Unknown,2709,Crude Oil,236886935.94,294321000.0,294321000.0,2026-05-11T15:52:29.951867,2026-05-11T15:52:53.904347+00:00
2014,276,Germany,M,Import,842,Unknown,2709,Crude Oil,11571423.94,13277400.0,13277400.0,2026-05-11T15:52:29.951902,2026-05-11T15:52:53.904347+00:00
2014,276,Germany,M,Import,795,Unknown,2709,Crude Oil,22615979.66,31191000.0,31191000.0,2026-05-11T15:52:29.951917,2026-05-11T15:52:53.904347+00:00
2014,276,Germany,M,Import,818,Egypt,2709,Crude Oil,1161498413.66,1457672000.0,1457672000.0,2026-05-11T15:52:29.951920,2026-05-11T15:52:53.904347+00:00
2014,276,Germany,M,Import,826,United Kingdom,2709,Crude Oil,125206543.52,191873000.0,191873000.0,2026-05-11T15:52:29.951958,2026-05-11T15:52:53.904347+00:00
2014,276,Germany,M,Import,0,World,3004,Medicines & Pharmaceuticals,67420.74,3797.0,3797.0,2026-05-11T15:52:32.219278,2026-05-11T15:52:53.904347+00:00
2014,276,Germany,M,Import,56,Belgium,3004,Medicines & Pharmaceuticals,1475222071.08,16382207.51,16382207.51,2026-05-11T15:52:32.220669,2026-05-11T15:52:53.904347+00:00
2014,276,Germany,M,Import,36,Australia,3004,Medicines & Pharmaceuticals,24349154.58,256588.255,256588.255,2026-05-11T15:52:32.220672,2026-05-11T15:52:53.904347+00:00
2014,276,Germany,M,Import,32,Argentina,3004,Medicines & Pharmaceuticals,308524.76,1175.3,1175.3,2026-05-11T15:52:32.220675,2026-05-11T15:52:53.904347+00:00
2014,276,Germany,M,Import,76,Brazil,3004,Medicines & Pharmaceuticals,2934657.12,26619.112,26619.112,2026-05-11T15:52:32.220678,2026-05-11T15:52:53.904347+00:00
2014,276,Germany,M,Import,70,Unknown,3004,Medicines & Pharmaceuticals,16420.04,247.17,247.17,2026-05-11T15:52:32.220687,2026-05-11T15:52:53.904347+00:00
2014,276,Germany,M,Import,40,Austria,3004,Medicines & Pharmaceuticals,500178010.46,9652895.286,9652895.286,2026-05-11T15:52:32.220693,2026-05-11T15:52:53.904347+00:00
2014,276,Germany,M,Import,100,Bulgaria,3004,Medicines & Pharmaceuticals,101493965.0,787850.327,787850.327,2026-05-11T15:52:32.220707,2026-05-11T15:52:53.904347+00:00
2014,276,Germany,M,Import,50,Bangladesh,3004,Medicines & Pharmaceuticals,341145.6,1475.0,1475.0,2026-05-11T15:52:32.221195,2026-05-11T15:52:53.904347+00:00
2014,276,Germany,M,Import,48,Unknown,3004,Medicines & Pharmaceuticals,1488.14,25.0,25.0,2026-05-11T15:52:32.221198,2026-05-11T15:52:53.904347+00:00
2014,276,Germany,M,Import,36,Australia,7108,Gold,3928.96,0.1,0.1,2026-05-11T15:52:34.007877,2026-05-11T15:52:53.904347+00:00
2014,276,Germany,M,Import,40,Austria,7108,Gold,198357.18,4.0,4.0,2026-05-11T15:52:34.007895,2026-05-11T15:52:53.904347+00:00
2014,276,Germany,M,Import,70,Unknown,7108,Gold,345198.13,15.0,15.0,2026-05-11T15:52:34.007901,2026-05-11T15:52:53.904347+00:00
2014,276,Germany,M,Import,32,Argentina,7108,Gold,910122.88,23.0,23.0,2026-05-11T15:52:34.007907,2026-05-11T15:52:53.904347+00:00
2014,276,Germany,M,Import,76,Brazil,7108,Gold,586938.6,14.0,14.0,2026-05-11T15:52:34.007914,2026-05-11T15:52:53.904347+00:00
2014,276,Germany,M,Import,90,Unknown,7108,Gold,25245.24,1.0,1.0,2026-05-11T15:52:34.008011,2026-05-11T15:52:53.904347+00:00
2014,276,Germany,M,Import,100,Bulgaria,7108,Gold,471267.56,10.166,10.166,2026-05-11T15:52:34.008042,2026-05-11T15:52:53.904347+00:00
2014,276,Germany,M,Import,0,World,7108,Gold,61529375.02,1733.0,1733.0,2026-05-11T15:52:34.008157,2026-05-11T15:52:53.904347+00:00
2014,276,Germany,M,Import,156,China,7108,Gold,3689814.07,80.03,80.03,2026-05-11T15:52:34.009482,2026-05-11T15:52:53.904347+00:00
2014,276,Germany,M,Import,191,Croatia,7108,Gold,9470.95,0.25,0.25,2026-05-11T15:52:34.009580,2026-05-11T15:52:53.904347+00:00
2014,276,Germany,M,Import,208,Denmark,7108,Gold,232638.9,4.99,4.99,2026-05-11T15:52:34.009586,2026-05-11T15:52:53.904347+00:00
2014,276,Germany,M,Import,203,Czech Republic,7108,Gold,117298.7,2.85,2.85,2026-05-11T15:52:34.009592,2026-05-11T15:52:53.904347+00:00
2014,276,Germany,M,Import,120,Unknown,7108,Gold,283525.33,8.0,8.0,2026-05-11T15:52:34.009606,2026-05-11T15:52:53.904347+00:00
2014,276,Germany,M,Import,170,Colombia,7108,Gold,1953.18,0.058,0.058,2026-05-11T15:52:34.009609,2026-05-11T15:52:53.904347+00:00
2014,276,Germany,M,Import,196,Cyprus,7108,Gold,51178.75,1.16,1.16,2026-05-11T15:52:34.009614,2026-05-11T15:52:53.904347+00:00
2014,276,Germany,M,Import,233,Unknown,7108,Gold,2019.62,0.048,0.048,2026-05-11T15:52:34.009620,2026-05-11T15:52:53.904347+00:00
2014,276,Germany,M,Import,124,Canada,7108,Gold,27243.6,1.23,1.23,2026-05-11T15:52:34.009647,2026-05-11T15:52:53.904347+00:00
2014,392,Japan,X,Export,4,Afghanistan,8471,Computers & Laptops,270854.0,3233.0,748.0,2026-05-11T15:52:36.139333,2026-05-11T15:52:53.904347+00:00
2014,392,Japan,X,Export,12,Algeria,8471,Computers & Laptops,566146.0,2350.0,63.0,2026-05-11T15:52:36.139351,2026-05-11T15:52:53.904347+00:00
2014,392,Japan,X,Export,24,Angola,8471,Computers & Laptops,48084.0,329.0,26.0,2026-05-11T15:52:36.139358,2026-05-11T15:52:53.904347+00:00
2014,392,Japan,X,Export,32,Argentina,8471,Computers & Laptops,1026152.0,5297.0,1509.0,2026-05-11T15:52:36.139364,2026-05-11T15:52:53.904347+00:00
2014,392,Japan,X,Export,36,Australia,8471,Computers & Laptops,13242977.0,72131.0,18718.0,2026-05-11T15:52:36.139371,2026-05-11T15:52:53.904347+00:00
2014,392,Japan,X,Export,40,Austria,8471,Computers & Laptops,561094.0,3836.0,2863.0,2026-05-11T15:52:36.139378,2026-05-11T15:52:53.904347+00:00
2014,392,Japan,X,Export,44,Unknown,8471,Computers & Laptops,72116.0,419.0,8.0,2026-05-11T15:52:36.139385,2026-05-11T15:52:53.904347+00:00
2014,392,Japan,X,Export,48,Unknown,8471,Computers & Laptops,237869.0,1315.0,15.0,2026-05-11T15:52:36.139398,2026-05-11T15:52:53.904347+00:00
2014,392,Japan,X,Export,50,Bangladesh,8471,Computers & Laptops,3820052.0,21767.0,341.0,2026-05-11T15:52:36.139405,2026-05-11T15:52:53.904347+00:00
2014,392,Japan,X,Export,56,Belgium,8471,Computers & Laptops,9454369.0,50544.0,60130.0,2026-05-11T15:52:36.139412,2026-05-11T15:52:53.904347+00:00
2014,392,Japan,X,Export,68,Bolivia,8471,Computers & Laptops,44854.0,195.0,9.0,2026-05-11T15:52:36.139418,2026-05-11T15:52:53.904347+00:00
2014,392,Japan,X,Export,76,Brazil,8471,Computers & Laptops,7240515.0,38007.0,24180.0,2026-05-11T15:52:36.139424,2026-05-11T15:52:53.904347+00:00
2014,392,Japan,X,Export,100,Bulgaria,8471,Computers & Laptops,55487.0,217.0,28.0,2026-05-11T15:52:36.139430,2026-05-11T15:52:53.904347+00:00
2014,392,Japan,X,Export,104,Unknown,8471,Computers & Laptops,1264021.0,6596.0,16760.0,2026-05-11T15:52:36.139437,2026-05-11T15:52:53.904347+00:00
2014,392,Japan,X,Export,116,Cambodia,8471,Computers & Laptops,1636614.0,8744.0,51319.0,2026-05-11T15:52:36.139443,2026-05-11T15:52:53.904347+00:00
2014,392,Japan,X,Export,120,Unknown,8471,Computers & Laptops,336312.0,1820.0,13706.0,2026-05-11T15:52:36.139450,2026-05-11T15:52:53.904347+00:00
2014,392,Japan,X,Export,124,Canada,8471,Computers & Laptops,21547028.0,114724.0,28012.0,2026-05-11T15:52:36.139456,2026-05-11T15:52:53.904347+00:00
2014,392,Japan,X,Export,144,Sri Lanka,8471,Computers & Laptops,910362.0,6186.0,7450.0,2026-05-11T15:52:36.139464,2026-05-11T15:52:53.904347+00:00
2014,392,Japan,X,Export,152,Chile,8471,Computers & Laptops,818330.0,4329.0,237.0,2026-05-11T15:52:36.139470,2026-05-11T15:52:53.904347+00:00
2014,392,Japan,X,Export,170,Colombia,8471,Computers & Laptops,311251.0,1967.0,163.0,2026-05-11T15:52:36.139477,2026-05-11T15:52:53.904347+00:00
2014,392,Japan,X,Export,188,Unknown,8471,Computers & Laptops,149653.0,1818.0,2603.0,2026-05-11T15:52:36.139483,2026-05-11T15:52:53.904347+00:00
2014,392,Japan,X,Export,192,Unknown,8471,Computers & Laptops,191608.0,747.0,86.0,2026-05-11T15:52:36.139489,2026-05-11T15:52:53.904347+00:00
2014,392,Japan,X,Export,203,Czech Republic,8471,Computers & Laptops,136650.0,1002.0,1072.0,2026-05-11T15:52:36.139496,2026-05-11T15:52:53.904347+00:00
2014,392,Japan,X,Export,208,Denmark,8471,Computers & Laptops,971798.0,5301.0,1683.0,2026-05-11T15:52:36.139502,2026-05-11T15:52:53.904347+00:00
2014,392,Japan,X,Export,218,Ecuador,8471,Computers & Laptops,143949.0,887.0,69.0,2026-05-11T15:52:36.139512,2026-05-11T15:52:53.904347+00:00
2014,392,Japan,X,Export,222,Unknown,8471,Computers & Laptops,152589.0,764.0,20.0,2026-05-11T15:52:36.139519,2026-05-11T15:52:53.904347+00:00
2014,392,Japan,X,Export,233,Unknown,8471,Computers & Laptops,181882.0,704.0,429.0,2026-05-11T15:52:36.139525,2026-05-11T15:52:53.904347+00:00
2014,392,Japan,X,Export,246,Finland,8471,Computers & Laptops,313139.0,3006.0,1370.0,2026-05-11T15:52:36.139534,2026-05-11T15:52:53.904347+00:00
2014,392,Japan,X,Export,251,Unknown,8471,Computers & Laptops,13208151.0,63665.0,28121.0,2026-05-11T15:52:36.139541,2026-05-11T15:52:53.904347+00:00
2014,392,Japan,X,Export,262,Unknown,8471,Computers & Laptops,154988.0,889.0,13.0,2026-05-11T15:52:36.139547,2026-05-11T15:52:53.904347+00:00
2014,392,Japan,X,Export,276,Germany,8471,Computers & Laptops,395246690.0,2115611.0,885182.0,2026-05-11T15:52:36.139554,2026-05-11T15:52:53.904347+00:00
2014,392,Japan,X,Export,288,Ghana,8471,Computers & Laptops,107357.0,597.0,2099.0,2026-05-11T15:52:36.139561,2026-05-11T15:52:53.904347+00:00
2014,392,Japan,X,Export,300,Greece,8471,Computers & Laptops,36969.0,267.0,19.0,2026-05-11T15:52:36.139568,2026-05-11T15:52:53.904347+00:00
2014,392,Japan,X,Export,316,Unknown,8471,Computers & Laptops,860663.0,4731.0,20.0,2026-05-11T15:52:36.139574,2026-05-11T15:52:53.904347+00:00
2014,392,Japan,X,Export,348,Unknown,8471,Computers & Laptops,462820.0,2697.0,699.0,2026-05-11T15:52:36.139581,2026-05-11T15:52:53.904347+00:00
2014,392,Japan,X,Export,360,Indonesia,8471,Computers & Laptops,6991711.0,45634.0,12549.0,2026-05-11T15:52:36.139588,2026-05-11T15:52:53.904347+00:00
2014,392,Japan,X,Export,364,Iran,8471,Computers & Laptops,232402.0,2851.0,377.0,2026-05-11T15:52:36.139595,2026-05-11T15:52:53.904347+00:00
2014,392,Japan,X,Export,368,Iraq,8471,Computers & Laptops,420808.0,5333.0,58.0,2026-05-11T15:52:36.139603,2026-05-11T15:52:53.904347+00:00
2014,392,Japan,X,Export,372,Ireland,8471,Computers & Laptops,4462025.0,26206.0,505.0,2026-05-11T15:52:36.139609,2026-05-11T15:52:53.904347+00:00
2014,392,Japan,X,Export,376,Israel,8471,Computers & Laptops,439751.0,2663.0,272.0,2026-05-11T15:52:36.139616,2026-05-11T15:52:53.904347+00:00
2014,392,Japan,X,Export,380,Italy,8471,Computers & Laptops,4383346.0,29298.0,4369.0,2026-05-11T15:52:36.139624,2026-05-11T15:52:53.904347+00:00
2014,392,Japan,X,Export,398,Kazakhstan,8471,Computers & Laptops,16091.0,71.0,13.0,2026-05-11T15:52:36.139631,2026-05-11T15:52:53.904347+00:00
2014,392,Japan,X,Export,400,Jordan,8471,Computers & Laptops,46913.0,546.0,292.0,2026-05-11T15:52:36.139637,2026-05-11T15:52:53.904347+00:00
2014,392,Japan,X,Export,404,Kenya,8471,Computers & Laptops,361601.0,1869.0,1773.0,2026-05-11T15:52:36.139643,2026-05-11T15:52:53.904347+00:00
2014,392,Japan,X,Export,414,Kuwait,8471,Computers & Laptops,1301047.0,6859.0,3277.0,2026-05-11T15:52:36.139650,2026-05-11T15:52:53.904347+00:00
2014,392,Japan,X,Export,422,Lebanon,8471,Computers & Laptops,264716.0,1791.0,42.0,2026-05-11T15:52:36.139656,2026-05-11T15:52:53.904347+00:00
2014,392,Japan,X,Export,434,Unknown,8471,Computers & Laptops,554002.0,2491.0,74.0,2026-05-11T15:52:36.139662,2026-05-11T15:52:53.904347+00:00
2014,392,Japan,X,Export,442,Unknown,8471,Computers & Laptops,428165.0,4750.0,4322.0,2026-05-11T15:52:36.139670,2026-05-11T15:52:53.904347+00:00
2014,392,Japan,X,Export,446,Unknown,8471,Computers & Laptops,1553666.0,8003.0,110911.0,2026-05-11T15:52:36.139677,2026-05-11T15:52:53.904347+00:00
2014,392,Japan,X,Export,458,Malaysia,8471,Computers & Laptops,25350593.0,262005.0,695193.0,2026-05-11T15:52:36.139683,2026-05-11T15:52:53.904347+00:00
2014,392,Japan,X,Export,462,Unknown,8471,Computers & Laptops,70898.0,388.0,26.0,2026-05-11T15:52:36.139689,2026-05-11T15:52:53.904347+00:00
2014,392,Japan,X,Export,484,Mexico,8471,Computers & Laptops,10058070.0,64659.0,21867.0,2026-05-11T15:52:36.139695,2026-05-11T15:52:53.904347+00:00
2014,392,Japan,X,Export,496,Unknown,8471,Computers & Laptops,290892.0,1794.0,103.0,2026-05-11T15:52:36.139702,2026-05-11T15:52:53.904347+00:00
2014,392,Japan,X,Export,504,Morocco,8471,Computers & Laptops,210796.0,1150.0,53.0,2026-05-11T15:52:36.139708,2026-05-11T15:52:53.904347+00:00
2014,392,Japan,X,Export,508,Unknown,8471,Computers & Laptops,146140.0,731.0,32103.0,2026-05-11T15:52:36.139714,2026-05-11T15:52:53.904347+00:00
2014,392,Japan,X,Export,512,Unknown,8471,Computers & Laptops,27224.0,199.0,39.0,2026-05-11T15:52:36.139721,2026-05-11T15:52:53.904347+00:00
2014,392,Japan,X,Export,524,Unknown,8471,Computers & Laptops,196320.0,2467.0,53.0,2026-05-11T15:52:36.139751,2026-05-11T15:52:53.904347+00:00
2014,392,Japan,X,Export,528,Netherlands,8471,Computers & Laptops,163802310.0,819575.0,395009.0,2026-05-11T15:52:36.139762,2026-05-11T15:52:53.904347+00:00
2014,392,Japan,X,Export,531,Unknown,8471,Computers & Laptops,111578.0,654.0,19.0,2026-05-11T15:52:36.139769,2026-05-11T15:52:53.904347+00:00
2014,392,Japan,X,Export,554,New Zealand,8471,Computers & Laptops,1208638.0,6988.0,4715.0,2026-05-11T15:52:36.139775,2026-05-11T15:52:53.904347+00:00
2014,392,Japan,X,Export,566,Nigeria,8471,Computers & Laptops,513170.0,2669.0,17972.0,2026-05-11T15:52:36.139782,2026-05-11T15:52:53.904347+00:00
2014,392,Japan,X,Export,579,Unknown,8471,Computers & Laptops,18140.0,157.0,7.0,2026-05-11T15:52:36.139788,2026-05-11T15:52:53.904347+00:00
2014,392,Japan,X,Export,585,Unknown,8471,Computers & Laptops,4722.0,33.0,20.0,2026-05-11T15:52:36.139794,2026-05-11T15:52:53.904347+00:00
2014,392,Japan,X,Export,586,Pakistan,8471,Computers & Laptops,2228794.0,13132.0,97871.0,2026-05-11T15:52:36.139799,2026-05-11T15:52:53.904347+00:00
2014,392,Japan,X,Export,591,Unknown,8471,Computers & Laptops,114600.0,719.0,108.0,2026-05-11T15:52:36.139806,2026-05-11T15:52:53.904347+00:00
2014,392,Japan,X,Export,604,Peru,8471,Computers & Laptops,1499246.0,6711.0,70.0,2026-05-11T15:52:36.139812,2026-05-11T15:52:53.904347+00:00
2014,392,Japan,X,Export,608,Philippines,8471,Computers & Laptops,10562855.0,69474.0,134789.0,2026-05-11T15:52:36.139818,2026-05-11T15:52:53.904347+00:00
2014,392,Japan,X,Export,616,Poland,8471,Computers & Laptops,207415.0,1323.0,320.0,2026-05-11T15:52:36.139827,2026-05-11T15:52:53.904347+00:00
2014,392,Japan,X,Export,620,Portugal,8471,Computers & Laptops,345935.0,3578.0,10112.0,2026-05-11T15:52:36.139834,2026-05-11T15:52:53.904347+00:00
2014,392,Japan,X,Export,634,Qatar,8471,Computers & Laptops,285471.0,1610.0,18.0,2026-05-11T15:52:36.139841,2026-05-11T15:52:53.904347+00:00
2014,392,Japan,X,Export,637,Unknown,8471,Computers & Laptops,2191.0,14.0,20.0,2026-05-11T15:52:36.139847,2026-05-11T15:52:53.904347+00:00
2014,392,Japan,X,Export,642,Romania,8471,Computers & Laptops,109010.0,943.0,214.0,2026-05-11T15:52:36.139854,2026-05-11T15:52:53.904347+00:00
2014,392,Japan,X,Export,643,Russia,8471,Computers & Laptops,1793339.0,10033.0,688.0,2026-05-11T15:52:36.139860,2026-05-11T15:52:53.904347+00:00
2014,392,Japan,X,Export,646,Unknown,8471,Computers & Laptops,105809.0,605.0,70.0,2026-05-11T15:52:36.139867,2026-05-11T15:52:53.904347+00:00
2014,392,Japan,X,Export,682,Saudi Arabia,8471,Computers & Laptops,1683451.0,13267.0,1066.0,2026-05-11T15:52:36.139876,2026-05-11T15:52:53.904347+00:00
2014,392,Japan,X,Export,686,Unknown,8471,Computers & Laptops,9726.0,50.0,72.0,2026-05-11T15:52:36.139883,2026-05-11T15:52:53.904347+00:00
2014,392,Japan,X,Export,699,Unknown,8471,Computers & Laptops,8506056.0,52162.0,11770.0,2026-05-11T15:52:36.139889,2026-05-11T15:52:53.904347+00:00
2014,392,Japan,X,Export,703,Unknown,8471,Computers & Laptops,102570.0,732.0,209.0,2026-05-11T15:52:36.139899,2026-05-11T15:52:53.904347+00:00
2014,392,Japan,X,Export,704,Vietnam,8471,Computers & Laptops,9825772.0,57935.0,85542.0,2026-05-11T15:52:36.139906,2026-05-11T15:52:53.904347+00:00
2014,392,Japan,X,Export,705,Unknown,8471,Computers & Laptops,7951.0,105.0,60.0,2026-05-11T15:52:36.139913,2026-05-11T15:52:53.904347+00:00
2014,392,Japan,X,Export,710,South Africa,8471,Computers & Laptops,3267590.0,20221.0,1707.0,2026-05-11T15:52:36.139919,2026-05-11T15:52:53.904347+00:00
2014,392,Japan,X,Export,716,Zimbabwe,8471,Computers & Laptops,47715.0,266.0,177.0,2026-05-11T15:52:36.139925,2026-05-11T15:52:53.904347+00:00
2014,392,Japan,X,Export,724,Spain,8471,Computers & Laptops,2667987.0,23462.0,52263.0,2026-05-11T15:52:36.139931,2026-05-11T15:52:53.904347+00:00
2014,392,Japan,X,Export,752,Sweden,8471,Computers & Laptops,6620421.0,52596.0,11335.0,2026-05-11T15:52:36.139937,2026-05-11T15:52:53.904347+00:00
2014,392,Japan,X,Export,757,Unknown,8471,Computers & Laptops,670453.0,4103.0,4956.0,2026-05-11T15:52:36.139944,2026-05-11T15:52:53.904347+00:00
2014,392,Japan,X,Export,784,UAE,8471,Computers & Laptops,16576110.0,85355.0,93071.0,2026-05-11T15:52:36.139950,2026-05-11T15:52:53.904347+00:00
2014,392,Japan,X,Export,788,Unknown,8471,Computers & Laptops,179795.0,763.0,43.0,2026-05-11T15:52:36.139956,2026-05-11T15:52:53.904347+00:00
2014,392,Japan,X,Export,792,Turkey,8471,Computers & Laptops,10648314.0,54933.0,15471.0,2026-05-11T15:52:36.139965,2026-05-11T15:52:53.904347+00:00
2014,392,Japan,X,Export,800,Uganda,8471,Computers & Laptops,6733.0,39.0,99.0,2026-05-11T15:52:36.139971,2026-05-11T15:52:53.904347+00:00
2014,392,Japan,X,Export,804,Ukraine,8471,Computers & Laptops,310051.0,1798.0,25.0,2026-05-11T15:52:36.139978,2026-05-11T15:52:53.904347+00:00
2014,392,Japan,X,Export,818,Egypt,8471,Computers & Laptops,1671968.0,10907.0,3076.0,2026-05-11T15:52:36.139985,2026-05-11T15:52:53.904347+00:00
2014,392,Japan,X,Export,826,United Kingdom,8471,Computers & Laptops,74970697.0,444323.0,242128.0,2026-05-11T15:52:36.139991,2026-05-11T15:52:53.904347+00:00
2014,392,Japan,X,Export,834,Unknown,8471,Computers & Laptops,180730.0,1131.0,1701.0,2026-05-11T15:52:36.139997,2026-05-11T15:52:53.904347+00:00
2014,392,Japan,X,Export,858,Unknown,8471,Computers & Laptops,143014.0,674.0,48.0,2026-05-11T15:52:36.140006,2026-05-11T15:52:53.904347+00:00
2014,392,Japan,X,Export,860,Unknown,8471,Computers & Laptops,34779.0,199.0,14.0,2026-05-11T15:52:36.140013,2026-05-11T15:52:53.904347+00:00
2014,392,Japan,X,Export,862,Unknown,8471,Computers & Laptops,73967.0,394.0,159.0,2026-05-11T15:52:36.140019,2026-05-11T15:52:53.904347+00:00
2014,392,Japan,X,Export,887,Yemen,8471,Computers & Laptops,74071.0,345.0,20.0,2026-05-11T15:52:36.140026,2026-05-11T15:52:53.904347+00:00
2014,392,Japan,X,Export,894,Zambia,8471,Computers & Laptops,64477.0,322.0,1487.0,2026-05-11T15:52:36.140035,2026-05-11T15:52:53.904347+00:00
2014,392,Japan,X,Export,764,Thailand,8471,Computers & Laptops,23962274.0,147361.0,160680.0,2026-05-11T15:52:36.140042,2026-05-11T15:52:53.904347+00:00
2014,392,Japan,X,Export,702,Unknown,8471,Computers & Laptops,129283443.0,688628.0,1866372.0,2026-05-11T15:52:36.140047,2026-05-11T15:52:53.904347+00:00
2014,392,Japan,X,Export,842,Unknown,8471,Computers & Laptops,564427355.0,2984829.0,1271695.0,2026-05-11T15:52:36.140054,2026-05-11T15:52:53.904347+00:00
2014,392,Japan,X,Export,410,South Korea,8471,Computers & Laptops,41313654.0,277872.0,113228.0,2026-05-11T15:52:36.140061,2026-05-11T15:52:53.904347+00:00
2014,392,Japan,X,Export,490,Unknown,8471,Computers & Laptops,37775258.0,297082.0,172044.0,2026-05-11T15:52:36.140068,2026-05-11T15:52:53.904347+00:00
2014,392,Japan,X,Export,344,Unknown,8471,Computers & Laptops,121809261.0,742087.0,6308462.0,2026-05-11T15:52:36.140074,2026-05-11T15:52:53.904347+00:00
2014,392,Japan,X,Export,156,China,8471,Computers & Laptops,137766684.0,950052.0,1687384.0,2026-05-11T15:52:36.140080,2026-05-11T15:52:53.904347+00:00
2014,392,Japan,X,Export,0,World,8471,Computers & Laptops,1912889473.0,10881018.0,14806551.0,2026-05-11T15:52:36.140086,2026-05-11T15:52:53.904347+00:00
2014,392,Japan,X,Export,454,Unknown,8471,Computers & Laptops,48735.0,268.0,6.0,2026-05-11T15:52:36.140092,2026-05-11T15:52:53.904347+00:00
2014,392,Japan,X,Export,540,Unknown,8471,Computers & Laptops,132334.0,533.0,6.0,2026-05-11T15:52:36.140100,2026-05-11T15:52:53.904347+00:00
2014,392,Japan,X,Export,729,Unknown,8471,Computers & Laptops,36988.0,427.0,6.0,2026-05-11T15:52:36.140107,2026-05-11T15:52:53.904347+00:00
2014,392,Japan,X,Export,776,Unknown,8471,Computers & Laptops,565768.0,3468.0,6.0,2026-05-11T15:52:36.140114,2026-05-11T15:52:53.904347+00:00
2014,392,Japan,X,Export,31,Unknown,8471,Computers & Laptops,53617.0,338.0,5.0,2026-05-11T15:52:36.140119,2026-05-11T15:52:53.904347+00:00
2014,392,Japan,X,Export,64,Bhutan,8471,Computers & Laptops,5666.0,28.0,5.0,2026-05-11T15:52:36.140125,2026-05-11T15:52:53.904347+00:00
2014,392,Japan,X,Export,148,Unknown,8471,Computers & Laptops,8688.0,48.0,5.0,2026-05-11T15:52:36.140131,2026-05-11T15:52:53.904347+00:00
2014,392,Japan,X,Export,214,Unknown,8471,Computers & Laptops,27064.0,149.0,5.0,2026-05-11T15:52:36.140138,2026-05-11T15:52:53.904347+00:00
2014,392,Japan,X,Export,296,Unknown,8471,Computers & Laptops,158869.0,913.0,5.0,2026-05-11T15:52:36.140144,2026-05-11T15:52:53.904347+00:00
2014,392,Japan,X,Export,580,Unknown,8471,Computers & Laptops,5864.0,32.0,5.0,2026-05-11T15:52:36.140150,2026-05-11T15:52:53.904347+00:00
2014,392,Japan,X,Export,626,Unknown,8471,Computers & Laptops,2059.0,27.0,5.0,2026-05-11T15:52:36.140157,2026-05-11T15:52:53.904347+00:00
2014,392,Japan,X,Export,882,Unknown,8471,Computers & Laptops,6006.0,31.0,5.0,2026-05-11T15:52:36.140166,2026-05-11T15:52:53.904347+00:00
2014,392,Japan,X,Export,180,Unknown,8471,Computers & Laptops,5562.0,28.0,4.0,2026-05-11T15:52:36.140172,2026-05-11T15:52:53.904347+00:00
2014,392,Japan,X,Export,384,Unknown,8471,Computers & Laptops,35128.0,149.0,4.0,2026-05-11T15:52:36.140178,2026-05-11T15:52:53.904347+00:00
2014,392,Japan,X,Export,480,Unknown,8471,Computers & Laptops,34533.0,237.0,4.0,2026-05-11T15:52:36.140183,2026-05-11T15:52:53.904347+00:00
2014,392,Japan,X,Export,499,Unknown,8471,Computers & Laptops,2937.0,39.0,4.0,2026-05-11T15:52:36.140189,2026-05-11T15:52:53.904347+00:00
2014,392,Japan,X,Export,52,Unknown,8471,Computers & Laptops,2370.0,12.0,3.0,2026-05-11T15:52:36.140194,2026-05-11T15:52:53.904347+00:00
2014,392,Japan,X,Export,242,Unknown,8471,Computers & Laptops,242251.0,1528.0,3.0,2026-05-11T15:52:36.140200,2026-05-11T15:52:53.904347+00:00
2014,392,Japan,X,Export,275,Unknown,8471,Computers & Laptops,7866.0,45.0,3.0,2026-05-11T15:52:36.140205,2026-05-11T15:52:53.904347+00:00
2014,392,Japan,X,Export,417,Unknown,8471,Computers & Laptops,147160.0,928.0,3.0,2026-05-11T15:52:36.140216,2026-05-11T15:52:53.904347+00:00
2014,392,Japan,X,Export,598,Unknown,8471,Computers & Laptops,8093.0,41.0,3.0,2026-05-11T15:52:36.140222,2026-05-11T15:52:53.904347+00:00
2014,392,Japan,X,Export,340,Unknown,8471,Computers & Laptops,7866.0,43.0,2.0,2026-05-11T15:52:36.140230,2026-05-11T15:52:53.904347+00:00
2014,392,Japan,X,Export,388,Jamaica,8471,Computers & Laptops,2408.0,32.0,2.0,2026-05-11T15:52:36.140236,2026-05-11T15:52:53.904347+00:00
2014,392,Japan,X,Export,430,Unknown,8471,Computers & Laptops,2011.0,9.0,2.0,2026-05-11T15:52:36.140242,2026-05-11T15:52:53.904347+00:00
2014,392,Japan,X,Export,440,Unknown,8471,Computers & Laptops,6941.0,45.0,2.0,2026-05-11T15:52:36.140248,2026-05-11T15:52:53.904347+00:00
2014,392,Japan,X,Export,478,Unknown,8471,Computers & Laptops,7866.0,43.0,2.0,2026-05-11T15:52:36.140253,2026-05-11T15:52:53.904347+00:00
2014,392,Japan,X,Export,470,Unknown,8471,Computers & Laptops,5194.0,52.0,2.0,2026-05-11T15:52:36.140259,2026-05-11T15:52:53.904347+00:00
2014,392,Japan,X,Export,688,Unknown,8471,Computers & Laptops,5071.0,36.0,2.0,2026-05-11T15:52:36.140264,2026-05-11T15:52:53.904347+00:00
2014,392,Japan,X,Export,748,Unknown,8471,Computers & Laptops,1945.0,26.0,2.0,2026-05-11T15:52:36.140270,2026-05-11T15:52:53.904347+00:00
2014,392,Japan,X,Export,768,Unknown,8471,Computers & Laptops,17328.0,72.0,2.0,2026-05-11T15:52:36.140276,2026-05-11T15:52:53.904347+00:00
2014,392,Japan,X,Export,90,Unknown,8471,Computers & Laptops,4797.0,34.0,1.0,2026-05-11T15:52:36.140282,2026-05-11T15:52:53.904347+00:00
2014,392,Japan,X,Export,92,Unknown,8471,Computers & Laptops,6856.0,38.0,1.0,2026-05-11T15:52:36.140291,2026-05-11T15:52:53.904347+00:00
2014,392,Japan,X,Export,231,Ethiopia,8471,Computers & Laptops,13777.0,76.0,1.0,2026-05-11T15:52:36.140297,2026-05-11T15:52:53.904347+00:00
2014,392,Japan,X,Export,266,Unknown,8471,Computers & Laptops,2115.0,11.0,1.0,2026-05-11T15:52:36.140303,2026-05-11T15:52:53.904347+00:00
2014,392,Japan,X,Export,352,Unknown,8471,Computers & Laptops,2304.0,31.0,1.0,2026-05-11T15:52:36.140310,2026-05-11T15:52:53.904347+00:00
2014,392,Japan,X,Export,428,Unknown,8471,Computers & Laptops,2814.0,15.0,1.0,2026-05-11T15:52:36.140316,2026-05-11T15:52:53.904347+00:00
2014,392,Japan,X,Export,516,Unknown,8471,Computers & Laptops,42871.0,304.0,1.0,2026-05-11T15:52:36.140322,2026-05-11T15:52:53.904347+00:00
2014,392,Japan,X,Export,728,Unknown,8471,Computers & Laptops,1974.0,10.0,1.0,2026-05-11T15:52:36.140328,2026-05-11T15:52:53.904347+00:00
2014,392,Japan,X,Export,780,Unknown,8471,Computers & Laptops,8480.0,44.0,1.0,2026-05-11T15:52:36.140334,2026-05-11T15:52:53.904347+00:00
2014,392,Japan,X,Export,795,Unknown,8471,Computers & Laptops,11218.0,79.0,1.0,2026-05-11T15:52:36.140339,2026-05-11T15:52:53.904347+00:00
2014,392,Japan,X,Export,807,Unknown,8471,Computers & Laptops,11964.0,85.0,1.0,2026-05-11T15:52:36.140345,2026-05-11T15:52:53.904347+00:00
2014,392,Japan,M,Import,120,Unknown,8471,Computers & Laptops,163895.0,839.0,432.0,2026-05-11T15:52:36.140354,2026-05-11T15:52:53.904347+00:00
2014,392,Japan,M,Import,152,Chile,8471,Computers & Laptops,5370.0,28.0,27.0,2026-05-11T15:52:36.140360,2026-05-11T15:52:53.904347+00:00
2014,392,Japan,M,Import,233,Unknown,8471,Computers & Laptops,2156.0,9.0,4.0,2026-05-11T15:52:36.140367,2026-05-11T15:52:53.904347+00:00
2014,392,Japan,M,Import,262,Unknown,8471,Computers & Laptops,48716.0,241.0,100.0,2026-05-11T15:52:36.140373,2026-05-11T15:52:53.904347+00:00
2014,392,Japan,M,Import,300,Greece,8471,Computers & Laptops,24722.0,123.0,27.0,2026-05-11T15:52:36.140379,2026-05-11T15:52:53.904347+00:00
2014,392,Japan,M,Import,554,New Zealand,8471,Computers & Laptops,527580.0,2704.0,73.0,2026-05-11T15:52:36.140386,2026-05-11T15:52:53.904347+00:00
2014,392,Japan,M,Import,566,Nigeria,8471,Computers & Laptops,5304.0,28.0,12.0,2026-05-11T15:52:36.140392,2026-05-11T15:52:53.904347+00:00
2014,392,Japan,M,Import,642,Romania,8471,Computers & Laptops,433230.0,2055.0,1500.0,2026-05-11T15:52:36.140398,2026-05-11T15:52:53.904347+00:00
2014,392,Japan,M,Import,643,Russia,8471,Computers & Laptops,170645.0,796.0,126.0,2026-05-11T15:52:36.140405,2026-05-11T15:52:53.904347+00:00
2014,392,Japan,M,Import,688,Unknown,8471,Computers & Laptops,13727.0,71.0,66.0,2026-05-11T15:52:36.140411,2026-05-11T15:52:53.904347+00:00
2014,392,Japan,M,Import,710,South Africa,8471,Computers & Laptops,153826.0,689.0,117.0,2026-05-11T15:52:36.140422,2026-05-11T15:52:53.904347+00:00
2014,392,Japan,M,Import,788,Unknown,8471,Computers & Laptops,35377.0,321.0,8.0,2026-05-11T15:52:36.140427,2026-05-11T15:52:53.904347+00:00
2014,392,Japan,M,Import,792,Turkey,8471,Computers & Laptops,81588.0,420.0,219.0,2026-05-11T15:52:36.140432,2026-05-11T15:52:53.904347+00:00
2014,392,Japan,M,Import,804,Ukraine,8471,Computers & Laptops,23115.0,121.0,22.0,2026-05-11T15:52:36.140438,2026-05-11T15:52:53.904347+00:00
2014,392,Japan,M,Import,800,Uganda,8471,Computers & Laptops,13576.0,73.0,3.0,2026-05-11T15:52:36.140445,2026-05-11T15:52:53.904347+00:00
2014,392,Japan,M,Import,352,Unknown,8471,Computers & Laptops,8442.0,35.0,2.0,2026-05-11T15:52:36.140450,2026-05-11T15:52:53.904347+00:00
2014,392,Japan,M,Import,591,Unknown,8471,Computers & Laptops,2127.0,11.0,2.0,2026-05-11T15:52:36.140456,2026-05-11T15:52:53.904347+00:00
2014,392,Japan,M,Import,0,World,8471,Computers & Laptops,16808227725.0,0.0,88943598.0,2026-05-11T15:52:36.140461,2026-05-11T15:52:53.904347+00:00
2014,392,Japan,M,Import,36,Australia,8471,Computers & Laptops,1994681.0,0.0,16852.0,2026-05-11T15:52:36.140467,2026-05-11T15:52:53.904347+00:00
2014,392,Japan,M,Import,40,Austria,8471,Computers & Laptops,9817988.0,0.0,9428.0,2026-05-11T15:52:36.140472,2026-05-11T15:52:53.904347+00:00
2014,392,Japan,M,Import,56,Belgium,8471,Computers & Laptops,7355723.0,0.0,4239.0,2026-05-11T15:52:36.140481,2026-05-11T15:52:53.904347+00:00
2014,392,Japan,M,Import,76,Brazil,8471,Computers & Laptops,142415.0,0.0,3208.0,2026-05-11T15:52:36.140487,2026-05-11T15:52:53.904347+00:00
2014,392,Japan,M,Import,100,Bulgaria,8471,Computers & Laptops,352379.0,0.0,3462.0,2026-05-11T15:52:36.140492,2026-05-11T15:52:53.904347+00:00
2014,392,Japan,M,Import,124,Canada,8471,Computers & Laptops,20783749.0,0.0,8953.0,2026-05-11T15:52:36.140497,2026-05-11T15:52:53.904347+00:00
2014,392,Japan,M,Import,156,China,8471,Computers & Laptops,13308380702.0,0.0,65242052.0,2026-05-11T15:52:36.140503,2026-05-11T15:52:53.904347+00:00
2014,392,Japan,M,Import,170,Colombia,8471,Computers & Laptops,12035.0,0.0,3.0,2026-05-11T15:52:36.140508,2026-05-11T15:52:53.904347+00:00
2014,392,Japan,M,Import,188,Unknown,8471,Computers & Laptops,1014414.0,0.0,3513.0,2026-05-11T15:52:36.140514,2026-05-11T15:52:53.904347+00:00
2014,392,Japan,M,Import,203,Czech Republic,8471,Computers & Laptops,11845040.0,0.0,6880.0,2026-05-11T15:52:36.140520,2026-05-11T15:52:53.904347+00:00
2014,392,Japan,M,Import,208,Denmark,8471,Computers & Laptops,1998037.0,0.0,1370.0,2026-05-11T15:52:36.140526,2026-05-11T15:52:53.904347+00:00
2014,392,Japan,M,Import,246,Finland,8471,Computers & Laptops,1143783.0,0.0,496.0,2026-05-11T15:52:36.140535,2026-05-11T15:52:53.904347+00:00
2014,392,Japan,M,Import,251,Unknown,8471,Computers & Laptops,15117958.0,0.0,106704.0,2026-05-11T15:52:36.140543,2026-05-11T15:52:53.904347+00:00
2014,392,Japan,M,Import,276,Germany,8471,Computers & Laptops,99733810.0,0.0,93280.0,2026-05-11T15:52:36.140549,2026-05-11T15:52:53.904347+00:00
2014,392,Japan,M,Import,344,Unknown,8471,Computers & Laptops,8983673.0,0.0,192534.0,2026-05-11T15:52:36.140554,2026-05-11T15:52:53.904347+00:00
2014,392,Japan,M,Import,348,Unknown,8471,Computers & Laptops,71820232.0,0.0,53365.0,2026-05-11T15:52:36.140559,2026-05-11T15:52:53.904347+00:00
2014,392,Japan,M,Import,360,Indonesia,8471,Computers & Laptops,17966448.0,0.0,90677.0,2026-05-11T15:52:36.140565,2026-05-11T15:52:53.904347+00:00
2014,392,Japan,M,Import,372,Ireland,8471,Computers & Laptops,65223742.0,0.0,58918.0,2026-05-11T15:52:36.140570,2026-05-11T15:52:53.904347+00:00
2014,392,Japan,M,Import,376,Israel,8471,Computers & Laptops,34162124.0,0.0,9372.0,2026-05-11T15:52:36.140576,2026-05-11T15:52:53.904347+00:00
2014,392,Japan,M,Import,380,Italy,8471,Computers & Laptops,6478382.0,0.0,13407.0,2026-05-11T15:52:36.140581,2026-05-11T15:52:53.904347+00:00
2014,392,Japan,M,Import,410,South Korea,8471,Computers & Laptops,136111223.0,0.0,797780.0,2026-05-11T15:52:36.140586,2026-05-11T15:52:53.904347+00:00
2014,392,Japan,M,Import,428,Unknown,8471,Computers & Laptops,12961.0,0.0,14.0,2026-05-11T15:52:36.140592,2026-05-11T15:52:53.904347+00:00
2014,392,Japan,M,Import,442,Unknown,8471,Computers & Laptops,50806.0,0.0,31.0,2026-05-11T15:52:36.140600,2026-05-11T15:52:53.904347+00:00
2014,392,Japan,M,Import,458,Malaysia,8471,Computers & Laptops,200098902.0,0.0,3486323.0,2026-05-11T15:52:36.140606,2026-05-11T15:52:53.904347+00:00
2014,392,Japan,M,Import,484,Mexico,8471,Computers & Laptops,166084062.0,0.0,92625.0,2026-05-11T15:52:36.140611,2026-05-11T15:52:53.904347+00:00
2014,392,Japan,M,Import,490,Unknown,8471,Computers & Laptops,318837511.0,0.0,2066294.0,2026-05-11T15:52:36.140616,2026-05-11T15:52:53.904347+00:00
2014,392,Japan,M,Import,528,Netherlands,8471,Computers & Laptops,10004696.0,0.0,44256.0,2026-05-11T15:52:36.140621,2026-05-11T15:52:53.904347+00:00
2014,392,Japan,M,Import,579,Unknown,8471,Computers & Laptops,5723310.0,0.0,3547.0,2026-05-11T15:52:36.140626,2026-05-11T15:52:53.904347+00:00
2014,392,Japan,M,Import,608,Philippines,8471,Computers & Laptops,269827796.0,0.0,7849849.0,2026-05-11T15:52:36.140632,2026-05-11T15:52:53.904347+00:00
2014,392,Japan,M,Import,616,Poland,8471,Computers & Laptops,7183092.0,0.0,1523.0,2026-05-11T15:52:36.140637,2026-05-11T15:52:53.904347+00:00
2014,392,Japan,M,Import,620,Portugal,8471,Computers & Laptops,310186.0,0.0,409.0,2026-05-11T15:52:36.140642,2026-05-11T15:52:53.904347+00:00
2014,392,Japan,M,Import,682,Saudi Arabia,8471,Computers & Laptops,41598.0,0.0,38.0,2026-05-11T15:52:36.140648,2026-05-11T15:52:53.904347+00:00
2014,392,Japan,M,Import,699,Unknown,8471,Computers & Laptops,2851364.0,0.0,5583.0,2026-05-11T15:52:36.140656,2026-05-11T15:52:53.904347+00:00
2014,392,Japan,M,Import,702,Unknown,8471,Computers & Laptops,570751357.0,0.0,631983.0,2026-05-11T15:52:36.140661,2026-05-11T15:52:53.904347+00:00
2014,392,Japan,M,Import,703,Unknown,8471,Computers & Laptops,87686.0,0.0,351.0,2026-05-11T15:52:36.140666,2026-05-11T15:52:53.904347+00:00
2014,392,Japan,M,Import,704,Vietnam,8471,Computers & Laptops,5738427.0,0.0,66489.0,2026-05-11T15:52:36.140672,2026-05-11T15:52:53.904347+00:00
2014,392,Japan,M,Import,705,Unknown,8471,Computers & Laptops,91675.0,0.0,428.0,2026-05-11T15:52:36.140677,2026-05-11T15:52:53.904347+00:00
2014,392,Japan,M,Import,724,Spain,8471,Computers & Laptops,699492.0,0.0,178.0,2026-05-11T15:52:36.140682,2026-05-11T15:52:53.904347+00:00
2014,392,Japan,M,Import,752,Sweden,8471,Computers & Laptops,7560279.0,0.0,4375.0,2026-05-11T15:52:36.140689,2026-05-11T15:52:53.904347+00:00
2014,392,Japan,M,Import,757,Unknown,8471,Computers & Laptops,3285615.0,0.0,1847.0,2026-05-11T15:52:36.140695,2026-05-11T15:52:53.904347+00:00
2014,392,Japan,M,Import,764,Thailand,8471,Computers & Laptops,580385333.0,0.0,7591418.0,2026-05-11T15:52:36.140701,2026-05-11T15:52:53.904347+00:00
2014,392,Japan,M,Import,784,UAE,8471,Computers & Laptops,43677.0,0.0,437.0,2026-05-11T15:52:36.140706,2026-05-11T15:52:53.904347+00:00
2014,392,Japan,M,Import,826,United Kingdom,8471,Computers & Laptops,19646433.0,0.0,87733.0,2026-05-11T15:52:36.140714,2026-05-11T15:52:53.904347+00:00
2014,392,Japan,M,Import,842,Unknown,8471,Computers & Laptops,816739200.0,0.0,288631.0,2026-05-11T15:52:36.140720,2026-05-11T15:52:53.904347+00:00
2014,392,Japan,M,Import,222,Unknown,8471,Computers & Laptops,14673.0,79.0,1.0,2026-05-11T15:52:36.140749,2026-05-11T15:52:53.904347+00:00
2014,392,Japan,M,Import,364,Iran,8471,Computers & Laptops,2647.0,13.0,1.0,2026-05-11T15:52:36.140755,2026-05-11T15:52:53.904347+00:00
2014,392,Japan,M,Import,818,Egypt,8471,Computers & Laptops,3016.0,27.0,1.0,2026-05-11T15:52:36.140760,2026-05-11T15:52:53.904347+00:00
2015,392,Japan,X,Export,430,Unknown,8471,Computers & Laptops,1793.0,0.0,1.0,2026-05-11T15:52:36.140766,2026-05-11T15:52:53.904347+00:00
2015,392,Japan,X,Export,0,World,8471,Computers & Laptops,1683787124.0,0.0,11833296.0,2026-05-11T15:52:36.140773,2026-05-11T15:52:53.904347+00:00
2015,392,Japan,X,Export,12,Algeria,8471,Computers & Laptops,1052164.0,0.0,130.0,2026-05-11T15:52:36.140778,2026-05-11T15:52:53.904347+00:00
2015,392,Japan,X,Export,32,Argentina,8471,Computers & Laptops,1043487.0,0.0,511.0,2026-05-11T15:52:36.140784,2026-05-11T15:52:53.904347+00:00
2015,392,Japan,X,Export,36,Australia,8471,Computers & Laptops,16834082.0,0.0,21472.0,2026-05-11T15:52:36.140789,2026-05-11T15:52:53.904347+00:00
2015,392,Japan,X,Export,40,Austria,8471,Computers & Laptops,685548.0,0.0,1148.0,2026-05-11T15:52:36.140800,2026-05-11T15:52:53.904347+00:00
2015,392,Japan,X,Export,44,Unknown,8471,Computers & Laptops,18561.0,0.0,7.0,2026-05-11T15:52:36.140806,2026-05-11T15:52:53.904347+00:00
2015,392,Japan,X,Export,48,Unknown,8471,Computers & Laptops,83095.0,0.0,13.0,2026-05-11T15:52:36.140812,2026-05-11T15:52:53.904347+00:00
2015,392,Japan,X,Export,50,Bangladesh,8471,Computers & Laptops,1049107.0,0.0,233.0,2026-05-11T15:52:36.140820,2026-05-11T15:52:53.904347+00:00
2015,392,Japan,X,Export,56,Belgium,8471,Computers & Laptops,7031730.0,0.0,64400.0,2026-05-11T15:52:36.140827,2026-05-11T15:52:53.904347+00:00
2015,392,Japan,X,Export,68,Bolivia,8471,Computers & Laptops,82508.0,0.0,29.0,2026-05-11T15:52:36.140834,2026-05-11T15:52:53.904347+00:00
2015,392,Japan,X,Export,76,Brazil,8471,Computers & Laptops,5329999.0,0.0,21697.0,2026-05-11T15:52:36.140841,2026-05-11T15:52:53.904347+00:00
2015,392,Japan,X,Export,124,Canada,8471,Computers & Laptops,24328423.0,0.0,25025.0,2026-05-11T15:52:36.140847,2026-05-11T15:52:53.904347+00:00
2015,392,Japan,X,Export,144,Sri Lanka,8471,Computers & Laptops,418505.0,0.0,4136.0,2026-05-11T15:52:36.140854,2026-05-11T15:52:53.904347+00:00
2015,392,Japan,X,Export,152,Chile,8471,Computers & Laptops,500327.0,0.0,150.0,2026-05-11T15:52:36.140860,2026-05-11T15:52:53.904347+00:00
2015,392,Japan,X,Export,156,China,8471,Computers & Laptops,133071680.0,0.0,1659704.0,2026-05-11T15:52:36.140869,2026-05-11T15:52:53.904347+00:00
2015,392,Japan,X,Export,170,Colombia,8471,Computers & Laptops,351922.0,0.0,149.0,2026-05-11T15:52:36.140880,2026-05-11T15:52:53.904347+00:00
2015,392,Japan,X,Export,192,Unknown,8471,Computers & Laptops,15652.0,0.0,33.0,2026-05-11T15:52:36.140887,2026-05-11T15:52:53.904347+00:00
2015,392,Japan,X,Export,203,Czech Republic,8471,Computers & Laptops,323172.0,0.0,1034.0,2026-05-11T15:52:36.140893,2026-05-11T15:52:53.904347+00:00
2015,392,Japan,X,Export,208,Denmark,8471,Computers & Laptops,773353.0,0.0,1106.0,2026-05-11T15:52:36.140899,2026-05-11T15:52:53.904347+00:00
2015,392,Japan,X,Export,218,Ecuador,8471,Computers & Laptops,245416.0,0.0,60.0,2026-05-11T15:52:36.140905,2026-05-11T15:52:53.904347+00:00
2015,392,Japan,X,Export,246,Finland,8471,Computers & Laptops,99019.0,0.0,416.0,2026-05-11T15:52:36.140911,2026-05-11T15:52:53.904347+00:00
2015,392,Japan,X,Export,251,Unknown,8471,Computers & Laptops,21852280.0,0.0,25545.0,2026-05-11T15:52:36.140917,2026-05-11T15:52:53.904347+00:00
2015,392,Japan,X,Export,262,Unknown,8471,Computers & Laptops,7813331.0,0.0,18.0,2026-05-11T15:52:36.140924,2026-05-11T15:52:53.904347+00:00
2015,392,Japan,X,Export,276,Germany,8471,Computers & Laptops,362190981.0,0.0,601831.0,2026-05-11T15:52:36.140930,2026-05-11T15:52:53.904347+00:00
2015,392,Japan,X,Export,300,Greece,8471,Computers & Laptops,62005.0,0.0,124.0,2026-05-11T15:52:36.140938,2026-05-11T15:52:53.904347+00:00
2015,392,Japan,X,Export,344,Unknown,8471,Computers & Laptops,81821418.0,0.0,4541303.0,2026-05-11T15:52:36.140945,2026-05-11T15:52:53.904347+00:00
2015,392,Japan,X,Export,348,Unknown,8471,Computers & Laptops,926741.0,0.0,1449.0,2026-05-11T15:52:36.140951,2026-05-11T15:52:53.904347+00:00
2015,392,Japan,X,Export,360,Indonesia,8471,Computers & Laptops,10048553.0,0.0,21240.0,2026-05-11T15:52:36.140956,2026-05-11T15:52:53.904347+00:00
2015,392,Japan,X,Export,364,Iran,8471,Computers & Laptops,111944.0,0.0,207.0,2026-05-11T15:52:36.140962,2026-05-11T15:52:53.904347+00:00
2015,392,Japan,X,Export,372,Ireland,8471,Computers & Laptops,2086222.0,0.0,877.0,2026-05-11T15:52:36.140969,2026-05-11T15:52:53.904347+00:00
2015,392,Japan,X,Export,376,Israel,8471,Computers & Laptops,385020.0,0.0,237.0,2026-05-11T15:52:36.140975,2026-05-11T15:52:53.904347+00:00
2015,392,Japan,X,Export,380,Italy,8471,Computers & Laptops,3209812.0,0.0,2957.0,2026-05-11T15:52:36.140981,2026-05-11T15:52:53.904347+00:00
2015,392,Japan,X,Export,400,Jordan,8471,Computers & Laptops,158396.0,0.0,28.0,2026-05-11T15:52:36.140987,2026-05-11T15:52:53.904347+00:00
2015,392,Japan,X,Export,410,South Korea,8471,Computers & Laptops,44395373.0,0.0,139725.0,2026-05-11T15:52:36.140993,2026-05-11T15:52:53.904347+00:00
2015,392,Japan,X,Export,440,Unknown,8471,Computers & Laptops,48014.0,0.0,535.0,2026-05-11T15:52:36.141002,2026-05-11T15:52:53.904347+00:00
2015,392,Japan,X,Export,442,Unknown,8471,Computers & Laptops,448446.0,0.0,5092.0,2026-05-11T15:52:36.141009,2026-05-11T15:52:53.904347+00:00
2015,392,Japan,X,Export,446,Unknown,8471,Computers & Laptops,5232674.0,0.0,571017.0,2026-05-11T15:52:36.141015,2026-05-11T15:52:53.904347+00:00
2015,392,Japan,X,Export,458,Malaysia,8471,Computers & Laptops,20512008.0,0.0,116820.0,2026-05-11T15:52:36.141022,2026-05-11T15:52:53.904347+00:00
2015,392,Japan,X,Export,484,Mexico,8471,Computers & Laptops,7267138.0,0.0,12456.0,2026-05-11T15:52:36.141028,2026-05-11T15:52:53.904347+00:00
2015,392,Japan,X,Export,490,Unknown,8471,Computers & Laptops,42067305.0,0.0,132946.0,2026-05-11T15:52:36.141034,2026-05-11T15:52:53.904347+00:00
2015,392,Japan,X,Export,512,Unknown,8471,Computers & Laptops,9818.0,0.0,4.0,2026-05-11T15:52:36.141040,2026-05-11T15:52:53.904347+00:00
2015,392,Japan,X,Export,524,Unknown,8471,Computers & Laptops,151653.0,0.0,50.0,2026-05-11T15:52:36.141046,2026-05-11T15:52:53.904347+00:00
2015,392,Japan,X,Export,528,Netherlands,8471,Computers & Laptops,105724187.0,0.0,329993.0,2026-05-11T15:52:36.141052,2026-05-11T15:52:53.904347+00:00
2015,392,Japan,X,Export,554,New Zealand,8471,Computers & Laptops,1032157.0,0.0,218.0,2026-05-11T15:52:36.141058,2026-05-11T15:52:53.904347+00:00
2015,392,Japan,X,Export,566,Nigeria,8471,Computers & Laptops,351369.0,0.0,10829.0,2026-05-11T15:52:36.141066,2026-05-11T15:52:53.904347+00:00
2015,392,Japan,X,Export,579,Unknown,8471,Computers & Laptops,30478.0,0.0,35.0,2026-05-11T15:52:36.141072,2026-05-11T15:52:53.904347+00:00
2015,392,Japan,X,Export,584,Unknown,8471,Computers & Laptops,16379.0,0.0,14.0,2026-05-11T15:52:36.141078,2026-05-11T15:52:53.904347+00:00
2015,392,Japan,X,Export,586,Pakistan,8471,Computers & Laptops,900016.0,0.0,21124.0,2026-05-11T15:52:36.141085,2026-05-11T15:52:53.904347+00:00
2015,392,Japan,X,Export,591,Unknown,8471,Computers & Laptops,174048.0,0.0,56.0,2026-05-11T15:52:36.141091,2026-05-11T15:52:53.904347+00:00
2015,392,Japan,X,Export,598,Unknown,8471,Computers & Laptops,14528.0,0.0,12.0,2026-05-11T15:52:36.141098,2026-05-11T15:52:53.904347+00:00
2015,392,Japan,X,Export,604,Peru,8471,Computers & Laptops,286034.0,0.0,54.0,2026-05-11T15:52:36.141104,2026-05-11T15:52:53.904347+00:00
2015,392,Japan,X,Export,608,Philippines,8471,Computers & Laptops,11991519.0,0.0,136566.0,2026-05-11T15:52:36.141110,2026-05-11T15:52:53.904347+00:00
2015,392,Japan,X,Export,616,Poland,8471,Computers & Laptops,289141.0,0.0,134.0,2026-05-11T15:52:36.141116,2026-05-11T15:52:53.904347+00:00
2015,392,Japan,X,Export,620,Portugal,8471,Computers & Laptops,27230.0,0.0,31.0,2026-05-11T15:52:36.141122,2026-05-11T15:52:53.904347+00:00
2015,392,Japan,X,Export,642,Romania,8471,Computers & Laptops,24825.0,0.0,91.0,2026-05-11T15:52:36.141130,2026-05-11T15:52:53.904347+00:00
2015,392,Japan,X,Export,634,Qatar,8471,Computers & Laptops,1441200.0,0.0,103.0,2026-05-11T15:52:36.141136,2026-05-11T15:52:53.904347+00:00
2015,392,Japan,X,Export,643,Russia,8471,Computers & Laptops,1438432.0,0.0,3244.0,2026-05-11T15:52:36.141142,2026-05-11T15:52:53.904347+00:00
2015,392,Japan,X,Export,682,Saudi Arabia,8471,Computers & Laptops,599512.0,0.0,238.0,2026-05-11T15:52:36.141149,2026-05-11T15:52:53.904347+00:00
2015,392,Japan,X,Export,694,Unknown,8471,Computers & Laptops,22784.0,0.0,16.0,2026-05-11T15:52:36.141174,2026-05-11T15:52:53.904347+00:00
2015,392,Japan,X,Export,699,Unknown,8471,Computers & Laptops,9250738.0,0.0,11777.0,2026-05-11T15:52:36.141181,2026-05-11T15:52:53.904347+00:00
2015,392,Japan,X,Export,702,Unknown,8471,Computers & Laptops,82682774.0,0.0,1816302.0,2026-05-11T15:52:36.141187,2026-05-11T15:52:53.904347+00:00
2015,392,Japan,X,Export,703,Unknown,8471,Computers & Laptops,65021.0,0.0,10.0,2026-05-11T15:52:36.141193,2026-05-11T15:52:53.904347+00:00
2015,392,Japan,X,Export,704,Vietnam,8471,Computers & Laptops,8102125.0,0.0,64096.0,2026-05-11T15:52:36.141198,2026-05-11T15:52:53.904347+00:00
2015,392,Japan,X,Export,710,South Africa,8471,Computers & Laptops,6595755.0,0.0,2016.0,2026-05-11T15:52:36.141205,2026-05-11T15:52:53.904347+00:00
2015,392,Japan,X,Export,724,Spain,8471,Computers & Laptops,1983872.0,0.0,7279.0,2026-05-11T15:52:36.141213,2026-05-11T15:52:53.904347+00:00
2015,392,Japan,X,Export,729,Unknown,8471,Computers & Laptops,69236.0,0.0,10.0,2026-05-11T15:52:36.141221,2026-05-11T15:52:53.904347+00:00
2015,392,Japan,X,Export,748,Unknown,8471,Computers & Laptops,11181.0,0.0,11.0,2026-05-11T15:52:36.141227,2026-05-11T15:52:53.904347+00:00
2015,392,Japan,X,Export,752,Sweden,8471,Computers & Laptops,6797909.0,0.0,19018.0,2026-05-11T15:52:36.141233,2026-05-11T15:52:53.904347+00:00
2015,392,Japan,X,Export,757,Unknown,8471,Computers & Laptops,613147.0,0.0,471.0,2026-05-11T15:52:36.141239,2026-05-11T15:52:53.904347+00:00
2015,392,Japan,X,Export,764,Thailand,8471,Computers & Laptops,23122631.0,0.0,163411.0,2026-05-11T15:52:36.141245,2026-05-11T15:52:53.904347+00:00
2015,392,Japan,X,Export,784,UAE,8471,Computers & Laptops,10730498.0,0.0,111515.0,2026-05-11T15:52:36.141251,2026-05-11T15:52:53.904347+00:00
2015,392,Japan,X,Export,792,Turkey,8471,Computers & Laptops,6016076.0,0.0,9644.0,2026-05-11T15:52:36.141259,2026-05-11T15:52:53.904347+00:00
2015,392,Japan,X,Export,818,Egypt,8471,Computers & Laptops,1608745.0,0.0,42297.0,2026-05-11T15:52:36.141265,2026-05-11T15:52:53.904347+00:00
2015,392,Japan,X,Export,826,United Kingdom,8471,Computers & Laptops,53096448.0,0.0,101276.0,2026-05-11T15:52:36.141270,2026-05-11T15:52:53.904347+00:00
2015,392,Japan,X,Export,842,Unknown,8471,Computers & Laptops,533555425.0,0.0,894459.0,2026-05-11T15:52:36.141278,2026-05-11T15:52:53.904347+00:00
2015,392,Japan,X,Export,4,Afghanistan,8471,Computers & Laptops,47130.0,211.0,4513.0,2026-05-11T15:52:36.141283,2026-05-11T15:52:53.904347+00:00
2015,392,Japan,X,Export,64,Bhutan,8471,Computers & Laptops,37684.0,229.0,8.0,2026-05-11T15:52:36.141288,2026-05-11T15:52:53.904347+00:00
2015,392,Japan,X,Export,70,Unknown,8471,Computers & Laptops,14677.0,68.0,32.0,2026-05-11T15:52:36.141294,2026-05-11T15:52:53.904347+00:00
2015,392,Japan,X,Export,100,Bulgaria,8471,Computers & Laptops,37560.0,157.0,14.0,2026-05-11T15:52:36.141299,2026-05-11T15:52:53.904347+00:00
2015,392,Japan,X,Export,104,Unknown,8471,Computers & Laptops,814169.0,4098.0,7902.0,2026-05-11T15:52:36.141304,2026-05-11T15:52:53.904347+00:00
2015,392,Japan,X,Export,116,Cambodia,8471,Computers & Laptops,1458125.0,7012.0,53102.0,2026-05-11T15:52:36.141310,2026-05-11T15:52:53.904347+00:00
2015,392,Japan,X,Export,120,Unknown,8471,Computers & Laptops,304785.0,1394.0,13539.0,2026-05-11T15:52:36.141316,2026-05-11T15:52:53.904347+00:00
2015,392,Japan,X,Export,180,Unknown,8471,Computers & Laptops,1785.0,7.0,7.0,2026-05-11T15:52:36.141321,2026-05-11T15:52:53.904347+00:00
2015,392,Japan,X,Export,188,Unknown,8471,Computers & Laptops,35395.0,172.0,9005.0,2026-05-11T15:52:36.141327,2026-05-11T15:52:53.904347+00:00
2015,392,Japan,X,Export,222,Unknown,8471,Computers & Laptops,278431.0,1156.0,43.0,2026-05-11T15:52:36.141335,2026-05-11T15:52:53.904347+00:00
2015,392,Japan,X,Export,233,Unknown,8471,Computers & Laptops,120911.0,503.0,158.0,2026-05-11T15:52:36.141341,2026-05-11T15:52:53.904347+00:00
2015,392,Japan,X,Export,288,Ghana,8471,Computers & Laptops,392251.0,1569.0,1875.0,2026-05-11T15:52:36.141347,2026-05-11T15:52:53.904347+00:00
2015,392,Japan,X,Export,324,Unknown,8471,Computers & Laptops,2124.0,10.0,16.0,2026-05-11T15:52:36.141352,2026-05-11T15:52:53.904347+00:00
2015,392,Japan,X,Export,368,Iraq,8471,Computers & Laptops,408217.0,1948.0,22.0,2026-05-11T15:52:36.141357,2026-05-11T15:52:53.904347+00:00
2015,392,Japan,X,Export,384,Unknown,8471,Computers & Laptops,62005.0,249.0,14.0,2026-05-11T15:52:36.141363,2026-05-11T15:52:53.904347+00:00
2015,392,Japan,X,Export,404,Kenya,8471,Computers & Laptops,161148.0,727.0,57.0,2026-05-11T15:52:36.141368,2026-05-11T15:52:53.904347+00:00
2015,392,Japan,X,Export,414,Kuwait,8471,Computers & Laptops,810277.0,3500.0,4183.0,2026-05-11T15:52:36.141373,2026-05-11T15:52:53.904347+00:00
2015,392,Japan,X,Export,418,Unknown,8471,Computers & Laptops,301661.0,1776.0,25.0,2026-05-11T15:52:36.141379,2026-05-11T15:52:53.904347+00:00
2015,392,Japan,X,Export,422,Lebanon,8471,Computers & Laptops,142356.0,662.0,46.0,2026-05-11T15:52:36.141384,2026-05-11T15:52:53.904347+00:00
2015,392,Japan,X,Export,428,Unknown,8471,Computers & Laptops,6644.0,24.0,11.0,2026-05-11T15:52:36.141392,2026-05-11T15:52:53.904347+00:00
2015,392,Japan,X,Export,454,Unknown,8471,Computers & Laptops,107292.0,499.0,8.0,2026-05-11T15:52:36.141397,2026-05-11T15:52:53.904347+00:00
2015,392,Japan,X,Export,496,Unknown,8471,Computers & Laptops,84574.0,379.0,16.0,2026-05-11T15:52:36.141403,2026-05-11T15:52:53.904347+00:00
2015,392,Japan,X,Export,504,Morocco,8471,Computers & Laptops,48849.0,226.0,11.0,2026-05-11T15:52:36.141409,2026-05-11T15:52:53.904347+00:00
2015,392,Japan,X,Export,508,Unknown,8471,Computers & Laptops,283414.0,1236.0,14212.0,2026-05-11T15:52:36.141414,2026-05-11T15:52:53.904347+00:00
2015,392,Japan,X,Export,548,Unknown,8471,Computers & Laptops,644600.0,3188.0,9.0,2026-05-11T15:52:36.141420,2026-05-11T15:52:53.904347+00:00
2015,392,Japan,X,Export,585,Unknown,8471,Computers & Laptops,7181.0,38.0,7.0,2026-05-11T15:52:36.141425,2026-05-11T15:52:53.904347+00:00
2015,392,Japan,X,Export,600,Unknown,8471,Computers & Laptops,217128.0,1121.0,196.0,2026-05-11T15:52:36.141431,2026-05-11T15:52:53.904347+00:00
2015,392,Japan,X,Export,686,Unknown,8471,Computers & Laptops,2372.0,9.0,110.0,2026-05-11T15:52:36.141437,2026-05-11T15:52:53.904347+00:00
2015,392,Japan,X,Export,688,Unknown,8471,Computers & Laptops,190006.0,883.0,21.0,2026-05-11T15:52:36.141443,2026-05-11T15:52:53.904347+00:00
2015,392,Japan,X,Export,705,Unknown,8471,Computers & Laptops,4082.0,19.0,100.0,2026-05-11T15:52:36.141451,2026-05-11T15:52:53.904347+00:00
2015,392,Japan,X,Export,706,Unknown,8471,Computers & Laptops,4553.0,20.0,24.0,2026-05-11T15:52:36.141456,2026-05-11T15:52:53.904347+00:00
2015,392,Japan,X,Export,788,Unknown,8471,Computers & Laptops,245813.0,883.0,51.0,2026-05-11T15:52:36.141462,2026-05-11T15:52:53.904347+00:00
2015,392,Japan,X,Export,800,Uganda,8471,Computers & Laptops,18197.0,88.0,190.0,2026-05-11T15:52:36.141467,2026-05-11T15:52:53.904347+00:00
2015,392,Japan,X,Export,834,Unknown,8471,Computers & Laptops,94424.0,443.0,1291.0,2026-05-11T15:52:36.141473,2026-05-11T15:52:53.904347+00:00
2015,392,Japan,X,Export,858,Unknown,8471,Computers & Laptops,172941.0,944.0,140.0,2026-05-11T15:52:36.141477,2026-05-11T15:52:53.904347+00:00
2015,392,Japan,X,Export,316,Unknown,8471,Computers & Laptops,7611.0,36.0,6.0,2026-05-11T15:52:36.141483,2026-05-11T15:52:53.904347+00:00
2015,392,Japan,X,Export,516,Unknown,8471,Computers & Laptops,219955.0,1024.0,6.0,2026-05-11T15:52:36.141488,2026-05-11T15:52:53.904347+00:00
2015,392,Japan,X,Export,862,Unknown,8471,Computers & Laptops,21701.0,119.0,6.0,2026-05-11T15:52:36.141494,2026-05-11T15:52:53.904347+00:00
2015,392,Japan,X,Export,450,Unknown,8471,Computers & Laptops,50278.0,298.0,5.0,2026-05-11T15:52:36.141499,2026-05-11T15:52:53.904347+00:00
2015,392,Japan,X,Export,760,Unknown,8471,Computers & Laptops,5190.0,24.0,4.0,2026-05-11T15:52:36.141508,2026-05-11T15:52:53.904347+00:00
2015,392,Japan,X,Export,96,Unknown,8471,Computers & Laptops,2565146.0,9978.0,3.0,2026-05-11T15:52:36.141514,2026-05-11T15:52:53.904347+00:00
2015,392,Japan,X,Export,275,Unknown,8471,Computers & Laptops,5281.0,31.0,3.0,2026-05-11T15:52:36.141522,2026-05-11T15:52:53.904347+00:00
2015,392,Japan,X,Export,480,Unknown,8471,Computers & Laptops,15751.0,86.0,3.0,2026-05-11T15:52:36.141528,2026-05-11T15:52:53.904347+00:00
2015,392,Japan,X,Export,583,Unknown,8471,Computers & Laptops,4925.0,30.0,3.0,2026-05-11T15:52:36.141534,2026-05-11T15:52:53.904347+00:00
2015,392,Japan,X,Export,798,Unknown,8471,Computers & Laptops,4925.0,30.0,3.0,2026-05-11T15:52:36.141539,2026-05-11T15:52:53.904347+00:00
2015,392,Japan,X,Export,196,Cyprus,8471,Computers & Laptops,2421.0,9.0,2.0,2026-05-11T15:52:36.141545,2026-05-11T15:52:53.904347+00:00
2015,392,Japan,X,Export,214,Unknown,8471,Computers & Laptops,21751.0,101.0,2.0,2026-05-11T15:52:36.141550,2026-05-11T15:52:53.904347+00:00
2015,392,Japan,X,Export,231,Ethiopia,8471,Computers & Laptops,6198.0,21.0,2.0,2026-05-11T15:52:36.141556,2026-05-11T15:52:53.904347+00:00
2015,392,Japan,X,Export,242,Unknown,8471,Computers & Laptops,8371.0,44.0,2.0,2026-05-11T15:52:36.141561,2026-05-11T15:52:53.904347+00:00
2015,392,Japan,X,Export,320,Unknown,8471,Computers & Laptops,8760.0,41.0,2.0,2026-05-11T15:52:36.141569,2026-05-11T15:52:53.904347+00:00
2015,392,Japan,X,Export,340,Unknown,8471,Computers & Laptops,241011.0,1426.0,2.0,2026-05-11T15:52:36.141575,2026-05-11T15:52:53.904347+00:00
2015,392,Japan,X,Export,462,Unknown,8471,Computers & Laptops,13850.0,67.0,2.0,2026-05-11T15:52:36.141580,2026-05-11T15:52:53.904347+00:00
2015,392,Japan,X,Export,466,Unknown,8471,Computers & Laptops,4454.0,21.0,2.0,2026-05-11T15:52:36.141585,2026-05-11T15:52:53.904347+00:00
2015,392,Japan,X,Export,478,Unknown,8471,Computers & Laptops,4347.0,20.0,2.0,2026-05-11T15:52:36.141590,2026-05-11T15:52:53.904347+00:00
2015,392,Japan,X,Export,558,Unknown,8471,Computers & Laptops,4537.0,24.0,2.0,2026-05-11T15:52:36.141595,2026-05-11T15:52:53.904347+00:00
2015,392,Japan,X,Export,716,Zimbabwe,8471,Computers & Laptops,164561.0,568.0,2.0,2026-05-11T15:52:36.141601,2026-05-11T15:52:53.904347+00:00
2015,392,Japan,X,Export,740,Unknown,8471,Computers & Laptops,5016.0,23.0,2.0,2026-05-11T15:52:36.141606,2026-05-11T15:52:53.904347+00:00
2015,392,Japan,X,Export,768,Unknown,8471,Computers & Laptops,19966.0,93.0,2.0,2026-05-11T15:52:36.141611,2026-05-11T15:52:53.904347+00:00
2015,392,Japan,X,Export,24,Angola,8471,Computers & Laptops,2182.0,13.0,1.0,2026-05-11T15:52:36.141617,2026-05-11T15:52:53.904347+00:00
2015,392,Japan,X,Export,136,Unknown,8471,Computers & Laptops,4132.0,19.0,1.0,2026-05-11T15:52:36.141627,2026-05-11T15:52:53.904347+00:00
2015,392,Japan,X,Export,562,Unknown,8471,Computers & Laptops,2165.0,10.0,1.0,2026-05-11T15:52:36.141635,2026-05-11T15:52:53.904347+00:00
2015,392,Japan,X,Export,662,Unknown,8471,Computers & Laptops,3223.0,14.0,1.0,2026-05-11T15:52:36.141640,2026-05-11T15:52:53.904347+00:00
2015,392,Japan,X,Export,795,Unknown,8471,Computers & Laptops,2562.0,12.0,1.0,2026-05-11T15:52:36.141645,2026-05-11T15:52:53.904347+00:00
2015,392,Japan,M,Import,120,Unknown,8471,Computers & Laptops,10280.0,48.0,52.0,2026-05-11T15:52:36.141651,2026-05-11T15:52:53.904347+00:00
2015,392,Japan,M,Import,148,Unknown,8471,Computers & Laptops,13933.0,65.0,35.0,2026-05-11T15:52:36.141656,2026-05-11T15:52:53.904347+00:00
2015,392,Japan,M,Import,152,Chile,8471,Computers & Laptops,5074.0,25.0,3.0,2026-05-11T15:52:36.141662,2026-05-11T15:52:53.904347+00:00
2015,392,Japan,M,Import,188,Unknown,8471,Computers & Laptops,361054.0,1874.0,498.0,2026-05-11T15:52:36.141668,2026-05-11T15:52:53.904347+00:00
2015,392,Japan,M,Import,233,Unknown,8471,Computers & Laptops,73054.0,332.0,4.0,2026-05-11T15:52:36.141673,2026-05-11T15:52:53.904347+00:00
2015,392,Japan,M,Import,300,Greece,8471,Computers & Laptops,59889.0,351.0,36.0,2026-05-11T15:52:36.141679,2026-05-11T15:52:53.904347+00:00
2015,392,Japan,M,Import,340,Unknown,8471,Computers & Laptops,13313.0,68.0,27.0,2026-05-11T15:52:36.141689,2026-05-11T15:52:53.904347+00:00
2015,392,Japan,M,Import,352,Unknown,8471,Computers & Laptops,11330.0,50.0,4.0,2026-05-11T15:52:36.141695,2026-05-11T15:52:53.904347+00:00
2015,392,Japan,M,Import,364,Iran,8471,Computers & Laptops,20594.0,141.0,17.0,2026-05-11T15:52:36.141700,2026-05-11T15:52:53.904347+00:00
2015,392,Japan,M,Import,428,Unknown,8471,Computers & Laptops,53443.0,235.0,1022.0,2026-05-11T15:52:36.141706,2026-05-11T15:52:53.904347+00:00
2015,392,Japan,M,Import,524,Unknown,8471,Computers & Laptops,17421.0,81.0,5.0,2026-05-11T15:52:36.141712,2026-05-11T15:52:53.904347+00:00
2015,392,Japan,M,Import,554,New Zealand,8471,Computers & Laptops,894413.0,4429.0,262.0,2026-05-11T15:52:36.141718,2026-05-11T15:52:53.904347+00:00
2015,392,Japan,M,Import,586,Pakistan,8471,Computers & Laptops,19619.0,102.0,3.0,2026-05-11T15:52:36.141723,2026-05-11T15:52:53.904347+00:00
2015,392,Japan,M,Import,591,Unknown,8471,Computers & Laptops,3256.0,14.0,4.0,2026-05-11T15:52:36.141756,2026-05-11T15:52:53.904347+00:00
2015,392,Japan,M,Import,642,Romania,8471,Computers & Laptops,1607398.0,6932.0,2544.0,2026-05-11T15:52:36.141762,2026-05-11T15:52:53.904347+00:00
2015,392,Japan,M,Import,643,Russia,8471,Computers & Laptops,90962.0,397.0,78.0,2026-05-11T15:52:36.141767,2026-05-11T15:52:53.904347+00:00
2015,392,Japan,M,Import,688,Unknown,8471,Computers & Laptops,24461.0,111.0,8.0,2026-05-11T15:52:36.141776,2026-05-11T15:52:53.904347+00:00
2015,392,Japan,M,Import,682,Saudi Arabia,8471,Computers & Laptops,20685.0,128.0,12.0,2026-05-11T15:52:36.141781,2026-05-11T15:52:53.904347+00:00
2015,392,Japan,M,Import,703,Unknown,8471,Computers & Laptops,539656.0,4050.0,1012.0,2026-05-11T15:52:36.141787,2026-05-11T15:52:53.904347+00:00
2015,392,Japan,M,Import,788,Unknown,8471,Computers & Laptops,49320.0,371.0,18.0,2026-05-11T15:52:36.141792,2026-05-11T15:52:53.904347+00:00
2015,392,Japan,M,Import,792,Turkey,8471,Computers & Laptops,40130.0,179.0,140.0,2026-05-11T15:52:36.141798,2026-05-11T15:52:53.904347+00:00
2015,392,Japan,M,Import,804,Ukraine,8471,Computers & Laptops,12652.0,81.0,11.0,2026-05-11T15:52:36.141803,2026-05-11T15:52:53.904347+00:00
2015,392,Japan,M,Import,96,Unknown,8471,Computers & Laptops,6826.0,31.0,2.0,2026-05-11T15:52:36.141808,2026-05-11T15:52:53.904347+00:00
2015,392,Japan,M,Import,470,Unknown,8471,Computers & Laptops,8917.0,42.0,2.0,2026-05-11T15:52:36.141814,2026-05-11T15:52:53.904347+00:00
2015,392,Japan,M,Import,796,Unknown,8471,Computers & Laptops,1802.0,8.0,2.0,2026-05-11T15:52:36.141819,2026-05-11T15:52:53.904347+00:00
2015,392,Japan,M,Import,316,Unknown,8471,Computers & Laptops,2818.0,14.0,1.0,2026-05-11T15:52:36.141824,2026-05-11T15:52:53.904347+00:00
2015,392,Japan,M,Import,384,Unknown,8471,Computers & Laptops,18462.0,147.0,1.0,2026-05-11T15:52:36.141832,2026-05-11T15:52:53.904347+00:00
2015,392,Japan,M,Import,388,Jamaica,8471,Computers & Laptops,2248.0,11.0,1.0,2026-05-11T15:52:36.141838,2026-05-11T15:52:53.904347+00:00
2015,392,Japan,M,Import,462,Unknown,8471,Computers & Laptops,3760.0,17.0,1.0,2026-05-11T15:52:36.141843,2026-05-11T15:52:53.904347+00:00
2015,392,Japan,M,Import,0,World,8471,Computers & Laptops,13503653629.0,0.0,73280229.0,2026-05-11T15:52:36.141852,2026-05-11T15:52:53.904347+00:00
2015,392,Japan,M,Import,36,Australia,8471,Computers & Laptops,2410311.0,0.0,1506.0,2026-05-11T15:52:36.141857,2026-05-11T15:52:53.904347+00:00
2015,392,Japan,M,Import,40,Austria,8471,Computers & Laptops,9758371.0,0.0,12301.0,2026-05-11T15:52:36.141863,2026-05-11T15:52:53.904347+00:00
2015,392,Japan,M,Import,56,Belgium,8471,Computers & Laptops,5707465.0,0.0,1320.0,2026-05-11T15:52:36.141869,2026-05-11T15:52:53.904347+00:00
2015,392,Japan,M,Import,76,Brazil,8471,Computers & Laptops,115126.0,0.0,31.0,2026-05-11T15:52:36.141874,2026-05-11T15:52:53.904347+00:00
2015,392,Japan,M,Import,100,Bulgaria,8471,Computers & Laptops,296479.0,0.0,1130.0,2026-05-11T15:52:36.141880,2026-05-11T15:52:53.904347+00:00
2015,392,Japan,M,Import,124,Canada,8471,Computers & Laptops,47336456.0,0.0,12271.0,2026-05-11T15:52:36.141885,2026-05-11T15:52:53.904347+00:00
2015,392,Japan,M,Import,156,China,8471,Computers & Laptops,10419541671.0,0.0,53697460.0,2026-05-11T15:52:36.141894,2026-05-11T15:52:53.904347+00:00
2015,392,Japan,M,Import,203,Czech Republic,8471,Computers & Laptops,8587065.0,0.0,7414.0,2026-05-11T15:52:36.141900,2026-05-11T15:52:53.904347+00:00
2015,392,Japan,M,Import,208,Denmark,8471,Computers & Laptops,2084082.0,0.0,1340.0,2026-05-11T15:52:36.141906,2026-05-11T15:52:53.904347+00:00
2015,392,Japan,M,Import,246,Finland,8471,Computers & Laptops,1029579.0,0.0,457.0,2026-05-11T15:52:36.141911,2026-05-11T15:52:53.904347+00:00
2015,392,Japan,M,Import,251,Unknown,8471,Computers & Laptops,11325605.0,0.0,179255.0,2026-05-11T15:52:36.141916,2026-05-11T15:52:53.904347+00:00
2015,392,Japan,M,Import,268,Unknown,8471,Computers & Laptops,2554.0,0.0,12.0,2026-05-11T15:52:36.141922,2026-05-11T15:52:53.904347+00:00
2015,392,Japan,M,Import,276,Germany,8471,Computers & Laptops,89330543.0,0.0,109667.0,2026-05-11T15:52:36.141927,2026-05-11T15:52:53.904347+00:00
2015,392,Japan,M,Import,344,Unknown,8471,Computers & Laptops,6231139.0,0.0,125598.0,2026-05-11T15:52:36.141933,2026-05-11T15:52:53.904347+00:00
2015,392,Japan,M,Import,348,Unknown,8471,Computers & Laptops,72823079.0,0.0,45452.0,2026-05-11T15:52:36.141939,2026-05-11T15:52:53.904347+00:00
2015,392,Japan,M,Import,360,Indonesia,8471,Computers & Laptops,15322671.0,0.0,73323.0,2026-05-11T15:52:36.141944,2026-05-11T15:52:53.904347+00:00
2015,392,Japan,M,Import,372,Ireland,8471,Computers & Laptops,74658340.0,0.0,50020.0,2026-05-11T15:52:36.141953,2026-05-11T15:52:53.904347+00:00
2015,392,Japan,M,Import,376,Israel,8471,Computers & Laptops,23432663.0,0.0,3516.0,2026-05-11T15:52:36.141959,2026-05-11T15:52:53.904347+00:00
2015,392,Japan,M,Import,380,Italy,8471,Computers & Laptops,5286241.0,0.0,10517.0,2026-05-11T15:52:36.141965,2026-05-11T15:52:53.904347+00:00
2015,392,Japan,M,Import,410,South Korea,8471,Computers & Laptops,98498327.0,0.0,597421.0,2026-05-11T15:52:36.141971,2026-05-11T15:52:53.904347+00:00
2015,392,Japan,M,Import,442,Unknown,8471,Computers & Laptops,338229.0,0.0,32.0,2026-05-11T15:52:36.142030,2026-05-11T15:52:53.904347+00:00
2015,392,Japan,M,Import,458,Malaysia,8471,Computers & Laptops,151075085.0,0.0,3014674.0,2026-05-11T15:52:36.142036,2026-05-11T15:52:53.904347+00:00
2015,392,Japan,M,Import,484,Mexico,8471,Computers & Laptops,127456548.0,0.0,58869.0,2026-05-11T15:52:36.142042,2026-05-11T15:52:53.904347+00:00
2015,392,Japan,M,Import,490,Unknown,8471,Computers & Laptops,287759306.0,0.0,2081483.0,2026-05-11T15:52:36.142047,2026-05-11T15:52:53.904347+00:00
2015,392,Japan,M,Import,528,Netherlands,8471,Computers & Laptops,5772239.0,0.0,1218.0,2026-05-11T15:52:36.142054,2026-05-11T15:52:53.904347+00:00
2015,392,Japan,M,Import,579,Unknown,8471,Computers & Laptops,865761.0,0.0,4515.0,2026-05-11T15:52:36.142060,2026-05-11T15:52:53.904347+00:00
2015,392,Japan,M,Import,608,Philippines,8471,Computers & Laptops,264209741.0,0.0,6037416.0,2026-05-11T15:52:36.142069,2026-05-11T15:52:53.904347+00:00
2015,392,Japan,M,Import,616,Poland,8471,Computers & Laptops,11133062.0,0.0,90944.0,2026-05-11T15:52:36.142075,2026-05-11T15:52:53.904347+00:00
2015,392,Japan,M,Import,620,Portugal,8471,Computers & Laptops,294174.0,0.0,691.0,2026-05-11T15:52:36.142081,2026-05-11T15:52:53.904347+00:00
2015,392,Japan,M,Import,699,Unknown,8471,Computers & Laptops,492196.0,0.0,945.0,2026-05-11T15:52:36.142087,2026-05-11T15:52:53.904347+00:00
2015,392,Japan,M,Import,702,Unknown,8471,Computers & Laptops,550817657.0,0.0,432752.0,2026-05-11T15:52:36.142093,2026-05-11T15:52:53.904347+00:00
2015,392,Japan,M,Import,704,Vietnam,8471,Computers & Laptops,6929645.0,0.0,79700.0,2026-05-11T15:52:36.142101,2026-05-11T15:52:53.904347+00:00
2015,392,Japan,M,Import,705,Unknown,8471,Computers & Laptops,51625.0,0.0,216.0,2026-05-11T15:52:36.142107,2026-05-11T15:52:53.904347+00:00
2015,392,Japan,M,Import,710,South Africa,8471,Computers & Laptops,45452.0,0.0,80.0,2026-05-11T15:52:36.142113,2026-05-11T15:52:53.904347+00:00
2015,392,Japan,M,Import,724,Spain,8471,Computers & Laptops,392449.0,0.0,132.0,2026-05-11T15:52:36.142119,2026-05-11T15:52:53.904347+00:00
2015,392,Japan,M,Import,752,Sweden,8471,Computers & Laptops,3718205.0,0.0,9386.0,2026-05-11T15:52:36.142125,2026-05-11T15:52:53.904347+00:00
2015,392,Japan,M,Import,757,Unknown,8471,Computers & Laptops,3584122.0,0.0,2051.0,2026-05-11T15:52:36.142133,2026-05-11T15:52:53.904347+00:00
2015,392,Japan,M,Import,764,Thailand,8471,Computers & Laptops,537324321.0,0.0,6276786.0,2026-05-11T15:52:36.142139,2026-05-11T15:52:53.904347+00:00
2015,392,Japan,M,Import,784,UAE,8471,Computers & Laptops,62972.0,0.0,2316.0,2026-05-11T15:52:36.142145,2026-05-11T15:52:53.904347+00:00
2015,392,Japan,M,Import,826,United Kingdom,8471,Computers & Laptops,16849189.0,0.0,13552.0,2026-05-11T15:52:36.142151,2026-05-11T15:52:53.904347+00:00
2015,392,Japan,M,Import,842,Unknown,8471,Computers & Laptops,636717119.0,0.0,236655.0,2026-05-11T15:52:36.142157,2026-05-11T15:52:53.904347+00:00
2016,392,Japan,M,Import,51,Unknown,8471,Computers & Laptops,63536.0,273.0,22.0,2026-05-11T15:52:36.142162,2026-05-11T15:52:53.904347+00:00
2016,392,Japan,M,Import,152,Chile,8471,Computers & Laptops,28658.0,156.0,77.0,2026-05-11T15:52:36.142169,2026-05-11T15:52:53.904347+00:00
2016,392,Japan,M,Import,170,Colombia,8471,Computers & Laptops,7480.0,41.0,4.0,2026-05-11T15:52:36.142174,2026-05-11T15:52:53.904347+00:00
2016,392,Japan,M,Import,188,Unknown,8471,Computers & Laptops,339180.0,1523.0,133.0,2026-05-11T15:52:36.142180,2026-05-11T15:52:53.904347+00:00
2016,392,Japan,M,Import,233,Unknown,8471,Computers & Laptops,157386.0,681.0,22.0,2026-05-11T15:52:36.142186,2026-05-11T15:52:53.904347+00:00
2016,392,Japan,M,Import,300,Greece,8471,Computers & Laptops,9844.0,52.0,6.0,2026-05-11T15:52:36.142194,2026-05-11T15:52:53.904347+00:00
2016,392,Japan,M,Import,352,Unknown,8471,Computers & Laptops,18207.0,104.0,6.0,2026-05-11T15:52:36.142200,2026-05-11T15:52:53.904347+00:00
2016,392,Japan,M,Import,428,Unknown,8471,Computers & Laptops,28254.0,131.0,10.0,2026-05-11T15:52:36.142205,2026-05-11T15:52:53.904347+00:00
2016,392,Japan,M,Import,440,Unknown,8471,Computers & Laptops,20424.0,105.0,103.0,2026-05-11T15:52:36.142211,2026-05-11T15:52:53.904347+00:00
2016,392,Japan,M,Import,446,Unknown,8471,Computers & Laptops,19118.0,100.0,20.0,2026-05-11T15:52:36.142217,2026-05-11T15:52:53.904347+00:00
2016,392,Japan,M,Import,634,Qatar,8471,Computers & Laptops,6164.0,32.0,10.0,2026-05-11T15:52:36.142225,2026-05-11T15:52:53.904347+00:00
2016,392,Japan,M,Import,643,Russia,8471,Computers & Laptops,118911.0,502.0,208.0,2026-05-11T15:52:36.142231,2026-05-11T15:52:53.904347+00:00
2016,392,Japan,M,Import,688,Unknown,8471,Computers & Laptops,10083.0,43.0,21.0,2026-05-11T15:52:36.142238,2026-05-11T15:52:53.904347+00:00
2016,392,Japan,M,Import,710,South Africa,8471,Computers & Laptops,43176.0,236.0,107.0,2026-05-11T15:52:36.142244,2026-05-11T15:52:53.904347+00:00
2016,392,Japan,M,Import,792,Turkey,8471,Computers & Laptops,18796.0,102.0,15.0,2026-05-11T15:52:36.142249,2026-05-11T15:52:53.904347+00:00
2016,392,Japan,M,Import,796,Unknown,8471,Computers & Laptops,30554.0,131.0,262.0,2026-05-11T15:52:36.142258,2026-05-11T15:52:53.904347+00:00
2016,392,Japan,M,Import,800,Uganda,8471,Computers & Laptops,4986.0,26.0,13.0,2026-05-11T15:52:36.142264,2026-05-11T15:52:53.904347+00:00
2016,392,Japan,M,Import,804,Ukraine,8471,Computers & Laptops,57077.0,231.0,20.0,2026-05-11T15:52:36.142270,2026-05-11T15:52:53.904347+00:00
2016,392,Japan,M,Import,92,Unknown,8471,Computers & Laptops,9209.0,37.0,2.0,2026-05-11T15:52:36.142276,2026-05-11T15:52:53.904347+00:00
2016,392,Japan,M,Import,784,UAE,8471,Computers & Laptops,5870.0,24.0,2.0,2026-05-11T15:52:36.142282,2026-05-11T15:52:53.904347+00:00
2016,392,Japan,M,Import,28,Antigua and Barbuda,8471,Computers & Laptops,2475.0,13.0,1.0,2026-05-11T15:52:36.142288,2026-05-11T15:52:53.904347+00:00
2016,392,Japan,M,Import,136,Unknown,8471,Computers & Laptops,8418.0,34.0,1.0,2026-05-11T15:52:36.142294,2026-05-11T15:52:53.904347+00:00
2016,392,Japan,M,Import,422,Lebanon,8471,Computers & Laptops,3450.0,15.0,1.0,2026-05-11T15:52:36.142300,2026-05-11T15:52:53.904347+00:00
2016,392,Japan,M,Import,512,Unknown,8471,Computers & Laptops,9642.0,42.0,1.0,2026-05-11T15:52:36.142306,2026-05-11T15:52:53.904347+00:00
2016,392,Japan,M,Import,0,World,8471,Computers & Laptops,13239084008.0,0.0,72334145.0,2026-05-11T15:52:36.142313,2026-05-11T15:52:53.904347+00:00
2016,392,Japan,M,Import,36,Australia,8471,Computers & Laptops,1586070.0,0.0,1334.0,2026-05-11T15:52:36.142321,2026-05-11T15:52:53.904347+00:00
2016,392,Japan,M,Import,40,Austria,8471,Computers & Laptops,8508280.0,0.0,13798.0,2026-05-11T15:52:36.142327,2026-05-11T15:52:53.904347+00:00
2016,392,Japan,M,Import,56,Belgium,8471,Computers & Laptops,7923135.0,0.0,724.0,2026-05-11T15:52:36.142333,2026-05-11T15:52:53.904347+00:00
2016,392,Japan,M,Import,76,Brazil,8471,Computers & Laptops,106960.0,0.0,207.0,2026-05-11T15:52:36.142340,2026-05-11T15:52:53.904347+00:00
2016,392,Japan,M,Import,100,Bulgaria,8471,Computers & Laptops,575043.0,0.0,5277.0,2026-05-11T15:52:36.142345,2026-05-11T15:52:53.904347+00:00
2016,392,Japan,M,Import,116,Cambodia,8471,Computers & Laptops,11132.0,0.0,1000.0,2026-05-11T15:52:36.142351,2026-05-11T15:52:53.904347+00:00
2016,392,Japan,M,Import,124,Canada,8471,Computers & Laptops,17354977.0,0.0,12515.0,2026-05-11T15:52:36.142357,2026-05-11T15:52:53.904347+00:00
2016,392,Japan,M,Import,144,Sri Lanka,8471,Computers & Laptops,8814.0,0.0,3.0,2026-05-11T15:52:36.142363,2026-05-11T15:52:53.904347+00:00
2016,392,Japan,M,Import,156,China,8471,Computers & Laptops,10210655627.0,0.0,54163414.0,2026-05-11T15:52:36.142370,2026-05-11T15:52:53.904347+00:00
2016,392,Japan,M,Import,203,Czech Republic,8471,Computers & Laptops,11390763.0,0.0,15588.0,2026-05-11T15:52:36.142375,2026-05-11T15:52:53.904347+00:00
2016,392,Japan,M,Import,208,Denmark,8471,Computers & Laptops,1789254.0,0.0,1702.0,2026-05-11T15:52:36.142387,2026-05-11T15:52:53.904347+00:00
2016,392,Japan,M,Import,246,Finland,8471,Computers & Laptops,915419.0,0.0,411.0,2026-05-11T15:52:36.142393,2026-05-11T15:52:53.904347+00:00
2016,392,Japan,M,Import,251,Unknown,8471,Computers & Laptops,11115984.0,0.0,163929.0,2026-05-11T15:52:36.142399,2026-05-11T15:52:53.904347+00:00
2016,392,Japan,M,Import,276,Germany,8471,Computers & Laptops,85167433.0,0.0,81080.0,2026-05-11T15:52:36.142404,2026-05-11T15:52:53.904347+00:00
2016,392,Japan,M,Import,344,Unknown,8471,Computers & Laptops,5040854.0,0.0,148886.0,2026-05-11T15:52:36.142410,2026-05-11T15:52:53.904347+00:00
2016,392,Japan,M,Import,348,Unknown,8471,Computers & Laptops,71499083.0,0.0,36767.0,2026-05-11T15:52:36.142416,2026-05-11T15:52:53.904347+00:00
2016,392,Japan,M,Import,360,Indonesia,8471,Computers & Laptops,8923481.0,0.0,77494.0,2026-05-11T15:52:36.142422,2026-05-11T15:52:53.904347+00:00
2016,392,Japan,M,Import,372,Ireland,8471,Computers & Laptops,102483438.0,0.0,15008.0,2026-05-11T15:52:36.142428,2026-05-11T15:52:53.904347+00:00
2016,392,Japan,M,Import,376,Israel,8471,Computers & Laptops,27076511.0,0.0,5709.0,2026-05-11T15:52:36.142434,2026-05-11T15:52:53.904347+00:00
2016,392,Japan,M,Import,380,Italy,8471,Computers & Laptops,4667754.0,0.0,8517.0,2026-05-11T15:52:36.142440,2026-05-11T15:52:53.904347+00:00
2016,392,Japan,M,Import,410,South Korea,8471,Computers & Laptops,88715387.0,0.0,814793.0,2026-05-11T15:52:36.142448,2026-05-11T15:52:53.904347+00:00
2016,392,Japan,M,Import,442,Unknown,8471,Computers & Laptops,287623.0,0.0,56.0,2026-05-11T15:52:36.142454,2026-05-11T15:52:53.904347+00:00
2016,392,Japan,M,Import,458,Malaysia,8471,Computers & Laptops,144381033.0,0.0,3128825.0,2026-05-11T15:52:36.142460,2026-05-11T15:52:53.904347+00:00
2016,392,Japan,M,Import,484,Mexico,8471,Computers & Laptops,109799799.0,0.0,85711.0,2026-05-11T15:52:36.142466,2026-05-11T15:52:53.904347+00:00
2016,392,Japan,M,Import,490,Unknown,8471,Computers & Laptops,292802521.0,0.0,1947568.0,2026-05-11T15:52:36.142471,2026-05-11T15:52:53.904347+00:00
2016,392,Japan,M,Import,528,Netherlands,8471,Computers & Laptops,18827646.0,0.0,7018.0,2026-05-11T15:52:36.142477,2026-05-11T15:52:53.904347+00:00
2016,392,Japan,M,Import,554,New Zealand,8471,Computers & Laptops,96261.0,0.0,87.0,2026-05-11T15:52:36.142484,2026-05-11T15:52:53.904347+00:00
2016,392,Japan,M,Import,579,Unknown,8471,Computers & Laptops,2063546.0,0.0,7566.0,2026-05-11T15:52:36.142489,2026-05-11T15:52:53.904347+00:00
2016,392,Japan,M,Import,604,Peru,8471,Computers & Laptops,68605.0,0.0,14.0,2026-05-11T15:52:36.142497,2026-05-11T15:52:53.904347+00:00
2016,392,Japan,M,Import,608,Philippines,8471,Computers & Laptops,211212253.0,0.0,4743264.0,2026-05-11T15:52:36.142503,2026-05-11T15:52:53.904347+00:00
2016,392,Japan,M,Import,616,Poland,8471,Computers & Laptops,7488559.0,0.0,46833.0,2026-05-11T15:52:36.142511,2026-05-11T15:52:53.904347+00:00
2016,392,Japan,M,Import,620,Portugal,8471,Computers & Laptops,176872.0,0.0,606.0,2026-05-11T15:52:36.142518,2026-05-11T15:52:53.904347+00:00
2016,392,Japan,M,Import,642,Romania,8471,Computers & Laptops,2512851.0,0.0,3707.0,2026-05-11T15:52:36.142523,2026-05-11T15:52:53.904347+00:00
2016,392,Japan,M,Import,699,Unknown,8471,Computers & Laptops,649085.0,0.0,2454.0,2026-05-11T15:52:36.142529,2026-05-11T15:52:53.904347+00:00
2016,392,Japan,M,Import,702,Unknown,8471,Computers & Laptops,493913073.0,0.0,339092.0,2026-05-11T15:52:36.142535,2026-05-11T15:52:53.904347+00:00
2016,392,Japan,M,Import,703,Unknown,8471,Computers & Laptops,1485319.0,0.0,2263.0,2026-05-11T15:52:36.142543,2026-05-11T15:52:53.904347+00:00
2016,392,Japan,M,Import,704,Vietnam,8471,Computers & Laptops,9065539.0,0.0,72914.0,2026-05-11T15:52:36.142549,2026-05-11T15:52:53.904347+00:00
2016,392,Japan,M,Import,705,Unknown,8471,Computers & Laptops,109426.0,0.0,265.0,2026-05-11T15:52:36.142555,2026-05-11T15:52:53.904347+00:00
2016,392,Japan,M,Import,724,Spain,8471,Computers & Laptops,649049.0,0.0,268.0,2026-05-11T15:52:36.142560,2026-05-11T15:52:53.904347+00:00
2016,392,Japan,M,Import,752,Sweden,8471,Computers & Laptops,3382178.0,0.0,3263.0,2026-05-11T15:52:36.142566,2026-05-11T15:52:53.904347+00:00
2016,392,Japan,M,Import,757,Unknown,8471,Computers & Laptops,3223697.0,0.0,2523.0,2026-05-11T15:52:36.142574,2026-05-11T15:52:53.904347+00:00
2016,392,Japan,M,Import,764,Thailand,8471,Computers & Laptops,487989947.0,0.0,6187736.0,2026-05-11T15:52:36.142580,2026-05-11T15:52:53.904347+00:00
2016,392,Japan,M,Import,826,United Kingdom,8471,Computers & Laptops,15957362.0,0.0,15912.0,2026-05-11T15:52:36.142586,2026-05-11T15:52:53.904347+00:00
2016,392,Japan,M,Import,842,Unknown,8471,Computers & Laptops,766405471.0,0.0,166977.0,2026-05-11T15:52:36.142593,2026-05-11T15:52:53.904347+00:00
2016,392,Japan,X,Export,92,Unknown,8471,Computers & Laptops,2155.0,0.0,1.0,2026-05-11T15:52:36.142599,2026-05-11T15:52:53.904347+00:00
2016,392,Japan,X,Export,548,Unknown,8471,Computers & Laptops,3692.0,0.0,1.0,2026-05-11T15:52:36.142604,2026-05-11T15:52:53.904347+00:00
2016,392,Japan,X,Export,0,World,8471,Computers & Laptops,1690707747.0,0.0,10119118.0,2026-05-11T15:52:36.142610,2026-05-11T15:52:53.904347+00:00
2016,392,Japan,X,Export,4,Afghanistan,8471,Computers & Laptops,353794.0,0.0,20714.0,2026-05-11T15:52:36.142616,2026-05-11T15:52:53.904347+00:00
2016,392,Japan,X,Export,32,Argentina,8471,Computers & Laptops,1216107.0,0.0,453.0,2026-05-11T15:52:36.142622,2026-05-11T15:52:53.904347+00:00
2016,392,Japan,X,Export,36,Australia,8471,Computers & Laptops,14755432.0,0.0,20405.0,2026-05-11T15:52:36.142627,2026-05-11T15:52:53.904347+00:00
2016,392,Japan,X,Export,40,Austria,8471,Computers & Laptops,664117.0,0.0,2815.0,2026-05-11T15:52:36.142635,2026-05-11T15:52:53.904347+00:00
2016,392,Japan,X,Export,44,Unknown,8471,Computers & Laptops,25774.0,0.0,12.0,2026-05-11T15:52:36.142642,2026-05-11T15:52:53.904347+00:00
2016,392,Japan,X,Export,50,Bangladesh,8471,Computers & Laptops,3301350.0,0.0,2083.0,2026-05-11T15:52:36.142648,2026-05-11T15:52:53.904347+00:00
2014,392,Japan,X,Export,0,World,8517,Phones & Communication Devices,4427098771.0,9623578.0,0.0,2026-05-11T15:52:38.097543,2026-05-11T15:52:53.904347+00:00
2014,392,Japan,X,Export,4,Afghanistan,8517,Phones & Communication Devices,37102.0,155.0,0.0,2026-05-11T15:52:38.097557,2026-05-11T15:52:53.904347+00:00
2014,392,Japan,X,Export,12,Algeria,8517,Phones & Communication Devices,15450948.0,98002.0,0.0,2026-05-11T15:52:38.097562,2026-05-11T15:52:53.904347+00:00
2014,392,Japan,X,Export,31,Unknown,8517,Phones & Communication Devices,45053.0,203.0,0.0,2026-05-11T15:52:38.097565,2026-05-11T15:52:53.904347+00:00
2014,392,Japan,X,Export,32,Argentina,8517,Phones & Communication Devices,968153.0,5403.0,0.0,2026-05-11T15:52:38.097568,2026-05-11T15:52:53.904347+00:00
2014,392,Japan,X,Export,36,Australia,8517,Phones & Communication Devices,23187022.0,73974.0,0.0,2026-05-11T15:52:38.097571,2026-05-11T15:52:53.904347+00:00
2014,392,Japan,X,Export,40,Austria,8517,Phones & Communication Devices,150682.0,450.0,0.0,2026-05-11T15:52:38.097574,2026-05-11T15:52:53.904347+00:00
2014,392,Japan,X,Export,48,Unknown,8517,Phones & Communication Devices,343064.0,2199.0,0.0,2026-05-11T15:52:38.097581,2026-05-11T15:52:53.904347+00:00
2014,392,Japan,X,Export,50,Bangladesh,8517,Phones & Communication Devices,2630763.0,15143.0,0.0,2026-05-11T15:52:38.097584,2026-05-11T15:52:53.904347+00:00
2014,392,Japan,X,Export,51,Unknown,8517,Phones & Communication Devices,26516.0,123.0,0.0,2026-05-11T15:52:38.097587,2026-05-11T15:52:53.904347+00:00
2014,392,Japan,X,Export,56,Belgium,8517,Phones & Communication Devices,5444239.0,22867.0,0.0,2026-05-11T15:52:38.097590,2026-05-11T15:52:53.904347+00:00
2014,392,Japan,X,Export,68,Bolivia,8517,Phones & Communication Devices,191070.0,1313.0,0.0,2026-05-11T15:52:38.097593,2026-05-11T15:52:53.904347+00:00
2014,392,Japan,X,Export,76,Brazil,8517,Phones & Communication Devices,9401602.0,49183.0,0.0,2026-05-11T15:52:38.097596,2026-05-11T15:52:53.904347+00:00
2014,392,Japan,X,Export,84,Unknown,8517,Phones & Communication Devices,3116.0,13.0,0.0,2026-05-11T15:52:38.097599,2026-05-11T15:52:53.904347+00:00
2014,392,Japan,X,Export,96,Unknown,8517,Phones & Communication Devices,11058.0,46.0,0.0,2026-05-11T15:52:38.097608,2026-05-11T15:52:53.904347+00:00
2014,392,Japan,X,Export,100,Bulgaria,8517,Phones & Communication Devices,721445.0,695.0,0.0,2026-05-11T15:52:38.097615,2026-05-11T15:52:53.904347+00:00
2014,392,Japan,X,Export,104,Unknown,8517,Phones & Communication Devices,1679853.0,6870.0,0.0,2026-05-11T15:52:38.097621,2026-05-11T15:52:53.904347+00:00
2014,392,Japan,X,Export,108,Unknown,8517,Phones & Communication Devices,783684.0,5791.0,0.0,2026-05-11T15:52:38.097630,2026-05-11T15:52:53.904347+00:00
2014,392,Japan,X,Export,112,Unknown,8517,Phones & Communication Devices,154233.0,644.0,0.0,2026-05-11T15:52:38.097636,2026-05-11T15:52:53.904347+00:00
2014,392,Japan,X,Export,116,Cambodia,8517,Phones & Communication Devices,239559.0,999.0,0.0,2026-05-11T15:52:38.097641,2026-05-11T15:52:53.904347+00:00
2014,392,Japan,X,Export,120,Unknown,8517,Phones & Communication Devices,989598.0,4326.0,0.0,2026-05-11T15:52:38.097646,2026-05-11T15:52:53.904347+00:00
2014,392,Japan,X,Export,124,Canada,8517,Phones & Communication Devices,15399408.0,58319.0,0.0,2026-05-11T15:52:38.097652,2026-05-11T15:52:53.904347+00:00
2014,392,Japan,X,Export,140,Unknown,8517,Phones & Communication Devices,11256.0,47.0,0.0,2026-05-11T15:52:38.097657,2026-05-11T15:52:53.904347+00:00
2014,392,Japan,X,Export,148,Unknown,8517,Phones & Communication Devices,353319.0,2611.0,0.0,2026-05-11T15:52:38.097662,2026-05-11T15:52:53.904347+00:00
2014,392,Japan,X,Export,144,Sri Lanka,8517,Phones & Communication Devices,641274.0,2462.0,0.0,2026-05-11T15:52:38.097668,2026-05-11T15:52:53.904347+00:00
2014,392,Japan,X,Export,152,Chile,8517,Phones & Communication Devices,5260299.0,22349.0,0.0,2026-05-11T15:52:38.097674,2026-05-11T15:52:53.904347+00:00
2014,392,Japan,X,Export,156,China,8517,Phones & Communication Devices,1858300331.0,1432956.0,0.0,2026-05-11T15:52:38.097680,2026-05-11T15:52:53.904347+00:00
2014,392,Japan,X,Export,170,Colombia,8517,Phones & Communication Devices,3576111.0,14465.0,0.0,2026-05-11T15:52:38.097689,2026-05-11T15:52:53.904347+00:00
2014,392,Japan,X,Export,180,Unknown,8517,Phones & Communication Devices,241930.0,1195.0,0.0,2026-05-11T15:52:38.097694,2026-05-11T15:52:53.904347+00:00
2014,392,Japan,X,Export,191,Croatia,8517,Phones & Communication Devices,21096.0,75.0,0.0,2026-05-11T15:52:38.097700,2026-05-11T15:52:53.904347+00:00
2014,392,Japan,X,Export,192,Unknown,8517,Phones & Communication Devices,32399.0,135.0,0.0,2026-05-11T15:52:38.097706,2026-05-11T15:52:53.904347+00:00
2014,392,Japan,X,Export,196,Cyprus,8517,Phones & Communication Devices,34316.0,142.0,0.0,2026-05-11T15:52:38.097711,2026-05-11T15:52:53.904347+00:00
2014,392,Japan,X,Export,203,Czech Republic,8517,Phones & Communication Devices,3302227.0,9551.0,0.0,2026-05-11T15:52:38.097717,2026-05-11T15:52:53.904347+00:00
2014,392,Japan,X,Export,204,Unknown,8517,Phones & Communication Devices,98613.0,446.0,0.0,2026-05-11T15:52:38.097723,2026-05-11T15:52:53.904347+00:00
2014,392,Japan,X,Export,208,Denmark,8517,Phones & Communication Devices,420053.0,1292.0,0.0,2026-05-11T15:52:38.097754,2026-05-11T15:52:53.904347+00:00
2014,392,Japan,X,Export,214,Unknown,8517,Phones & Communication Devices,32163.0,278.0,0.0,2026-05-11T15:52:38.097761,2026-05-11T15:52:53.904347+00:00
2014,392,Japan,X,Export,218,Ecuador,8517,Phones & Communication Devices,797612.0,2055.0,0.0,2026-05-11T15:52:38.097767,2026-05-11T15:52:53.904347+00:00
2014,392,Japan,X,Export,222,Unknown,8517,Phones & Communication Devices,1160932.0,4839.0,0.0,2026-05-11T15:52:38.097778,2026-05-11T15:52:53.904347+00:00
2014,392,Japan,X,Export,231,Ethiopia,8517,Phones & Communication Devices,612822.0,2599.0,0.0,2026-05-11T15:52:38.097783,2026-05-11T15:52:53.904347+00:00
2014,392,Japan,X,Export,233,Unknown,8517,Phones & Communication Devices,194205.0,810.0,0.0,2026-05-11T15:52:38.097786,2026-05-11T15:52:53.904347+00:00
2014,392,Japan,X,Export,242,Unknown,8517,Phones & Communication Devices,472820.0,1908.0,0.0,2026-05-11T15:52:38.097789,2026-05-11T15:52:53.904347+00:00
2014,392,Japan,X,Export,246,Finland,8517,Phones & Communication Devices,2269559.0,9967.0,0.0,2026-05-11T15:52:38.097793,2026-05-11T15:52:53.904347+00:00
2014,392,Japan,X,Export,251,Unknown,8517,Phones & Communication Devices,20199427.0,86107.0,0.0,2026-05-11T15:52:38.097796,2026-05-11T15:52:53.904347+00:00
2014,392,Japan,X,Export,262,Unknown,8517,Phones & Communication Devices,5346221.0,22627.0,0.0,2026-05-11T15:52:38.097799,2026-05-11T15:52:53.904347+00:00
2014,392,Japan,X,Export,266,Unknown,8517,Phones & Communication Devices,281647.0,1280.0,0.0,2026-05-11T15:52:38.097802,2026-05-11T15:52:53.904347+00:00
2014,392,Japan,X,Export,268,Unknown,8517,Phones & Communication Devices,23381.0,87.0,0.0,2026-05-11T15:52:38.097805,2026-05-11T15:52:53.904347+00:00
2014,392,Japan,X,Export,276,Germany,8517,Phones & Communication Devices,78376248.0,196963.0,0.0,2026-05-11T15:52:38.097808,2026-05-11T15:52:53.904347+00:00
2014,392,Japan,X,Export,288,Ghana,8517,Phones & Communication Devices,542387.0,2838.0,0.0,2026-05-11T15:52:38.097813,2026-05-11T15:52:53.904347+00:00
2014,392,Japan,X,Export,300,Greece,8517,Phones & Communication Devices,187189.0,1643.0,0.0,2026-05-11T15:52:38.097816,2026-05-11T15:52:53.904347+00:00
2014,392,Japan,X,Export,320,Unknown,8517,Phones & Communication Devices,2018215.0,12889.0,0.0,2026-05-11T15:52:38.097819,2026-05-11T15:52:53.904347+00:00
2014,392,Japan,X,Export,316,Unknown,8517,Phones & Communication Devices,460091.0,1778.0,0.0,2026-05-11T15:52:38.097822,2026-05-11T15:52:53.904347+00:00
2014,392,Japan,X,Export,340,Unknown,8517,Phones & Communication Devices,258512.0,1255.0,0.0,2026-05-11T15:52:38.097825,2026-05-11T15:52:53.904347+00:00
2014,392,Japan,X,Export,344,Unknown,8517,Phones & Communication Devices,366250740.0,912909.0,0.0,2026-05-11T15:52:38.097828,2026-05-11T15:52:53.904347+00:00
2014,392,Japan,X,Export,348,Unknown,8517,Phones & Communication Devices,5299752.0,22819.0,0.0,2026-05-11T15:52:38.097831,2026-05-11T15:52:53.904347+00:00
2014,392,Japan,X,Export,360,Indonesia,8517,Phones & Communication Devices,60846207.0,272328.0,0.0,2026-05-11T15:52:38.097834,2026-05-11T15:52:53.904347+00:00
2014,392,Japan,X,Export,364,Iran,8517,Phones & Communication Devices,12795.0,53.0,0.0,2026-05-11T15:52:38.097837,2026-05-11T15:52:53.904347+00:00
2014,392,Japan,X,Export,368,Iraq,8517,Phones & Communication Devices,1422994.0,4729.0,0.0,2026-05-11T15:52:38.097840,2026-05-11T15:52:53.904347+00:00
2014,392,Japan,X,Export,372,Ireland,8517,Phones & Communication Devices,511811.0,3121.0,0.0,2026-05-11T15:52:38.097845,2026-05-11T15:52:53.904347+00:00
2014,392,Japan,X,Export,376,Israel,8517,Phones & Communication Devices,3641901.0,7060.0,0.0,2026-05-11T15:52:38.097848,2026-05-11T15:52:53.904347+00:00
2014,392,Japan,X,Export,380,Italy,8517,Phones & Communication Devices,43304965.0,152709.0,0.0,2026-05-11T15:52:38.097851,2026-05-11T15:52:53.904347+00:00
2014,392,Japan,X,Export,384,Unknown,8517,Phones & Communication Devices,15723.0,66.0,0.0,2026-05-11T15:52:38.097854,2026-05-11T15:52:53.904347+00:00
2014,392,Japan,X,Export,398,Kazakhstan,8517,Phones & Communication Devices,996293.0,5125.0,0.0,2026-05-11T15:52:38.097857,2026-05-11T15:52:53.904347+00:00
2014,392,Japan,X,Export,400,Jordan,8517,Phones & Communication Devices,511527.0,2209.0,0.0,2026-05-11T15:52:38.097860,2026-05-11T15:52:53.904347+00:00
2014,392,Japan,X,Export,404,Kenya,8517,Phones & Communication Devices,192864.0,1238.0,0.0,2026-05-11T15:52:38.097863,2026-05-11T15:52:53.904347+00:00
2014,392,Japan,X,Export,410,South Korea,8517,Phones & Communication Devices,229114565.0,930487.0,0.0,2026-05-11T15:52:38.097866,2026-05-11T15:52:53.904347+00:00
2014,392,Japan,X,Export,414,Kuwait,8517,Phones & Communication Devices,9098992.0,39080.0,0.0,2026-05-11T15:52:38.097869,2026-05-11T15:52:53.904347+00:00
2014,392,Japan,X,Export,417,Unknown,8517,Phones & Communication Devices,176518.0,678.0,0.0,2026-05-11T15:52:38.097872,2026-05-11T15:52:53.904347+00:00
2014,392,Japan,X,Export,418,Unknown,8517,Phones & Communication Devices,237010.0,1456.0,0.0,2026-05-11T15:52:38.097877,2026-05-11T15:52:53.904347+00:00
2014,392,Japan,X,Export,422,Lebanon,8517,Phones & Communication Devices,79302.0,496.0,0.0,2026-05-11T15:52:38.097880,2026-05-11T15:52:53.904347+00:00
2014,392,Japan,X,Export,428,Unknown,8517,Phones & Communication Devices,901051.0,4265.0,0.0,2026-05-11T15:52:38.097883,2026-05-11T15:52:53.904347+00:00
2014,392,Japan,X,Export,430,Unknown,8517,Phones & Communication Devices,2077.0,9.0,0.0,2026-05-11T15:52:38.097886,2026-05-11T15:52:53.904347+00:00
2014,392,Japan,X,Export,434,Unknown,8517,Phones & Communication Devices,79831.0,333.0,0.0,2026-05-11T15:52:38.097889,2026-05-11T15:52:53.904347+00:00
2014,392,Japan,X,Export,440,Unknown,8517,Phones & Communication Devices,420497.0,1808.0,0.0,2026-05-11T15:52:38.097891,2026-05-11T15:52:53.904347+00:00
2014,392,Japan,X,Export,442,Unknown,8517,Phones & Communication Devices,38509.0,155.0,0.0,2026-05-11T15:52:38.097894,2026-05-11T15:52:53.904347+00:00
2014,392,Japan,X,Export,446,Unknown,8517,Phones & Communication Devices,1568860.0,1145.0,0.0,2026-05-11T15:52:38.097897,2026-05-11T15:52:53.904347+00:00
2014,392,Japan,X,Export,450,Unknown,8517,Phones & Communication Devices,3477356.0,19284.0,0.0,2026-05-11T15:52:38.097900,2026-05-11T15:52:53.904347+00:00
2014,392,Japan,X,Export,454,Unknown,8517,Phones & Communication Devices,1167193.0,5206.0,0.0,2026-05-11T15:52:38.097903,2026-05-11T15:52:53.904347+00:00
2014,392,Japan,X,Export,458,Malaysia,8517,Phones & Communication Devices,96963141.0,245127.0,0.0,2026-05-11T15:52:38.097909,2026-05-11T15:52:53.904347+00:00
2014,392,Japan,X,Export,462,Unknown,8517,Phones & Communication Devices,227548.0,1588.0,0.0,2026-05-11T15:52:38.097912,2026-05-11T15:52:53.904347+00:00
2014,392,Japan,X,Export,470,Unknown,8517,Phones & Communication Devices,29236.0,154.0,0.0,2026-05-11T15:52:38.097915,2026-05-11T15:52:53.904347+00:00
2014,392,Japan,X,Export,480,Unknown,8517,Phones & Communication Devices,2323.0,12.0,0.0,2026-05-11T15:52:38.097920,2026-05-11T15:52:53.904347+00:00
2014,392,Japan,X,Export,484,Mexico,8517,Phones & Communication Devices,139985837.0,926669.0,0.0,2026-05-11T15:52:38.097923,2026-05-11T15:52:53.904347+00:00
2014,392,Japan,X,Export,490,Unknown,8517,Phones & Communication Devices,93739443.0,126021.0,0.0,2026-05-11T15:52:38.097925,2026-05-11T15:52:53.904347+00:00
2014,392,Japan,X,Export,496,Unknown,8517,Phones & Communication Devices,78037.0,326.0,0.0,2026-05-11T15:52:38.097928,2026-05-11T15:52:53.904347+00:00
2014,392,Japan,X,Export,498,Unknown,8517,Phones & Communication Devices,4788.0,20.0,0.0,2026-05-11T15:52:38.097931,2026-05-11T15:52:53.904347+00:00
2014,392,Japan,X,Export,504,Morocco,8517,Phones & Communication Devices,2153561.0,9582.0,0.0,2026-05-11T15:52:38.097934,2026-05-11T15:52:53.904347+00:00
2014,392,Japan,X,Export,508,Unknown,8517,Phones & Communication Devices,566580.0,4187.0,0.0,2026-05-11T15:52:38.097937,2026-05-11T15:52:53.904347+00:00
2014,392,Japan,X,Export,512,Unknown,8517,Phones & Communication Devices,471791.0,2012.0,0.0,2026-05-11T15:52:38.097942,2026-05-11T15:52:53.904347+00:00
2014,392,Japan,X,Export,524,Unknown,8517,Phones & Communication Devices,98632.0,553.0,0.0,2026-05-11T15:52:38.097945,2026-05-11T15:52:53.904347+00:00
2014,392,Japan,X,Export,528,Netherlands,8517,Phones & Communication Devices,30506886.0,125982.0,0.0,2026-05-11T15:52:38.097948,2026-05-11T15:52:53.904347+00:00
2014,392,Japan,X,Export,531,Unknown,8517,Phones & Communication Devices,49377.0,174.0,0.0,2026-05-11T15:52:38.097951,2026-05-11T15:52:53.904347+00:00
2014,392,Japan,X,Export,548,Unknown,8517,Phones & Communication Devices,13220.0,55.0,0.0,2026-05-11T15:52:38.097954,2026-05-11T15:52:53.904347+00:00
2014,392,Japan,X,Export,554,New Zealand,8517,Phones & Communication Devices,1517622.0,4091.0,0.0,2026-05-11T15:52:38.097957,2026-05-11T15:52:53.904347+00:00
2014,392,Japan,X,Export,558,Unknown,8517,Phones & Communication Devices,118699.0,600.0,0.0,2026-05-11T15:52:38.097960,2026-05-11T15:52:53.904347+00:00
2014,392,Japan,X,Export,562,Unknown,8517,Phones & Communication Devices,8348.0,35.0,0.0,2026-05-11T15:52:38.097963,2026-05-11T15:52:53.904347+00:00
2014,392,Japan,X,Export,566,Nigeria,8517,Phones & Communication Devices,2693672.0,12827.0,0.0,2026-05-11T15:52:38.097966,2026-05-11T15:52:53.904347+00:00
2014,392,Japan,X,Export,579,Unknown,8517,Phones & Communication Devices,3796794.0,16832.0,0.0,2026-05-11T15:52:38.097969,2026-05-11T15:52:53.904347+00:00
2014,392,Japan,X,Export,584,Unknown,8517,Phones & Communication Devices,20633.0,86.0,0.0,2026-05-11T15:52:38.097973,2026-05-11T15:52:53.904347+00:00
2014,392,Japan,X,Export,585,Unknown,8517,Phones & Communication Devices,81248.0,513.0,0.0,2026-05-11T15:52:38.097977,2026-05-11T15:52:53.904347+00:00
2014,392,Japan,X,Export,586,Pakistan,8517,Phones & Communication Devices,10523440.0,52688.0,0.0,2026-05-11T15:52:38.097981,2026-05-11T15:52:53.904347+00:00
2014,392,Japan,X,Export,591,Unknown,8517,Phones & Communication Devices,1412295.0,4464.0,0.0,2026-05-11T15:52:38.097985,2026-05-11T15:52:53.904347+00:00
2014,392,Japan,X,Export,598,Unknown,8517,Phones & Communication Devices,858624.0,2898.0,0.0,2026-05-11T15:52:38.097988,2026-05-11T15:52:53.904347+00:00
2014,392,Japan,X,Export,600,Unknown,8517,Phones & Communication Devices,434387.0,2714.0,0.0,2026-05-11T15:52:38.097991,2026-05-11T15:52:53.904347+00:00
2014,392,Japan,X,Export,604,Peru,8517,Phones & Communication Devices,916849.0,3040.0,0.0,2026-05-11T15:52:38.097994,2026-05-11T15:52:53.904347+00:00
2014,392,Japan,X,Export,608,Philippines,8517,Phones & Communication Devices,52726180.0,127812.0,0.0,2026-05-11T15:52:38.097997,2026-05-11T15:52:53.904347+00:00
2014,392,Japan,X,Export,616,Poland,8517,Phones & Communication Devices,5837899.0,24688.0,0.0,2026-05-11T15:52:38.098000,2026-05-11T15:52:53.904347+00:00
2014,392,Japan,X,Export,620,Portugal,8517,Phones & Communication Devices,294669.0,1344.0,0.0,2026-05-11T15:52:38.098003,2026-05-11T15:52:53.904347+00:00
2014,392,Japan,X,Export,626,Unknown,8517,Phones & Communication Devices,87461.0,419.0,0.0,2026-05-11T15:52:38.098008,2026-05-11T15:52:53.904347+00:00
2014,392,Japan,X,Export,634,Qatar,8517,Phones & Communication Devices,225253.0,926.0,0.0,2026-05-11T15:52:38.098011,2026-05-11T15:52:53.904347+00:00
2014,392,Japan,X,Export,642,Romania,8517,Phones & Communication Devices,2873127.0,10904.0,0.0,2026-05-11T15:52:38.098194,2026-05-11T15:52:53.904347+00:00
2014,392,Japan,X,Export,643,Russia,8517,Phones & Communication Devices,46958320.0,194723.0,0.0,2026-05-11T15:52:38.098197,2026-05-11T15:52:53.904347+00:00
2014,392,Japan,X,Export,646,Unknown,8517,Phones & Communication Devices,41502.0,205.0,0.0,2026-05-11T15:52:38.098200,2026-05-11T15:52:53.904347+00:00
2014,392,Japan,X,Export,659,Unknown,8517,Phones & Communication Devices,3730.0,16.0,0.0,2026-05-11T15:52:38.098203,2026-05-11T15:52:53.904347+00:00
2014,392,Japan,X,Export,682,Saudi Arabia,8517,Phones & Communication Devices,27532322.0,121922.0,0.0,2026-05-11T15:52:38.098206,2026-05-11T15:52:53.904347+00:00
2014,392,Japan,X,Export,688,Unknown,8517,Phones & Communication Devices,37017.0,155.0,0.0,2026-05-11T15:52:38.098210,2026-05-11T15:52:53.904347+00:00
2014,392,Japan,X,Export,690,Unknown,8517,Phones & Communication Devices,2871.0,12.0,0.0,2026-05-11T15:52:38.098213,2026-05-11T15:52:53.904347+00:00
2014,392,Japan,X,Export,699,Unknown,8517,Phones & Communication Devices,27232535.0,109828.0,0.0,2026-05-11T15:52:38.098216,2026-05-11T15:52:53.904347+00:00
2014,392,Japan,X,Export,702,Unknown,8517,Phones & Communication Devices,70275637.0,215638.0,0.0,2026-05-11T15:52:38.098223,2026-05-11T15:52:53.904347+00:00
2014,392,Japan,X,Export,703,Unknown,8517,Phones & Communication Devices,1011931.0,5647.0,0.0,2026-05-11T15:52:38.098227,2026-05-11T15:52:53.904347+00:00
2014,392,Japan,X,Export,704,Vietnam,8517,Phones & Communication Devices,94275645.0,341122.0,0.0,2026-05-11T15:52:38.098229,2026-05-11T15:52:53.904347+00:00
2014,392,Japan,X,Export,710,South Africa,8517,Phones & Communication Devices,5159806.0,25643.0,0.0,2026-05-11T15:52:38.098232,2026-05-11T15:52:53.904347+00:00
2014,392,Japan,X,Export,724,Spain,8517,Phones & Communication Devices,3961508.0,16552.0,0.0,2026-05-11T15:52:38.098235,2026-05-11T15:52:53.904347+00:00
2014,392,Japan,X,Export,729,Unknown,8517,Phones & Communication Devices,9679.0,40.0,0.0,2026-05-11T15:52:38.098238,2026-05-11T15:52:53.904347+00:00
2014,392,Japan,X,Export,752,Sweden,8517,Phones & Communication Devices,11374178.0,49332.0,0.0,2026-05-11T15:52:38.098241,2026-05-11T15:52:53.904347+00:00
2014,392,Japan,X,Export,757,Unknown,8517,Phones & Communication Devices,1488009.0,5483.0,0.0,2026-05-11T15:52:38.098244,2026-05-11T15:52:53.904347+00:00
2014,392,Japan,X,Export,764,Thailand,8517,Phones & Communication Devices,113424198.0,261999.0,0.0,2026-05-11T15:52:38.098248,2026-05-11T15:52:53.904347+00:00
2014,392,Japan,X,Export,776,Unknown,8517,Phones & Communication Devices,6261.0,26.0,0.0,2026-05-11T15:52:38.098251,2026-05-11T15:52:53.904347+00:00
2014,392,Japan,X,Export,780,Unknown,8517,Phones & Communication Devices,5713.0,24.0,0.0,2026-05-11T15:52:38.098255,2026-05-11T15:52:53.904347+00:00
2014,392,Japan,X,Export,784,UAE,8517,Phones & Communication Devices,17211747.0,94525.0,0.0,2026-05-11T15:52:38.098258,2026-05-11T15:52:53.904347+00:00
2014,392,Japan,X,Export,788,Unknown,8517,Phones & Communication Devices,1159789.0,4983.0,0.0,2026-05-11T15:52:38.098267,2026-05-11T15:52:53.904347+00:00
2014,392,Japan,X,Export,792,Turkey,8517,Phones & Communication Devices,5798502.0,27458.0,0.0,2026-05-11T15:52:38.098270,2026-05-11T15:52:53.904347+00:00
2014,392,Japan,X,Export,795,Unknown,8517,Phones & Communication Devices,22191.0,93.0,0.0,2026-05-11T15:52:38.098273,2026-05-11T15:52:53.904347+00:00
2014,392,Japan,X,Export,800,Uganda,8517,Phones & Communication Devices,7536.0,31.0,0.0,2026-05-11T15:52:38.098278,2026-05-11T15:52:53.904347+00:00
2014,392,Japan,X,Export,804,Ukraine,8517,Phones & Communication Devices,269985.0,1127.0,0.0,2026-05-11T15:52:38.098282,2026-05-11T15:52:53.904347+00:00
2014,392,Japan,X,Export,818,Egypt,8517,Phones & Communication Devices,6397009.0,19776.0,0.0,2026-05-11T15:52:38.098285,2026-05-11T15:52:53.904347+00:00
2014,392,Japan,X,Export,826,United Kingdom,8517,Phones & Communication Devices,45814339.0,191779.0,0.0,2026-05-11T15:52:38.098288,2026-05-11T15:52:53.904347+00:00
2014,392,Japan,X,Export,834,Unknown,8517,Phones & Communication Devices,145951.0,1077.0,0.0,2026-05-11T15:52:38.098291,2026-05-11T15:52:53.904347+00:00
2014,392,Japan,X,Export,842,Unknown,8517,Phones & Communication Devices,701282809.0,1633923.0,0.0,2026-05-11T15:52:38.098296,2026-05-11T15:52:53.904347+00:00
2014,392,Japan,X,Export,854,Unknown,8517,Phones & Communication Devices,158642.0,662.0,0.0,2026-05-11T15:52:38.098299,2026-05-11T15:52:53.904347+00:00
2014,392,Japan,X,Export,858,Unknown,8517,Phones & Communication Devices,193770.0,871.0,0.0,2026-05-11T15:52:38.098302,2026-05-11T15:52:53.904347+00:00
2014,392,Japan,X,Export,860,Unknown,8517,Phones & Communication Devices,892279.0,1312.0,0.0,2026-05-11T15:52:38.098305,2026-05-11T15:52:53.904347+00:00
2014,392,Japan,X,Export,862,Unknown,8517,Phones & Communication Devices,45893.0,187.0,0.0,2026-05-11T15:52:38.098308,2026-05-11T15:52:53.904347+00:00
2014,392,Japan,X,Export,887,Yemen,8517,Phones & Communication Devices,114175.0,477.0,0.0,2026-05-11T15:52:38.098311,2026-05-11T15:52:53.904347+00:00
2014,392,Japan,X,Export,894,Zambia,8517,Phones & Communication Devices,1692658.0,10749.0,0.0,2026-05-11T15:52:38.098314,2026-05-11T15:52:53.904347+00:00
2014,392,Japan,X,Export,44,Unknown,8517,Phones & Communication Devices,4533.0,28.0,0.0,2026-05-11T15:52:38.098317,2026-05-11T15:52:53.904347+00:00
2014,392,Japan,X,Export,178,Unknown,8517,Phones & Communication Devices,24505.0,91.0,0.0,2026-05-11T15:52:38.098320,2026-05-11T15:52:53.904347+00:00
2014,392,Japan,X,Export,188,Unknown,8517,Phones & Communication Devices,73863.0,12.0,0.0,2026-05-11T15:52:38.098323,2026-05-11T15:52:53.904347+00:00
2014,392,Japan,X,Export,500,Unknown,8517,Phones & Communication Devices,33145.0,14.0,0.0,2026-05-11T15:52:38.098328,2026-05-11T15:52:53.904347+00:00
2014,392,Japan,X,Export,728,Unknown,8517,Phones & Communication Devices,878756.0,3555.0,0.0,2026-05-11T15:52:38.098331,2026-05-11T15:52:53.904347+00:00
2014,392,Japan,X,Export,540,Unknown,8517,Phones & Communication Devices,4079.0,5.0,0.0,2026-05-11T15:52:38.098334,2026-05-11T15:52:53.904347+00:00
2014,392,Japan,M,Import,703,Unknown,8517,Phones & Communication Devices,42486.0,134.0,0.0,2026-05-11T15:52:38.098337,2026-05-11T15:52:53.904347+00:00
2014,392,Japan,M,Import,704,Vietnam,8517,Phones & Communication Devices,138804205.0,563787.0,0.0,2026-05-11T15:52:38.098340,2026-05-11T15:52:53.904347+00:00
2014,392,Japan,M,Import,705,Unknown,8517,Phones & Communication Devices,40558.0,136.0,0.0,2026-05-11T15:52:38.098343,2026-05-11T15:52:53.904347+00:00
2014,392,Japan,M,Import,710,South Africa,8517,Phones & Communication Devices,98823.0,252.0,0.0,2026-05-11T15:52:38.098346,2026-05-11T15:52:53.904347+00:00
2014,392,Japan,M,Import,724,Spain,8517,Phones & Communication Devices,779615.0,1705.0,0.0,2026-05-11T15:52:38.098349,2026-05-11T15:52:53.904347+00:00
2014,392,Japan,M,Import,752,Sweden,8517,Phones & Communication Devices,60200690.0,249758.0,0.0,2026-05-11T15:52:38.098352,2026-05-11T15:52:53.904347+00:00
2014,392,Japan,M,Import,757,Unknown,8517,Phones & Communication Devices,2310898.0,7445.0,0.0,2026-05-11T15:52:38.098355,2026-05-11T15:52:53.904347+00:00
2014,392,Japan,M,Import,762,Unknown,8517,Phones & Communication Devices,46523.0,166.0,0.0,2026-05-11T15:52:38.098359,2026-05-11T15:52:53.904347+00:00
2014,392,Japan,M,Import,764,Thailand,8517,Phones & Communication Devices,302065435.0,1922657.0,0.0,2026-05-11T15:52:38.098362,2026-05-11T15:52:53.904347+00:00
2014,392,Japan,M,Import,780,Unknown,8517,Phones & Communication Devices,1948.0,7.0,0.0,2026-05-11T15:52:38.098365,2026-05-11T15:52:53.904347+00:00
2014,392,Japan,M,Import,784,UAE,8517,Phones & Communication Devices,7384.0,13.0,0.0,2026-05-11T15:52:38.098369,2026-05-11T15:52:53.904347+00:00
2014,392,Japan,M,Import,788,Unknown,8517,Phones & Communication Devices,5744572.0,20482.0,0.0,2026-05-11T15:52:38.098371,2026-05-11T15:52:53.904347+00:00
2014,392,Japan,M,Import,792,Turkey,8517,Phones & Communication Devices,8792.0,28.0,0.0,2026-05-11T15:52:38.098374,2026-05-11T15:52:53.904347+00:00
2014,392,Japan,M,Import,804,Ukraine,8517,Phones & Communication Devices,10059.0,34.0,0.0,2026-05-11T15:52:38.098379,2026-05-11T15:52:53.904347+00:00
2014,392,Japan,M,Import,826,United Kingdom,8517,Phones & Communication Devices,40468830.0,147695.0,0.0,2026-05-11T15:52:38.098382,2026-05-11T15:52:53.904347+00:00
2014,392,Japan,M,Import,834,Unknown,8517,Phones & Communication Devices,4320.0,15.0,0.0,2026-05-11T15:52:38.098385,2026-05-11T15:52:53.904347+00:00
2014,392,Japan,M,Import,842,Unknown,8517,Phones & Communication Devices,715449536.0,2207412.0,0.0,2026-05-11T15:52:38.098388,2026-05-11T15:52:53.904347+00:00
2014,392,Japan,M,Import,96,Unknown,8517,Phones & Communication Devices,111567.0,15.0,0.0,2026-05-11T15:52:38.098393,2026-05-11T15:52:53.904347+00:00
2014,392,Japan,M,Import,170,Colombia,8517,Phones & Communication Devices,28381.0,14.0,0.0,2026-05-11T15:52:38.098396,2026-05-11T15:52:53.904347+00:00
2014,392,Japan,M,Import,214,Unknown,8517,Phones & Communication Devices,1919.0,12.0,0.0,2026-05-11T15:52:38.098399,2026-05-11T15:52:53.904347+00:00
2014,392,Japan,M,Import,0,World,8517,Phones & Communication Devices,25512835900.0,62767778.0,0.0,2026-05-11T15:52:38.098402,2026-05-11T15:52:53.904347+00:00
2014,392,Japan,M,Import,28,Antigua and Barbuda,8517,Phones & Communication Devices,48953.0,175.0,0.0,2026-05-11T15:52:38.098405,2026-05-11T15:52:53.904347+00:00
2014,392,Japan,M,Import,36,Australia,8517,Phones & Communication Devices,5147807.0,18770.0,0.0,2026-05-11T15:52:38.098408,2026-05-11T15:52:53.904347+00:00
2014,392,Japan,M,Import,40,Austria,8517,Phones & Communication Devices,3296118.0,9475.0,0.0,2026-05-11T15:52:38.098411,2026-05-11T15:52:53.904347+00:00
2014,392,Japan,M,Import,48,Unknown,8517,Phones & Communication Devices,5247.0,21.0,0.0,2026-05-11T15:52:38.098414,2026-05-11T15:52:53.904347+00:00
2014,392,Japan,M,Import,56,Belgium,8517,Phones & Communication Devices,1668376.0,6006.0,0.0,2026-05-11T15:52:38.098417,2026-05-11T15:52:53.904347+00:00
2014,392,Japan,M,Import,60,Unknown,8517,Phones & Communication Devices,6164.0,22.0,0.0,2026-05-11T15:52:38.098420,2026-05-11T15:52:53.904347+00:00
2014,392,Japan,M,Import,76,Brazil,8517,Phones & Communication Devices,398514.0,1152.0,0.0,2026-05-11T15:52:38.098424,2026-05-11T15:52:53.904347+00:00
2014,392,Japan,M,Import,100,Bulgaria,8517,Phones & Communication Devices,379351.0,1256.0,0.0,2026-05-11T15:52:38.098427,2026-05-11T15:52:53.904347+00:00
2014,392,Japan,M,Import,104,Unknown,8517,Phones & Communication Devices,24902.0,83.0,0.0,2026-05-11T15:52:38.098430,2026-05-11T15:52:53.904347+00:00
2014,392,Japan,M,Import,124,Canada,8517,Phones & Communication Devices,30037618.0,97915.0,0.0,2026-05-11T15:52:38.098433,2026-05-11T15:52:53.904347+00:00
2014,392,Japan,M,Import,152,Chile,8517,Phones & Communication Devices,3243.0,12.0,0.0,2026-05-11T15:52:38.098436,2026-05-11T15:52:53.904347+00:00
2014,392,Japan,M,Import,156,China,8517,Phones & Communication Devices,20203187241.0,43327658.0,0.0,2026-05-11T15:52:38.098441,2026-05-11T15:52:53.904347+00:00
2014,392,Japan,M,Import,188,Unknown,8517,Phones & Communication Devices,50551.0,131.0,0.0,2026-05-11T15:52:38.098444,2026-05-11T15:52:53.904347+00:00
2014,392,Japan,M,Import,191,Croatia,8517,Phones & Communication Devices,39489.0,81.0,0.0,2026-05-11T15:52:38.098447,2026-05-11T15:52:53.904347+00:00
2014,392,Japan,M,Import,203,Czech Republic,8517,Phones & Communication Devices,15152588.0,64878.0,0.0,2026-05-11T15:52:38.098450,2026-05-11T15:52:53.904347+00:00
2014,392,Japan,M,Import,208,Denmark,8517,Phones & Communication Devices,7337552.0,23480.0,0.0,2026-05-11T15:52:38.098453,2026-05-11T15:52:53.904347+00:00
2014,392,Japan,M,Import,222,Unknown,8517,Phones & Communication Devices,17915.0,64.0,0.0,2026-05-11T15:52:38.098457,2026-05-11T15:52:53.904347+00:00
2014,392,Japan,M,Import,233,Unknown,8517,Phones & Communication Devices,11025274.0,42642.0,0.0,2026-05-11T15:52:38.098460,2026-05-11T15:52:53.904347+00:00
2014,392,Japan,M,Import,246,Finland,8517,Phones & Communication Devices,28510163.0,96655.0,0.0,2026-05-11T15:52:38.098463,2026-05-11T15:52:53.904347+00:00
2014,392,Japan,M,Import,251,Unknown,8517,Phones & Communication Devices,48848043.0,153300.0,0.0,2026-05-11T15:52:38.098466,2026-05-11T15:52:53.904347+00:00
2014,392,Japan,M,Import,276,Germany,8517,Phones & Communication Devices,83428827.0,280058.0,0.0,2026-05-11T15:52:38.098469,2026-05-11T15:52:53.904347+00:00
2014,392,Japan,M,Import,300,Greece,8517,Phones & Communication Devices,94351.0,326.0,0.0,2026-05-11T15:52:38.098472,2026-05-11T15:52:53.904347+00:00
2014,392,Japan,M,Import,316,Unknown,8517,Phones & Communication Devices,94890.0,348.0,0.0,2026-05-11T15:52:38.098475,2026-05-11T15:52:53.904347+00:00
2014,392,Japan,M,Import,344,Unknown,8517,Phones & Communication Devices,19292031.0,67664.0,0.0,2026-05-11T15:52:38.098478,2026-05-11T15:52:53.904347+00:00
2014,392,Japan,M,Import,348,Unknown,8517,Phones & Communication Devices,905778.0,3155.0,0.0,2026-05-11T15:52:38.098481,2026-05-11T15:52:53.904347+00:00
2014,392,Japan,M,Import,360,Indonesia,8517,Phones & Communication Devices,11522431.0,45667.0,0.0,2026-05-11T15:52:38.098484,2026-05-11T15:52:53.904347+00:00
2014,392,Japan,M,Import,364,Iran,8517,Phones & Communication Devices,8386.0,30.0,0.0,2026-05-11T15:52:38.098489,2026-05-11T15:52:53.904347+00:00
2014,392,Japan,M,Import,372,Ireland,8517,Phones & Communication Devices,17418702.0,59423.0,0.0,2026-05-11T15:52:38.098492,2026-05-11T15:52:53.904347+00:00
2014,392,Japan,M,Import,376,Israel,8517,Phones & Communication Devices,41006621.0,141281.0,0.0,2026-05-11T15:52:38.098495,2026-05-11T15:52:53.904347+00:00
2014,392,Japan,M,Import,380,Italy,8517,Phones & Communication Devices,11837741.0,21150.0,0.0,2026-05-11T15:52:38.098498,2026-05-11T15:52:53.904347+00:00
2014,392,Japan,M,Import,410,South Korea,8517,Phones & Communication Devices,1956425584.0,7038044.0,0.0,2026-05-11T15:52:38.098501,2026-05-11T15:52:53.904347+00:00
2014,392,Japan,M,Import,428,Unknown,8517,Phones & Communication Devices,157816.0,572.0,0.0,2026-05-11T15:52:38.098504,2026-05-11T15:52:53.904347+00:00
2014,392,Japan,M,Import,442,Unknown,8517,Phones & Communication Devices,49530.0,177.0,0.0,2026-05-11T15:52:38.098507,2026-05-11T15:52:53.904347+00:00
2014,392,Japan,M,Import,446,Unknown,8517,Phones & Communication Devices,279923.0,462.0,0.0,2026-05-11T15:52:38.098510,2026-05-11T15:52:53.904347+00:00
2014,392,Japan,M,Import,458,Malaysia,8517,Phones & Communication Devices,732780589.0,3145044.0,0.0,2026-05-11T15:52:38.098512,2026-05-11T15:52:53.904347+00:00
2014,392,Japan,M,Import,470,Unknown,8517,Phones & Communication Devices,704616.0,2512.0,0.0,2026-05-11T15:52:38.098515,2026-05-11T15:52:53.904347+00:00
2014,392,Japan,M,Import,484,Mexico,8517,Phones & Communication Devices,253739801.0,865387.0,0.0,2026-05-11T15:52:38.098520,2026-05-11T15:52:53.904347+00:00
2014,392,Japan,M,Import,490,Unknown,8517,Phones & Communication Devices,506268081.0,1489936.0,0.0,2026-05-11T15:52:38.098523,2026-05-11T15:52:53.904347+00:00
2014,392,Japan,M,Import,528,Netherlands,8517,Phones & Communication Devices,3622404.0,12576.0,0.0,2026-05-11T15:52:38.098526,2026-05-11T15:52:53.904347+00:00
2014,392,Japan,M,Import,540,Unknown,8517,Phones & Communication Devices,5001.0,18.0,0.0,2026-05-11T15:52:38.098529,2026-05-11T15:52:53.904347+00:00
2014,392,Japan,M,Import,554,New Zealand,8517,Phones & Communication Devices,179342.0,746.0,0.0,2026-05-11T15:52:38.098532,2026-05-11T15:52:53.904347+00:00
2014,392,Japan,M,Import,566,Nigeria,8517,Phones & Communication Devices,24089.0,86.0,0.0,2026-05-11T15:52:38.098535,2026-05-11T15:52:53.904347+00:00
2014,392,Japan,M,Import,579,Unknown,8517,Phones & Communication Devices,4695367.0,47195.0,0.0,2026-05-11T15:52:38.098538,2026-05-11T15:52:53.904347+00:00
2014,392,Japan,M,Import,598,Unknown,8517,Phones & Communication Devices,3413.0,12.0,0.0,2026-05-11T15:52:38.098541,2026-05-11T15:52:53.904347+00:00
2014,392,Japan,M,Import,608,Philippines,8517,Phones & Communication Devices,169484297.0,294005.0,0.0,2026-05-11T15:52:38.098543,2026-05-11T15:52:53.904347+00:00
2014,392,Japan,M,Import,616,Poland,8517,Phones & Communication Devices,21803146.0,83048.0,0.0,2026-05-11T15:52:38.098546,2026-05-11T15:52:53.904347+00:00
2014,392,Japan,M,Import,620,Portugal,8517,Phones & Communication Devices,907792.0,1608.0,0.0,2026-05-11T15:52:38.098551,2026-05-11T15:52:53.904347+00:00
2014,392,Japan,M,Import,634,Qatar,8517,Phones & Communication Devices,2836.0,10.0,0.0,2026-05-11T15:52:38.098554,2026-05-11T15:52:53.904347+00:00
2014,392,Japan,M,Import,637,Unknown,8517,Phones & Communication Devices,66830.0,238.0,0.0,2026-05-11T15:52:38.098557,2026-05-11T15:52:53.904347+00:00
2014,392,Japan,M,Import,642,Romania,8517,Phones & Communication Devices,3065838.0,9234.0,0.0,2026-05-11T15:52:38.098560,2026-05-11T15:52:53.904347+00:00
2014,392,Japan,M,Import,643,Russia,8517,Phones & Communication Devices,168149.0,702.0,0.0,2026-05-11T15:52:38.098563,2026-05-11T15:52:53.904347+00:00
2014,392,Japan,M,Import,678,Unknown,8517,Phones & Communication Devices,30083.0,107.0,0.0,2026-05-11T15:52:38.098566,2026-05-11T15:52:53.904347+00:00
2014,392,Japan,M,Import,682,Saudi Arabia,8517,Phones & Communication Devices,16289.0,58.0,0.0,2026-05-11T15:52:38.098569,2026-05-11T15:52:53.904347+00:00
2014,392,Japan,M,Import,694,Unknown,8517,Phones & Communication Devices,144419.0,515.0,0.0,2026-05-11T15:52:38.098572,2026-05-11T15:52:53.904347+00:00
2014,392,Japan,M,Import,699,Unknown,8517,Phones & Communication Devices,8485598.0,43027.0,0.0,2026-05-11T15:52:38.098574,2026-05-11T15:52:53.904347+00:00
2014,392,Japan,M,Import,702,Unknown,8517,Phones & Communication Devices,42656041.0,147768.0,0.0,2026-05-11T15:52:38.098579,2026-05-11T15:52:53.904347+00:00
2014,392,Japan,M,Import,422,Lebanon,8517,Phones & Communication Devices,19088.0,4.0,0.0,2026-05-11T15:52:38.098586,2026-05-11T15:52:53.904347+00:00
2014,392,Japan,M,Import,499,Unknown,8517,Phones & Communication Devices,6911.0,25.0,0.0,2026-05-11T15:52:38.098589,2026-05-11T15:52:53.904347+00:00
2014,392,Japan,M,Import,626,Unknown,8517,Phones & Communication Devices,4812.0,11.0,0.0,2026-05-11T15:52:38.098592,2026-05-11T15:52:53.904347+00:00
2014,392,Japan,M,Import,686,Unknown,8517,Phones & Communication Devices,14758.0,5.0,0.0,2026-05-11T15:52:38.098594,2026-05-11T15:52:53.904347+00:00
2014,392,Japan,M,Import,218,Ecuador,8517,Phones & Communication Devices,2052.0,1.0,0.0,2026-05-11T15:52:38.098597,2026-05-11T15:52:53.904347+00:00
2015,392,Japan,X,Export,12,Algeria,8517,Phones & Communication Devices,2300400.0,0.0,0.0,2026-05-11T15:52:38.098600,2026-05-11T15:52:53.904347+00:00
2015,392,Japan,X,Export,24,Angola,8517,Phones & Communication Devices,93144.0,0.0,0.0,2026-05-11T15:52:38.098605,2026-05-11T15:52:53.904347+00:00
2015,392,Japan,X,Export,32,Argentina,8517,Phones & Communication Devices,1839690.0,0.0,0.0,2026-05-11T15:52:38.098608,2026-05-11T15:52:53.904347+00:00
2015,392,Japan,X,Export,842,Unknown,8517,Phones & Communication Devices,637370975.0,0.0,0.0,2026-05-11T15:52:38.098611,2026-05-11T15:52:53.904347+00:00
2015,392,Japan,X,Export,860,Unknown,8517,Phones & Communication Devices,199981.0,0.0,0.0,2026-05-11T15:52:38.098614,2026-05-11T15:52:53.904347+00:00
2015,392,Japan,X,Export,894,Zambia,8517,Phones & Communication Devices,6824634.0,0.0,0.0,2026-05-11T15:52:38.098619,2026-05-11T15:52:53.904347+00:00
2015,392,Japan,X,Export,410,South Korea,8517,Phones & Communication Devices,173357729.0,0.0,0.0,2026-05-11T15:52:38.098622,2026-05-11T15:52:53.904347+00:00
2015,392,Japan,X,Export,0,World,8517,Phones & Communication Devices,4684184101.0,0.0,0.0,2026-05-11T15:52:38.098625,2026-05-11T15:52:53.904347+00:00
2015,392,Japan,X,Export,8,Albania,8517,Phones & Communication Devices,2306.0,9.0,0.0,2026-05-11T15:52:38.098628,2026-05-11T15:52:53.904347+00:00
2015,392,Japan,X,Export,31,Unknown,8517,Phones & Communication Devices,48708.0,220.0,0.0,2026-05-11T15:52:38.098631,2026-05-11T15:52:53.904347+00:00
2015,392,Japan,X,Export,48,Unknown,8517,Phones & Communication Devices,16569.0,108.0,0.0,2026-05-11T15:52:38.098634,2026-05-11T15:52:53.904347+00:00
2015,392,Japan,X,Export,51,Unknown,8517,Phones & Communication Devices,25561.0,95.0,0.0,2026-05-11T15:52:38.098637,2026-05-11T15:52:53.904347+00:00
2015,392,Japan,X,Export,52,Unknown,8517,Phones & Communication Devices,2380.0,9.0,0.0,2026-05-11T15:52:38.098640,2026-05-11T15:52:53.904347+00:00
2015,392,Japan,X,Export,70,Unknown,8517,Phones & Communication Devices,12974.0,51.0,0.0,2026-05-11T15:52:38.098643,2026-05-11T15:52:53.904347+00:00
2015,392,Japan,X,Export,100,Bulgaria,8517,Phones & Communication Devices,288447.0,225.0,0.0,2026-05-11T15:52:38.098645,2026-05-11T15:52:53.904347+00:00
2015,392,Japan,X,Export,120,Unknown,8517,Phones & Communication Devices,7686.0,184.0,0.0,2026-05-11T15:52:38.098650,2026-05-11T15:52:53.904347+00:00
2015,392,Japan,X,Export,140,Unknown,8517,Phones & Communication Devices,9421.0,40.0,0.0,2026-05-11T15:52:38.098653,2026-05-11T15:52:53.904347+00:00
2015,392,Japan,X,Export,180,Unknown,8517,Phones & Communication Devices,34932.0,138.0,0.0,2026-05-11T15:52:38.098656,2026-05-11T15:52:53.904347+00:00
2015,392,Japan,X,Export,192,Unknown,8517,Phones & Communication Devices,13090.0,52.0,0.0,2026-05-11T15:52:38.098659,2026-05-11T15:52:53.904347+00:00
2015,392,Japan,X,Export,196,Cyprus,8517,Phones & Communication Devices,43345.0,171.0,0.0,2026-05-11T15:52:38.098662,2026-05-11T15:52:53.904347+00:00
2015,392,Japan,X,Export,604,Peru,8517,Phones & Communication Devices,606503.0,0.0,0.0,2026-05-11T15:52:38.098665,2026-05-11T15:52:53.904347+00:00
2015,392,Japan,X,Export,600,Unknown,8517,Phones & Communication Devices,388102.0,0.0,0.0,2026-05-11T15:52:38.098668,2026-05-11T15:52:53.904347+00:00
2015,392,Japan,X,Export,608,Philippines,8517,Phones & Communication Devices,54820864.0,0.0,0.0,2026-05-11T15:52:38.098671,2026-05-11T15:52:53.904347+00:00
2015,392,Japan,X,Export,616,Poland,8517,Phones & Communication Devices,7534082.0,0.0,0.0,2026-05-11T15:52:38.098674,2026-05-11T15:52:53.904347+00:00
2015,392,Japan,X,Export,642,Romania,8517,Phones & Communication Devices,2535056.0,0.0,0.0,2026-05-11T15:52:38.098677,2026-05-11T15:52:53.904347+00:00
2015,392,Japan,X,Export,643,Russia,8517,Phones & Communication Devices,29046357.0,0.0,0.0,2026-05-11T15:52:38.098681,2026-05-11T15:52:53.904347+00:00
2015,392,Japan,X,Export,682,Saudi Arabia,8517,Phones & Communication Devices,32051288.0,0.0,0.0,2026-05-11T15:52:38.098684,2026-05-11T15:52:53.904347+00:00
2015,392,Japan,X,Export,699,Unknown,8517,Phones & Communication Devices,36913586.0,0.0,0.0,2026-05-11T15:52:38.098688,2026-05-11T15:52:53.904347+00:00
2015,392,Japan,X,Export,702,Unknown,8517,Phones & Communication Devices,62085944.0,0.0,0.0,2026-05-11T15:52:38.098690,2026-05-11T15:52:53.904347+00:00
2015,392,Japan,X,Export,703,Unknown,8517,Phones & Communication Devices,1655692.0,0.0,0.0,2026-05-11T15:52:38.098693,2026-05-11T15:52:53.904347+00:00
2015,392,Japan,X,Export,704,Vietnam,8517,Phones & Communication Devices,53476170.0,0.0,0.0,2026-05-11T15:52:38.098696,2026-05-11T15:52:53.904347+00:00
2015,392,Japan,X,Export,710,South Africa,8517,Phones & Communication Devices,2946926.0,0.0,0.0,2026-05-11T15:52:38.098699,2026-05-11T15:52:53.904347+00:00
2015,392,Japan,X,Export,716,Zimbabwe,8517,Phones & Communication Devices,92987.0,0.0,0.0,2026-05-11T15:52:38.098702,2026-05-11T15:52:53.904347+00:00
2015,392,Japan,X,Export,724,Spain,8517,Phones & Communication Devices,4069722.0,0.0,0.0,2026-05-11T15:52:38.098705,2026-05-11T15:52:53.904347+00:00
2015,392,Japan,X,Export,752,Sweden,8517,Phones & Communication Devices,10130548.0,0.0,0.0,2026-05-11T15:52:38.098708,2026-05-11T15:52:53.904347+00:00
2015,392,Japan,X,Export,762,Unknown,8517,Phones & Communication Devices,91962.0,0.0,0.0,2026-05-11T15:52:38.098713,2026-05-11T15:52:53.904347+00:00
2015,392,Japan,X,Export,764,Thailand,8517,Phones & Communication Devices,194736293.0,0.0,0.0,2026-05-11T15:52:38.098716,2026-05-11T15:52:53.904347+00:00
2015,392,Japan,X,Export,776,Unknown,8517,Phones & Communication Devices,3157.0,0.0,0.0,2026-05-11T15:52:38.098719,2026-05-11T15:52:53.904347+00:00
2015,392,Japan,X,Export,784,UAE,8517,Phones & Communication Devices,11290178.0,0.0,0.0,2026-05-11T15:52:38.098722,2026-05-11T15:52:53.904347+00:00
2015,392,Japan,X,Export,788,Unknown,8517,Phones & Communication Devices,1343859.0,0.0,0.0,2026-05-11T15:52:38.098752,2026-05-11T15:52:53.904347+00:00
2015,392,Japan,X,Export,792,Turkey,8517,Phones & Communication Devices,6764101.0,0.0,0.0,2026-05-11T15:52:38.098757,2026-05-11T15:52:53.904347+00:00
2015,392,Japan,X,Export,804,Ukraine,8517,Phones & Communication Devices,274406.0,0.0,0.0,2026-05-11T15:52:38.098771,2026-05-11T15:52:53.904347+00:00
2015,392,Japan,X,Export,818,Egypt,8517,Phones & Communication Devices,3281502.0,0.0,0.0,2026-05-11T15:52:38.098775,2026-05-11T15:52:53.904347+00:00
2015,392,Japan,X,Export,826,United Kingdom,8517,Phones & Communication Devices,51515404.0,0.0,0.0,2026-05-11T15:52:38.098778,2026-05-11T15:52:53.904347+00:00
2015,392,Japan,X,Export,344,Unknown,8517,Phones & Communication Devices,347351316.0,0.0,0.0,2026-05-11T15:52:38.098781,2026-05-11T15:52:53.904347+00:00
2015,392,Japan,X,Export,348,Unknown,8517,Phones & Communication Devices,4409770.0,0.0,0.0,2026-05-11T15:52:38.098795,2026-05-11T15:52:53.904347+00:00
2015,392,Japan,X,Export,360,Indonesia,8517,Phones & Communication Devices,33015920.0,0.0,0.0,2026-05-11T15:52:38.098798,2026-05-11T15:52:53.904347+00:00
2015,392,Japan,X,Export,368,Iraq,8517,Phones & Communication Devices,1310208.0,0.0,0.0,2026-05-11T15:52:38.098801,2026-05-11T15:52:53.904347+00:00
2015,392,Japan,X,Export,376,Israel,8517,Phones & Communication Devices,3479888.0,0.0,0.0,2026-05-11T15:52:38.098804,2026-05-11T15:52:53.904347+00:00
2015,392,Japan,X,Export,380,Italy,8517,Phones & Communication Devices,39059854.0,0.0,0.0,2026-05-11T15:52:38.098807,2026-05-11T15:52:53.904347+00:00
2015,392,Japan,X,Export,398,Kazakhstan,8517,Phones & Communication Devices,415440.0,0.0,0.0,2026-05-11T15:52:38.098810,2026-05-11T15:52:53.904347+00:00
2015,392,Japan,X,Export,400,Jordan,8517,Phones & Communication Devices,375376.0,0.0,0.0,2026-05-11T15:52:38.098813,2026-05-11T15:52:53.904347+00:00
2015,392,Japan,X,Export,440,Unknown,8517,Phones & Communication Devices,410960.0,0.0,0.0,2026-05-11T15:52:38.098818,2026-05-11T15:52:53.904347+00:00
2015,392,Japan,X,Export,450,Unknown,8517,Phones & Communication Devices,747297.0,0.0,0.0,2026-05-11T15:52:38.098821,2026-05-11T15:52:53.904347+00:00
2015,392,Japan,X,Export,454,Unknown,8517,Phones & Communication Devices,1124623.0,0.0,0.0,2026-05-11T15:52:38.098824,2026-05-11T15:52:53.904347+00:00
2015,392,Japan,X,Export,458,Malaysia,8517,Phones & Communication Devices,73381816.0,0.0,0.0,2026-05-11T15:52:38.098828,2026-05-11T15:52:53.904347+00:00
2015,392,Japan,X,Export,470,Unknown,8517,Phones & Communication Devices,284530.0,0.0,0.0,2026-05-11T15:52:38.098831,2026-05-11T15:52:53.904347+00:00
2015,392,Japan,X,Export,484,Mexico,8517,Phones & Communication Devices,105850857.0,0.0,0.0,2026-05-11T15:52:38.098834,2026-05-11T15:52:53.904347+00:00
2015,392,Japan,X,Export,490,Unknown,8517,Phones & Communication Devices,26324757.0,0.0,0.0,2026-05-11T15:52:38.098839,2026-05-11T15:52:53.904347+00:00
2015,392,Japan,X,Export,516,Unknown,8517,Phones & Communication Devices,355261.0,0.0,0.0,2026-05-11T15:52:38.098842,2026-05-11T15:52:53.904347+00:00
2015,392,Japan,X,Export,528,Netherlands,8517,Phones & Communication Devices,35581801.0,0.0,0.0,2026-05-11T15:52:38.098845,2026-05-11T15:52:53.904347+00:00
2015,392,Japan,X,Export,554,New Zealand,8517,Phones & Communication Devices,1192289.0,0.0,0.0,2026-05-11T15:52:38.098848,2026-05-11T15:52:53.904347+00:00
2015,392,Japan,X,Export,558,Unknown,8517,Phones & Communication Devices,64228.0,0.0,0.0,2026-05-11T15:52:38.098850,2026-05-11T15:52:53.904347+00:00
2015,392,Japan,X,Export,566,Nigeria,8517,Phones & Communication Devices,2681304.0,0.0,0.0,2026-05-11T15:52:38.098853,2026-05-11T15:52:53.904347+00:00
2015,392,Japan,X,Export,579,Unknown,8517,Phones & Communication Devices,2984725.0,0.0,0.0,2026-05-11T15:52:38.098856,2026-05-11T15:52:53.904347+00:00
2015,392,Japan,X,Export,586,Pakistan,8517,Phones & Communication Devices,7340085.0,0.0,0.0,2026-05-11T15:52:38.098861,2026-05-11T15:52:53.904347+00:00
2015,392,Japan,X,Export,36,Australia,8517,Phones & Communication Devices,17067606.0,0.0,0.0,2026-05-11T15:52:38.098864,2026-05-11T15:52:53.904347+00:00
2015,392,Japan,X,Export,40,Austria,8517,Phones & Communication Devices,441926.0,0.0,0.0,2026-05-11T15:52:38.098867,2026-05-11T15:52:53.904347+00:00
2015,392,Japan,X,Export,50,Bangladesh,8517,Phones & Communication Devices,2033688.0,0.0,0.0,2026-05-11T15:52:38.098870,2026-05-11T15:52:53.904347+00:00
2015,392,Japan,X,Export,56,Belgium,8517,Phones & Communication Devices,4573165.0,0.0,0.0,2026-05-11T15:52:38.098873,2026-05-11T15:52:53.904347+00:00
2015,392,Japan,X,Export,68,Bolivia,8517,Phones & Communication Devices,70575.0,0.0,0.0,2026-05-11T15:52:38.098876,2026-05-11T15:52:53.904347+00:00
2015,392,Japan,X,Export,76,Brazil,8517,Phones & Communication Devices,5531120.0,0.0,0.0,2026-05-11T15:52:38.098879,2026-05-11T15:52:53.904347+00:00
2015,392,Japan,X,Export,90,Unknown,8517,Phones & Communication Devices,313991.0,0.0,0.0,2026-05-11T15:52:38.098882,2026-05-11T15:52:53.904347+00:00
2015,392,Japan,X,Export,96,Unknown,8517,Phones & Communication Devices,3463.0,0.0,0.0,2026-05-11T15:52:38.098885,2026-05-11T15:52:53.904347+00:00
2015,392,Japan,X,Export,104,Unknown,8517,Phones & Communication Devices,3784177.0,0.0,0.0,2026-05-11T15:52:38.098887,2026-05-11T15:52:53.904347+00:00
2015,392,Japan,X,Export,116,Cambodia,8517,Phones & Communication Devices,193559.0,0.0,0.0,2026-05-11T15:52:38.098892,2026-05-11T15:52:53.904347+00:00
2015,392,Japan,X,Export,124,Canada,8517,Phones & Communication Devices,10037025.0,0.0,0.0,2026-05-11T15:52:38.098895,2026-05-11T15:52:53.904347+00:00
2015,392,Japan,X,Export,144,Sri Lanka,8517,Phones & Communication Devices,220169.0,0.0,0.0,2026-05-11T15:52:38.098898,2026-05-11T15:52:53.904347+00:00
2015,392,Japan,X,Export,148,Unknown,8517,Phones & Communication Devices,143727.0,0.0,0.0,2026-05-11T15:52:38.098901,2026-05-11T15:52:53.904347+00:00
2015,392,Japan,X,Export,152,Chile,8517,Phones & Communication Devices,1248244.0,0.0,0.0,2026-05-11T15:52:38.098904,2026-05-11T15:52:53.904347+00:00
2015,392,Japan,X,Export,156,China,8517,Phones & Communication Devices,2425336314.0,0.0,0.0,2026-05-11T15:52:38.098907,2026-05-11T15:52:53.904347+00:00
2015,392,Japan,X,Export,170,Colombia,8517,Phones & Communication Devices,7598252.0,0.0,0.0,2026-05-11T15:52:38.098910,2026-05-11T15:52:53.904347+00:00
2015,392,Japan,X,Export,191,Croatia,8517,Phones & Communication Devices,27569.0,0.0,0.0,2026-05-11T15:52:38.098913,2026-05-11T15:52:53.904347+00:00
2015,392,Japan,X,Export,208,Denmark,8517,Phones & Communication Devices,1094914.0,0.0,0.0,2026-05-11T15:52:38.098916,2026-05-11T15:52:53.904347+00:00
2015,392,Japan,X,Export,233,Unknown,8517,Phones & Communication Devices,229186.0,0.0,0.0,2026-05-11T15:52:38.098919,2026-05-11T15:52:53.904347+00:00
2015,392,Japan,X,Export,246,Finland,8517,Phones & Communication Devices,1971162.0,0.0,0.0,2026-05-11T15:52:38.098924,2026-05-11T15:52:53.904347+00:00
2015,392,Japan,X,Export,251,Unknown,8517,Phones & Communication Devices,17889147.0,0.0,0.0,2026-05-11T15:52:38.098927,2026-05-11T15:52:53.904347+00:00
2015,392,Japan,X,Export,266,Unknown,8517,Phones & Communication Devices,1234906.0,0.0,0.0,2026-05-11T15:52:38.098930,2026-05-11T15:52:53.904347+00:00
2015,392,Japan,X,Export,268,Unknown,8517,Phones & Communication Devices,191047.0,0.0,0.0,2026-05-11T15:52:38.098933,2026-05-11T15:52:53.904347+00:00
2015,392,Japan,X,Export,276,Germany,8517,Phones & Communication Devices,84253067.0,0.0,0.0,2026-05-11T15:52:38.098936,2026-05-11T15:52:53.904347+00:00
2015,392,Japan,X,Export,288,Ghana,8517,Phones & Communication Devices,813111.0,0.0,0.0,2026-05-11T15:52:38.098939,2026-05-11T15:52:53.904347+00:00
2015,392,Japan,X,Export,300,Greece,8517,Phones & Communication Devices,171106.0,0.0,0.0,2026-05-11T15:52:38.098942,2026-05-11T15:52:53.904347+00:00
2015,392,Japan,X,Export,320,Unknown,8517,Phones & Communication Devices,1429424.0,0.0,0.0,2026-05-11T15:52:38.098945,2026-05-11T15:52:53.904347+00:00
2015,392,Japan,X,Export,203,Czech Republic,8517,Phones & Communication Devices,1952271.0,4233.0,0.0,2026-05-11T15:52:38.098948,2026-05-11T15:52:53.904347+00:00
2015,392,Japan,X,Export,214,Unknown,8517,Phones & Communication Devices,6008.0,18.0,0.0,2026-05-11T15:52:38.098951,2026-05-11T15:52:53.904347+00:00
2015,392,Japan,X,Export,218,Ecuador,8517,Phones & Communication Devices,312354.0,1766.0,0.0,2026-05-11T15:52:38.098955,2026-05-11T15:52:53.904347+00:00
2015,392,Japan,X,Export,222,Unknown,8517,Phones & Communication Devices,32982.0,147.0,0.0,2026-05-11T15:52:38.098959,2026-05-11T15:52:53.904347+00:00
2015,392,Japan,X,Export,231,Ethiopia,8517,Phones & Communication Devices,35238.0,139.0,0.0,2026-05-11T15:52:38.098961,2026-05-11T15:52:53.904347+00:00
2015,392,Japan,X,Export,242,Unknown,8517,Phones & Communication Devices,142661.0,478.0,0.0,2026-05-11T15:52:38.098964,2026-05-11T15:52:53.904347+00:00
2015,392,Japan,X,Export,262,Unknown,8517,Phones & Communication Devices,2460003.0,8275.0,0.0,2026-05-11T15:52:38.098967,2026-05-11T15:52:53.904347+00:00
2015,392,Japan,X,Export,270,Unknown,8517,Phones & Communication Devices,88813.0,351.0,0.0,2026-05-11T15:52:38.098970,2026-05-11T15:52:53.904347+00:00
2015,392,Japan,X,Export,275,Unknown,8517,Phones & Communication Devices,5281.0,21.0,0.0,2026-05-11T15:52:38.098973,2026-05-11T15:52:53.904347+00:00
2015,392,Japan,X,Export,296,Unknown,8517,Phones & Communication Devices,9669.0,38.0,0.0,2026-05-11T15:52:38.098976,2026-05-11T15:52:53.904347+00:00
2015,392,Japan,X,Export,316,Unknown,8517,Phones & Communication Devices,23255.0,54.0,0.0,2026-05-11T15:52:38.098979,2026-05-11T15:52:53.904347+00:00
2015,392,Japan,X,Export,332,Unknown,8517,Phones & Communication Devices,11413.0,90.0,0.0,2026-05-11T15:52:38.098985,2026-05-11T15:52:53.904347+00:00
2015,392,Japan,X,Export,340,Unknown,8517,Phones & Communication Devices,143017.0,597.0,0.0,2026-05-11T15:52:38.098991,2026-05-11T15:52:53.904347+00:00
2015,392,Japan,X,Export,352,Unknown,8517,Phones & Communication Devices,4810.0,19.0,0.0,2026-05-11T15:52:38.098994,2026-05-11T15:52:53.904347+00:00
2015,392,Japan,X,Export,364,Iran,8517,Phones & Communication Devices,89987.0,359.0,0.0,2026-05-11T15:52:38.098997,2026-05-11T15:52:53.904347+00:00
2015,392,Japan,X,Export,372,Ireland,8517,Phones & Communication Devices,367459.0,1538.0,0.0,2026-05-11T15:52:38.099000,2026-05-11T15:52:53.904347+00:00
2015,392,Japan,X,Export,384,Unknown,8517,Phones & Communication Devices,43783.0,173.0,0.0,2026-05-11T15:52:38.099003,2026-05-11T15:52:53.904347+00:00
2015,392,Japan,X,Export,404,Kenya,8517,Phones & Communication Devices,252779.0,965.0,0.0,2026-05-11T15:52:38.099006,2026-05-11T15:52:53.904347+00:00
2015,392,Japan,X,Export,414,Kuwait,8517,Phones & Communication Devices,710522.0,3092.0,0.0,2026-05-11T15:52:38.099009,2026-05-11T15:52:53.904347+00:00
2015,392,Japan,X,Export,417,Unknown,8517,Phones & Communication Devices,22883.0,82.0,0.0,2026-05-11T15:52:38.099012,2026-05-11T15:52:53.904347+00:00
2015,392,Japan,X,Export,418,Unknown,8517,Phones & Communication Devices,14007.0,55.0,0.0,2026-05-11T15:52:38.099015,2026-05-11T15:52:53.904347+00:00
2015,392,Japan,X,Export,426,Unknown,8517,Phones & Communication Devices,16801.0,66.0,0.0,2026-05-11T15:52:38.099018,2026-05-11T15:52:53.904347+00:00
2015,392,Japan,X,Export,428,Unknown,8517,Phones & Communication Devices,549011.0,2176.0,0.0,2026-05-11T15:52:38.099023,2026-05-11T15:52:53.904347+00:00
2015,392,Japan,X,Export,430,Unknown,8517,Phones & Communication Devices,14636.0,36.0,0.0,2026-05-11T15:52:38.099026,2026-05-11T15:52:53.904347+00:00
2015,392,Japan,X,Export,422,Lebanon,8517,Phones & Communication Devices,143694.0,913.0,0.0,2026-05-11T15:52:38.099029,2026-05-11T15:52:53.904347+00:00
2015,392,Japan,X,Export,442,Unknown,8517,Phones & Communication Devices,75078.0,294.0,0.0,2026-05-11T15:52:38.099032,2026-05-11T15:52:53.904347+00:00
2015,392,Japan,X,Export,446,Unknown,8517,Phones & Communication Devices,1079799.0,463.0,0.0,2026-05-11T15:52:38.099035,2026-05-11T15:52:53.904347+00:00
2015,392,Japan,X,Export,496,Unknown,8517,Phones & Communication Devices,42303.0,176.0,0.0,2026-05-11T15:52:38.099038,2026-05-11T15:52:53.904347+00:00
2015,392,Japan,X,Export,498,Unknown,8517,Phones & Communication Devices,193402.0,759.0,0.0,2026-05-11T15:52:38.099041,2026-05-11T15:52:53.904347+00:00
2015,392,Japan,X,Export,504,Morocco,8517,Phones & Communication Devices,1356122.0,5793.0,0.0,2026-05-11T15:52:38.099046,2026-05-11T15:52:53.904347+00:00
2015,392,Japan,X,Export,524,Unknown,8517,Phones & Communication Devices,36651.0,145.0,0.0,2026-05-11T15:52:38.099049,2026-05-11T15:52:53.904347+00:00
2015,392,Japan,X,Export,512,Unknown,8517,Phones & Communication Devices,16743.0,66.0,0.0,2026-05-11T15:52:38.099052,2026-05-11T15:52:53.904347+00:00
2015,392,Japan,X,Export,548,Unknown,8517,Phones & Communication Devices,41229.0,111.0,0.0,2026-05-11T15:52:38.099058,2026-05-11T15:52:53.904347+00:00
2015,392,Japan,X,Export,531,Unknown,8517,Phones & Communication Devices,11743.0,42.0,0.0,2026-05-11T15:52:38.099061,2026-05-11T15:52:53.904347+00:00
2015,392,Japan,X,Export,562,Unknown,8517,Phones & Communication Devices,135744.0,620.0,0.0,2026-05-11T15:52:38.099064,2026-05-11T15:52:53.904347+00:00
2015,392,Japan,X,Export,583,Unknown,8517,Phones & Communication Devices,69236.0,454.0,0.0,2026-05-11T15:52:38.099066,2026-05-11T15:52:53.904347+00:00
2015,392,Japan,X,Export,584,Unknown,8517,Phones & Communication Devices,50898.0,227.0,0.0,2026-05-11T15:52:38.099069,2026-05-11T15:52:53.904347+00:00
2015,392,Japan,X,Export,591,Unknown,8517,Phones & Communication Devices,443380.0,1657.0,0.0,2026-05-11T15:52:38.099072,2026-05-11T15:52:53.904347+00:00
2015,392,Japan,X,Export,620,Portugal,8517,Phones & Communication Devices,348551.0,1010.0,0.0,2026-05-11T15:52:38.099075,2026-05-11T15:52:53.904347+00:00
2015,392,Japan,X,Export,634,Qatar,8517,Phones & Communication Devices,127704.0,787.0,0.0,2026-05-11T15:52:38.099078,2026-05-11T15:52:53.904347+00:00
2015,392,Japan,X,Export,690,Unknown,8517,Phones & Communication Devices,8107.0,32.0,0.0,2026-05-11T15:52:38.099081,2026-05-11T15:52:53.904347+00:00
2015,392,Japan,X,Export,688,Unknown,8517,Phones & Communication Devices,219979.0,884.0,0.0,2026-05-11T15:52:38.099084,2026-05-11T15:52:53.904347+00:00
2015,392,Japan,X,Export,705,Unknown,8517,Phones & Communication Devices,23172.0,130.0,0.0,2026-05-11T15:52:38.099089,2026-05-11T15:52:53.904347+00:00
2015,392,Japan,X,Export,728,Unknown,8517,Phones & Communication Devices,24065.0,54.0,0.0,2026-05-11T15:52:38.099092,2026-05-11T15:52:53.904347+00:00
2015,392,Japan,X,Export,748,Unknown,8517,Phones & Communication Devices,35593.0,141.0,0.0,2026-05-11T15:52:38.099095,2026-05-11T15:52:53.904347+00:00
2015,392,Japan,X,Export,729,Unknown,8517,Phones & Communication Devices,48923.0,194.0,0.0,2026-05-11T15:52:38.099097,2026-05-11T15:52:53.904347+00:00
2015,392,Japan,X,Export,757,Unknown,8517,Phones & Communication Devices,1893935.0,9616.0,0.0,2026-05-11T15:52:38.099100,2026-05-11T15:52:53.904347+00:00
2015,392,Japan,X,Export,780,Unknown,8517,Phones & Communication Devices,10099.0,31.0,0.0,2026-05-11T15:52:38.099103,2026-05-11T15:52:53.904347+00:00
2015,392,Japan,X,Export,795,Unknown,8517,Phones & Communication Devices,74550.0,327.0,0.0,2026-05-11T15:52:38.099106,2026-05-11T15:52:53.904347+00:00
2015,392,Japan,X,Export,798,Unknown,8517,Phones & Communication Devices,14164.0,25.0,0.0,2026-05-11T15:52:38.099109,2026-05-11T15:52:53.904347+00:00
2015,392,Japan,X,Export,800,Uganda,8517,Phones & Communication Devices,16668.0,131.0,0.0,2026-05-11T15:52:38.099112,2026-05-11T15:52:53.904347+00:00
2015,392,Japan,X,Export,834,Unknown,8517,Phones & Communication Devices,3396107.0,14189.0,0.0,2026-05-11T15:52:38.099115,2026-05-11T15:52:53.904347+00:00
2015,392,Japan,X,Export,858,Unknown,8517,Phones & Communication Devices,325164.0,1381.0,0.0,2026-05-11T15:52:38.099120,2026-05-11T15:52:53.904347+00:00
2015,392,Japan,X,Export,64,Bhutan,8517,Phones & Communication Devices,41320.0,22.0,0.0,2026-05-11T15:52:38.099123,2026-05-11T15:52:53.904347+00:00
2015,392,Japan,X,Export,178,Unknown,8517,Phones & Communication Devices,127191.0,945.0,0.0,2026-05-11T15:52:38.099126,2026-05-11T15:52:53.904347+00:00
2015,392,Japan,X,Export,188,Unknown,8517,Phones & Communication Devices,157107.0,18.0,0.0,2026-05-11T15:52:38.099129,2026-05-11T15:52:53.904347+00:00
2015,392,Japan,X,Export,258,Unknown,8517,Phones & Communication Devices,3504.0,50.0,0.0,2026-05-11T15:52:38.099132,2026-05-11T15:52:53.904347+00:00
2015,392,Japan,X,Export,462,Unknown,8517,Phones & Communication Devices,471701.0,2347.0,0.0,2026-05-11T15:52:38.099135,2026-05-11T15:52:53.904347+00:00
2015,392,Japan,X,Export,480,Unknown,8517,Phones & Communication Devices,16511.0,234.0,0.0,2026-05-11T15:52:38.099137,2026-05-11T15:52:53.904347+00:00
2015,392,Japan,X,Export,598,Unknown,8517,Phones & Communication Devices,3719.0,15.0,0.0,2026-05-11T15:52:38.099140,2026-05-11T15:52:53.904347+00:00
2015,392,Japan,M,Import,0,World,8517,Phones & Communication Devices,22689152700.0,55324601.0,0.0,2026-05-11T15:52:38.099143,2026-05-11T15:52:53.904347+00:00
2015,392,Japan,M,Import,4,Afghanistan,8517,Phones & Communication Devices,21602.0,48.0,0.0,2026-05-11T15:52:38.099148,2026-05-11T15:52:53.904347+00:00
2015,392,Japan,M,Import,20,Unknown,8517,Phones & Communication Devices,4529.0,16.0,0.0,2026-05-11T15:52:38.099153,2026-05-11T15:52:53.904347+00:00
2015,392,Japan,M,Import,32,Argentina,8517,Phones & Communication Devices,10661.0,38.0,0.0,2026-05-11T15:52:38.099156,2026-05-11T15:52:53.904347+00:00
2015,392,Japan,M,Import,36,Australia,8517,Phones & Communication Devices,3718684.0,13758.0,0.0,2026-05-11T15:52:38.099159,2026-05-11T15:52:53.904347+00:00
2015,392,Japan,M,Import,40,Austria,8517,Phones & Communication Devices,5462578.0,12291.0,0.0,2026-05-11T15:52:38.099162,2026-05-11T15:52:53.904347+00:00
2015,392,Japan,M,Import,56,Belgium,8517,Phones & Communication Devices,2259146.0,7647.0,0.0,2026-05-11T15:52:38.099165,2026-05-11T15:52:53.904347+00:00
2015,392,Japan,M,Import,76,Brazil,8517,Phones & Communication Devices,96796.0,337.0,0.0,2026-05-11T15:52:38.099168,2026-05-11T15:52:53.904347+00:00
2015,392,Japan,M,Import,100,Bulgaria,8517,Phones & Communication Devices,119415.0,379.0,0.0,2026-05-11T15:52:38.099171,2026-05-11T15:52:53.904347+00:00
2015,392,Japan,M,Import,120,Unknown,8517,Phones & Communication Devices,2281.0,8.0,0.0,2026-05-11T15:52:38.099174,2026-05-11T15:52:53.904347+00:00
2015,392,Japan,M,Import,124,Canada,8517,Phones & Communication Devices,35456064.0,111009.0,0.0,2026-05-11T15:52:38.099177,2026-05-11T15:52:53.904347+00:00
2015,392,Japan,M,Import,144,Sri Lanka,8517,Phones & Communication Devices,7504.0,19.0,0.0,2026-05-11T15:52:38.099180,2026-05-11T15:52:53.904347+00:00
2015,392,Japan,M,Import,156,China,8517,Phones & Communication Devices,18213271512.0,40588105.0,0.0,2026-05-11T15:52:38.099184,2026-05-11T15:52:53.904347+00:00
2015,392,Japan,M,Import,188,Unknown,8517,Phones & Communication Devices,277034.0,977.0,0.0,2026-05-11T15:52:38.099187,2026-05-11T15:52:53.904347+00:00
2015,392,Japan,M,Import,191,Croatia,8517,Phones & Communication Devices,3248.0,6.0,0.0,2026-05-11T15:52:38.099190,2026-05-11T15:52:53.904347+00:00
2015,392,Japan,M,Import,196,Cyprus,8517,Phones & Communication Devices,24238.0,98.0,0.0,2026-05-11T15:52:38.099193,2026-05-11T15:52:53.904347+00:00
2015,392,Japan,M,Import,203,Czech Republic,8517,Phones & Communication Devices,15905142.0,47155.0,0.0,2026-05-11T15:52:38.099197,2026-05-11T15:52:53.904347+00:00
2015,392,Japan,M,Import,208,Denmark,8517,Phones & Communication Devices,3505622.0,12655.0,0.0,2026-05-11T15:52:38.099200,2026-05-11T15:52:53.904347+00:00
2015,392,Japan,M,Import,233,Unknown,8517,Phones & Communication Devices,9240565.0,35969.0,0.0,2026-05-11T15:52:38.099203,2026-05-11T15:52:53.904347+00:00
2015,392,Japan,M,Import,246,Finland,8517,Phones & Communication Devices,43353655.0,151951.0,0.0,2026-05-11T15:52:38.099206,2026-05-11T15:52:53.904347+00:00
2015,392,Japan,M,Import,251,Unknown,8517,Phones & Communication Devices,67210096.0,233174.0,0.0,2026-05-11T15:52:38.099209,2026-05-11T15:52:53.904347+00:00
2015,392,Japan,M,Import,276,Germany,8517,Phones & Communication Devices,60839064.0,218200.0,0.0,2026-05-11T15:52:38.099212,2026-05-11T15:52:53.904347+00:00
2015,392,Japan,M,Import,300,Greece,8517,Phones & Communication Devices,30188.0,111.0,0.0,2026-05-11T15:52:38.099216,2026-05-11T15:52:53.904347+00:00
2015,392,Japan,M,Import,316,Unknown,8517,Phones & Communication Devices,53303.0,202.0,0.0,2026-05-11T15:52:38.099219,2026-05-11T15:52:53.904347+00:00
2015,392,Japan,M,Import,344,Unknown,8517,Phones & Communication Devices,11192869.0,36216.0,0.0,2026-05-11T15:52:38.099222,2026-05-11T15:52:53.904347+00:00
2015,392,Japan,M,Import,348,Unknown,8517,Phones & Communication Devices,6071924.0,21508.0,0.0,2026-05-11T15:52:38.099225,2026-05-11T15:52:53.904347+00:00
2015,392,Japan,M,Import,360,Indonesia,8517,Phones & Communication Devices,7652249.0,37977.0,0.0,2026-05-11T15:52:38.099228,2026-05-11T15:52:53.904347+00:00
2015,392,Japan,M,Import,372,Ireland,8517,Phones & Communication Devices,12085769.0,43813.0,0.0,2026-05-11T15:52:38.099231,2026-05-11T15:52:53.904347+00:00
2015,392,Japan,M,Import,376,Israel,8517,Phones & Communication Devices,33508776.0,114634.0,0.0,2026-05-11T15:52:38.099234,2026-05-11T15:52:53.904347+00:00
2015,392,Japan,M,Import,380,Italy,8517,Phones & Communication Devices,16311731.0,34834.0,0.0,2026-05-11T15:52:38.099237,2026-05-11T15:52:53.904347+00:00
2015,392,Japan,M,Import,410,South Korea,8517,Phones & Communication Devices,1342300257.0,3407976.0,0.0,2026-05-11T15:52:38.099240,2026-05-11T15:52:53.904347+00:00
2015,392,Japan,M,Import,422,Lebanon,8517,Phones & Communication Devices,54600.0,123.0,0.0,2026-05-11T15:52:38.099243,2026-05-11T15:52:53.904347+00:00
2015,392,Japan,M,Import,428,Unknown,8517,Phones & Communication Devices,131852.0,508.0,0.0,2026-05-11T15:52:38.099248,2026-05-11T15:52:53.904347+00:00
2015,392,Japan,M,Import,440,Unknown,8517,Phones & Communication Devices,5967.0,21.0,0.0,2026-05-11T15:52:38.099252,2026-05-11T15:52:53.904347+00:00
2015,392,Japan,M,Import,458,Malaysia,8517,Phones & Communication Devices,660019458.0,2548488.0,0.0,2026-05-11T15:52:38.099256,2026-05-11T15:52:53.904347+00:00
2015,392,Japan,M,Import,470,Unknown,8517,Phones & Communication Devices,72475.0,256.0,0.0,2026-05-11T15:52:38.099258,2026-05-11T15:52:53.904347+00:00
2015,392,Japan,M,Import,484,Mexico,8517,Phones & Communication Devices,332195553.0,1135876.0,0.0,2026-05-11T15:52:38.099261,2026-05-11T15:52:53.904347+00:00
2015,392,Japan,M,Import,490,Unknown,8517,Phones & Communication Devices,381579953.0,1380414.0,0.0,2026-05-11T15:52:38.099264,2026-05-11T15:52:53.904347+00:00
2015,392,Japan,M,Import,496,Unknown,8517,Phones & Communication Devices,1959.0,7.0,0.0,2026-05-11T15:52:38.099267,2026-05-11T15:52:53.904347+00:00
2015,392,Japan,M,Import,499,Unknown,8517,Phones & Communication Devices,5082.0,9.0,0.0,2026-05-11T15:52:38.099270,2026-05-11T15:52:53.904347+00:00
2015,392,Japan,M,Import,504,Morocco,8517,Phones & Communication Devices,40692.0,143.0,0.0,2026-05-11T15:52:38.099273,2026-05-11T15:52:53.904347+00:00
2015,392,Japan,M,Import,528,Netherlands,8517,Phones & Communication Devices,2656223.0,10979.0,0.0,2026-05-11T15:52:38.099276,2026-05-11T15:52:53.904347+00:00
2015,392,Japan,M,Import,540,Unknown,8517,Phones & Communication Devices,14669.0,52.0,0.0,2026-05-11T15:52:38.099281,2026-05-11T15:52:53.904347+00:00
2015,392,Japan,M,Import,554,New Zealand,8517,Phones & Communication Devices,248085.0,888.0,0.0,2026-05-11T15:52:38.099284,2026-05-11T15:52:53.904347+00:00
2015,392,Japan,M,Import,566,Nigeria,8517,Phones & Communication Devices,18263.0,64.0,0.0,2026-05-11T15:52:38.099287,2026-05-11T15:52:53.904347+00:00
2015,392,Japan,M,Import,579,Unknown,8517,Phones & Communication Devices,4384325.0,48722.0,0.0,2026-05-11T15:52:38.099290,2026-05-11T15:52:53.904347+00:00
2015,392,Japan,M,Import,608,Philippines,8517,Phones & Communication Devices,154920721.0,230202.0,0.0,2026-05-11T15:52:38.099293,2026-05-11T15:52:53.904347+00:00
2015,392,Japan,M,Import,616,Poland,8517,Phones & Communication Devices,24254253.0,92551.0,0.0,2026-05-11T15:52:38.099295,2026-05-11T15:52:53.904347+00:00
2015,392,Japan,M,Import,620,Portugal,8517,Phones & Communication Devices,679590.0,1410.0,0.0,2026-05-11T15:52:38.099298,2026-05-11T15:52:53.904347+00:00
2015,392,Japan,M,Import,642,Romania,8517,Phones & Communication Devices,1949841.0,6656.0,0.0,2026-05-11T15:52:38.099301,2026-05-11T15:52:53.904347+00:00
2015,392,Japan,M,Import,643,Russia,8517,Phones & Communication Devices,13363.0,178.0,0.0,2026-05-11T15:52:38.099304,2026-05-11T15:52:53.904347+00:00
2015,392,Japan,M,Import,688,Unknown,8517,Phones & Communication Devices,2413.0,9.0,0.0,2026-05-11T15:52:38.099307,2026-05-11T15:52:53.904347+00:00
2015,392,Japan,M,Import,699,Unknown,8517,Phones & Communication Devices,7137253.0,20578.0,0.0,2026-05-11T15:52:38.099313,2026-05-11T15:52:53.904347+00:00
2015,392,Japan,M,Import,702,Unknown,8517,Phones & Communication Devices,34863229.0,126665.0,0.0,2026-05-11T15:52:38.099316,2026-05-11T15:52:53.904347+00:00
2015,392,Japan,M,Import,703,Unknown,8517,Phones & Communication Devices,3405.0,12.0,0.0,2026-05-11T15:52:38.099319,2026-05-11T15:52:53.904347+00:00
2015,392,Japan,M,Import,704,Vietnam,8517,Phones & Communication Devices,187572008.0,666114.0,0.0,2026-05-11T15:52:38.099322,2026-05-11T15:52:53.904347+00:00
2015,392,Japan,M,Import,705,Unknown,8517,Phones & Communication Devices,30279.0,67.0,0.0,2026-05-11T15:52:38.099325,2026-05-11T15:52:53.904347+00:00
2015,392,Japan,M,Import,710,South Africa,8517,Phones & Communication Devices,271208.0,349.0,0.0,2026-05-11T15:52:38.099328,2026-05-11T15:52:53.904347+00:00
2015,392,Japan,M,Import,724,Spain,8517,Phones & Communication Devices,491997.0,1905.0,0.0,2026-05-11T15:52:38.099331,2026-05-11T15:52:53.904347+00:00
2015,392,Japan,M,Import,752,Sweden,8517,Phones & Communication Devices,27083516.0,117866.0,0.0,2026-05-11T15:52:38.099334,2026-05-11T15:52:53.904347+00:00
2015,392,Japan,M,Import,757,Unknown,8517,Phones & Communication Devices,2249725.0,7890.0,0.0,2026-05-11T15:52:38.099336,2026-05-11T15:52:53.904347+00:00
2015,392,Japan,M,Import,764,Thailand,8517,Phones & Communication Devices,283617736.0,1693289.0,0.0,2026-05-11T15:52:38.099339,2026-05-11T15:52:53.904347+00:00
2015,392,Japan,M,Import,784,UAE,8517,Phones & Communication Devices,16809.0,56.0,0.0,2026-05-11T15:52:38.099346,2026-05-11T15:52:53.904347+00:00
2015,392,Japan,M,Import,788,Unknown,8517,Phones & Communication Devices,3826753.0,13493.0,0.0,2026-05-11T15:52:38.099349,2026-05-11T15:52:53.904347+00:00
2015,392,Japan,M,Import,792,Turkey,8517,Phones & Communication Devices,11710.0,47.0,0.0,2026-05-11T15:52:38.099352,2026-05-11T15:52:53.904347+00:00
2015,392,Japan,M,Import,804,Ukraine,8517,Phones & Communication Devices,26271.0,100.0,0.0,2026-05-11T15:52:38.099355,2026-05-11T15:52:53.904347+00:00
2015,392,Japan,M,Import,826,United Kingdom,8517,Phones & Communication Devices,20170498.0,71771.0,0.0,2026-05-11T15:52:38.099358,2026-05-11T15:52:53.904347+00:00
2015,392,Japan,M,Import,842,Unknown,8517,Phones & Communication Devices,668303664.0,2015129.0,0.0,2026-05-11T15:52:38.099361,2026-05-11T15:52:53.904347+00:00
2015,392,Japan,M,Import,104,Unknown,8517,Phones & Communication Devices,23585.0,175.0,0.0,2026-05-11T15:52:38.099364,2026-05-11T15:52:53.904347+00:00
2015,392,Japan,M,Import,116,Cambodia,8517,Phones & Communication Devices,12470.0,117.0,0.0,2026-05-11T15:52:38.099367,2026-05-11T15:52:53.904347+00:00
2015,392,Japan,M,Import,170,Colombia,8517,Phones & Communication Devices,22693.0,5.0,0.0,2026-05-11T15:52:38.099369,2026-05-11T15:52:53.904347+00:00
2015,392,Japan,M,Import,214,Unknown,8517,Phones & Communication Devices,3595.0,21.0,0.0,2026-05-11T15:52:38.099372,2026-05-11T15:52:53.904347+00:00
2015,392,Japan,M,Import,442,Unknown,8517,Phones & Communication Devices,38419.0,28.0,0.0,2026-05-11T15:52:38.099378,2026-05-11T15:52:53.904347+00:00
2015,392,Japan,M,Import,446,Unknown,8517,Phones & Communication Devices,117407.0,55.0,0.0,2026-05-11T15:52:38.099382,2026-05-11T15:52:53.904347+00:00
2015,392,Japan,M,Import,478,Unknown,8517,Phones & Communication Devices,10090.0,200.0,0.0,2026-05-11T15:52:38.099385,2026-05-11T15:52:53.904347+00:00
2015,392,Japan,M,Import,152,Chile,8517,Phones & Communication Devices,2537.0,2.0,0.0,2026-05-11T15:52:38.099388,2026-05-11T15:52:53.904347+00:00
2016,392,Japan,M,Import,36,Australia,8517,Phones & Communication Devices,7411095.0,26177.0,0.0,2026-05-11T15:52:38.099390,2026-05-11T15:52:53.904347+00:00
2016,392,Japan,M,Import,40,Austria,8517,Phones & Communication Devices,3896178.0,10686.0,0.0,2026-05-11T15:52:38.099393,2026-05-11T15:52:53.904347+00:00
2016,392,Japan,M,Import,56,Belgium,8517,Phones & Communication Devices,2803215.0,9915.0,0.0,2026-05-11T15:52:38.099396,2026-05-11T15:52:53.904347+00:00
2016,392,Japan,M,Import,76,Brazil,8517,Phones & Communication Devices,83730.0,182.0,0.0,2026-05-11T15:52:38.099399,2026-05-11T15:52:53.904347+00:00
2016,392,Japan,M,Import,96,Unknown,8517,Phones & Communication Devices,3818.0,13.0,0.0,2026-05-11T15:52:38.099402,2026-05-11T15:52:53.904347+00:00
2016,392,Japan,M,Import,100,Bulgaria,8517,Phones & Communication Devices,10166.0,9.0,0.0,2026-05-11T15:52:38.099405,2026-05-11T15:52:53.904347+00:00
2016,392,Japan,M,Import,104,Unknown,8517,Phones & Communication Devices,16781.0,65.0,0.0,2026-05-11T15:52:38.099410,2026-05-11T15:52:53.904347+00:00
2016,392,Japan,M,Import,124,Canada,8517,Phones & Communication Devices,26698589.0,89048.0,0.0,2026-05-11T15:52:38.099413,2026-05-11T15:52:53.904347+00:00
2016,392,Japan,M,Import,148,Unknown,8517,Phones & Communication Devices,3634.0,13.0,0.0,2026-05-11T15:52:38.099416,2026-05-11T15:52:53.904347+00:00
2016,392,Japan,M,Import,144,Sri Lanka,8517,Phones & Communication Devices,14269.0,41.0,0.0,2026-05-11T15:52:38.099418,2026-05-11T15:52:53.904347+00:00
2016,392,Japan,M,Import,156,China,8517,Phones & Communication Devices,19272528237.0,44956645.0,0.0,2026-05-11T15:52:38.099421,2026-05-11T15:52:53.904347+00:00
2016,392,Japan,M,Import,188,Unknown,8517,Phones & Communication Devices,69378.0,184.0,0.0,2026-05-11T15:52:38.099424,2026-05-11T15:52:53.904347+00:00
2016,392,Japan,M,Import,203,Czech Republic,8517,Phones & Communication Devices,15912125.0,48786.0,0.0,2026-05-11T15:52:38.099427,2026-05-11T15:52:53.904347+00:00
2016,392,Japan,M,Import,208,Denmark,8517,Phones & Communication Devices,4012955.0,12937.0,0.0,2026-05-11T15:52:38.099430,2026-05-11T15:52:53.904347+00:00
2016,392,Japan,M,Import,233,Unknown,8517,Phones & Communication Devices,3427654.0,15071.0,0.0,2026-05-11T15:52:38.099433,2026-05-11T15:52:53.904347+00:00
2016,392,Japan,M,Import,246,Finland,8517,Phones & Communication Devices,10025772.0,46758.0,0.0,2026-05-11T15:52:38.099436,2026-05-11T15:52:53.904347+00:00
2016,392,Japan,M,Import,251,Unknown,8517,Phones & Communication Devices,68757904.0,238705.0,0.0,2026-05-11T15:52:38.099441,2026-05-11T15:52:53.904347+00:00
2016,392,Japan,M,Import,268,Unknown,8517,Phones & Communication Devices,5180.0,12.0,0.0,2026-05-11T15:52:38.099444,2026-05-11T15:52:53.904347+00:00
2016,392,Japan,M,Import,276,Germany,8517,Phones & Communication Devices,77283729.0,255517.0,0.0,2026-05-11T15:52:38.099447,2026-05-11T15:52:53.904347+00:00
2016,392,Japan,M,Import,296,Unknown,8517,Phones & Communication Devices,2778.0,10.0,0.0,2026-05-11T15:52:38.099449,2026-05-11T15:52:53.904347+00:00
2016,392,Japan,M,Import,300,Greece,8517,Phones & Communication Devices,146134.0,8022.0,0.0,2026-05-11T15:52:38.099454,2026-05-11T15:52:53.904347+00:00
2016,392,Japan,M,Import,344,Unknown,8517,Phones & Communication Devices,8541456.0,28552.0,0.0,2026-05-11T15:52:38.099457,2026-05-11T15:52:53.904347+00:00
2016,392,Japan,M,Import,348,Unknown,8517,Phones & Communication Devices,14195690.0,48641.0,0.0,2026-05-11T15:52:38.099460,2026-05-11T15:52:53.904347+00:00
2016,392,Japan,M,Import,360,Indonesia,8517,Phones & Communication Devices,6438442.0,32457.0,0.0,2026-05-11T15:52:38.099463,2026-05-11T15:52:53.904347+00:00
2016,392,Japan,M,Import,364,Iran,8517,Phones & Communication Devices,13276.0,46.0,0.0,2026-05-11T15:52:38.099466,2026-05-11T15:52:53.904347+00:00
2016,392,Japan,M,Import,372,Ireland,8517,Phones & Communication Devices,16283404.0,56147.0,0.0,2026-05-11T15:52:38.099469,2026-05-11T15:52:53.904347+00:00
2016,392,Japan,M,Import,376,Israel,8517,Phones & Communication Devices,37310868.0,150482.0,0.0,2026-05-11T15:52:38.099474,2026-05-11T15:52:53.904347+00:00
2016,392,Japan,M,Import,380,Italy,8517,Phones & Communication Devices,14295723.0,32082.0,0.0,2026-05-11T15:52:38.099478,2026-05-11T15:52:53.904347+00:00
2016,392,Japan,M,Import,410,South Korea,8517,Phones & Communication Devices,594524915.0,2588343.0,0.0,2026-05-11T15:52:38.099481,2026-05-11T15:52:53.904347+00:00
2016,392,Japan,M,Import,418,Unknown,8517,Phones & Communication Devices,526559.0,5285.0,0.0,2026-05-11T15:52:38.099484,2026-05-11T15:52:53.904347+00:00
2016,392,Japan,M,Import,428,Unknown,8517,Phones & Communication Devices,207655.0,1043.0,0.0,2026-05-11T15:52:38.099487,2026-05-11T15:52:53.904347+00:00
2016,392,Japan,M,Import,440,Unknown,8517,Phones & Communication Devices,392771.0,1383.0,0.0,2026-05-11T15:52:38.099490,2026-05-11T15:52:53.904347+00:00
2016,392,Japan,M,Import,446,Unknown,8517,Phones & Communication Devices,47565.0,74.0,0.0,2026-05-11T15:52:38.099493,2026-05-11T15:52:53.904347+00:00
2016,392,Japan,M,Import,442,Unknown,8517,Phones & Communication Devices,105323.0,360.0,0.0,2026-05-11T15:52:38.099496,2026-05-11T15:52:53.904347+00:00
2016,392,Japan,M,Import,458,Malaysia,8517,Phones & Communication Devices,591469203.0,2432420.0,0.0,2026-05-11T15:52:38.099499,2026-05-11T15:52:53.904347+00:00
2016,392,Japan,M,Import,466,Unknown,8517,Phones & Communication Devices,10746.0,37.0,0.0,2026-05-11T15:52:38.099502,2026-05-11T15:52:53.904347+00:00
2016,392,Japan,M,Import,470,Unknown,8517,Phones & Communication Devices,307394.0,1069.0,0.0,2026-05-11T15:52:38.099507,2026-05-11T15:52:53.904347+00:00
2016,392,Japan,M,Import,484,Mexico,8517,Phones & Communication Devices,325325546.0,1089029.0,0.0,2026-05-11T15:52:38.099510,2026-05-11T15:52:53.904347+00:00
2016,392,Japan,M,Import,490,Unknown,8517,Phones & Communication Devices,346262351.0,1196016.0,0.0,2026-05-11T15:52:38.099513,2026-05-11T15:52:53.904347+00:00
2017,392,Japan,M,Import,842,Unknown,2709,Crude Oil,573474655.44,1383850000.0,1383850000.0,2026-05-11T15:52:42.874869,2026-05-11T15:52:53.904347+00:00
2017,392,Japan,M,Import,0,World,2709,Crude Oil,63754236994.11,157972943900.0,157972943900.0,2026-05-11T15:52:42.874889,2026-05-11T15:52:53.904347+00:00
2017,392,Japan,M,Import,826,United Kingdom,2709,Crude Oil,37132312.15,79807200.0,79807200.0,2026-05-11T15:52:42.874897,2026-05-11T15:52:53.904347+00:00
2017,392,Japan,M,Import,704,Vietnam,2709,Crude Oil,349234480.37,814872000.0,814872000.0,2026-05-11T15:52:42.874905,2026-05-11T15:52:53.904347+00:00
2017,392,Japan,M,Import,36,Australia,2709,Crude Oil,161504028.2,371341900.0,371341900.0,2026-05-11T15:52:42.874912,2026-05-11T15:52:53.904347+00:00
2017,392,Japan,M,Import,484,Mexico,2709,Crude Oil,781412066.48,2233370000.0,2233370000.0,2026-05-11T15:52:42.874919,2026-05-11T15:52:53.904347+00:00
2017,392,Japan,M,Import,170,Colombia,2709,Crude Oil,141706599.26,415014000.0,415014000.0,2026-05-11T15:52:42.874925,2026-05-11T15:52:53.904347+00:00
2017,392,Japan,M,Import,682,Saudi Arabia,2709,Crude Oil,25623261536.3,63427300000.0,63427300000.0,2026-05-11T15:52:42.874939,2026-05-11T15:52:53.904347+00:00
2017,392,Japan,M,Import,414,Kuwait,2709,Crude Oil,4392805900.49,11534800000.0,11534800000.0,2026-05-11T15:52:42.874945,2026-05-11T15:52:53.904347+00:00
2017,392,Japan,M,Import,364,Iran,2709,Crude Oil,3499043407.62,8711050000.0,8711050000.0,2026-05-11T15:52:42.874952,2026-05-11T15:52:53.904347+00:00
2017,392,Japan,M,Import,531,Unknown,2709,Crude Oil,28553888.91,77240800.0,77240800.0,2026-05-11T15:52:42.874960,2026-05-11T15:52:53.904347+00:00
2017,392,Japan,M,Import,360,Indonesia,2709,Crude Oil,782624584.56,1914630000.0,1914630000.0,2026-05-11T15:52:42.874968,2026-05-11T15:52:53.904347+00:00
2017,392,Japan,M,Import,24,Angola,2709,Crude Oil,203319848.1,523867000.0,523867000.0,2026-05-11T15:52:42.874975,2026-05-11T15:52:53.904347+00:00
2017,392,Japan,M,Import,398,Kazakhstan,2709,Crude Oil,547230795.94,1294730000.0,1294730000.0,2026-05-11T15:52:42.874982,2026-05-11T15:52:53.904347+00:00
2017,392,Japan,M,Import,368,Iraq,2709,Crude Oil,1008101710.63,2704910000.0,2704910000.0,2026-05-11T15:52:42.874989,2026-05-11T15:52:53.904347+00:00
2017,392,Japan,M,Import,512,Unknown,2709,Crude Oil,597024083.8,1581370000.0,1581370000.0,2026-05-11T15:52:42.874996,2026-05-11T15:52:53.904347+00:00
2017,392,Japan,M,Import,458,Malaysia,2709,Crude Oil,269765715.91,618369000.0,618369000.0,2026-05-11T15:52:42.875003,2026-05-11T15:52:53.904347+00:00
2017,392,Japan,M,Import,862,Unknown,2709,Crude Oil,133033403.75,314303000.0,314303000.0,2026-05-11T15:52:42.875014,2026-05-11T15:52:53.904347+00:00
2017,392,Japan,M,Import,96,Unknown,2709,Crude Oil,50046851.8,119833000.0,119833000.0,2026-05-11T15:52:42.875021,2026-05-11T15:52:53.904347+00:00
2017,392,Japan,M,Import,784,UAE,2709,Crude Oil,15641447932.16,37702368800.0,37702368800.0,2026-05-11T15:52:42.875030,2026-05-11T15:52:53.904347+00:00
2017,392,Japan,M,Import,218,Ecuador,2709,Crude Oil,473143441.77,1444770000.0,1444770000.0,2026-05-11T15:52:42.875040,2026-05-11T15:52:53.904347+00:00
2017,392,Japan,M,Import,288,Ghana,2709,Crude Oil,48846902.28,134401000.0,134401000.0,2026-05-11T15:52:42.875049,2026-05-11T15:52:53.904347+00:00
2017,392,Japan,M,Import,12,Algeria,2709,Crude Oil,11508920.4,21749200.0,21749200.0,2026-05-11T15:52:42.875056,2026-05-11T15:52:53.904347+00:00
2017,392,Japan,M,Import,634,Qatar,2709,Crude Oil,4688658877.03,11541897000.0,11541897000.0,2026-05-11T15:52:42.875062,2026-05-11T15:52:53.904347+00:00
2017,392,Japan,M,Import,643,Russia,2709,Crude Oil,3711355050.77,9007100000.0,9007100000.0,2026-05-11T15:52:42.875070,2026-05-11T15:52:53.904347+00:00
2019,392,Japan,M,Import,364,Iran,2709,Crude Oil,1116100393.34,2371190000.0,2371190000.0,2026-05-11T15:52:42.875077,2026-05-11T15:52:53.904347+00:00
2019,392,Japan,M,Import,368,Iraq,2709,Crude Oil,959490321.43,2112450000.0,2112450000.0,2026-05-11T15:52:42.875083,2026-05-11T15:52:53.904347+00:00
2019,392,Japan,M,Import,398,Kazakhstan,2709,Crude Oil,528445110.41,930499000.0,930499000.0,2026-05-11T15:52:42.875093,2026-05-11T15:52:53.904347+00:00
2019,392,Japan,M,Import,414,Kuwait,2709,Crude Oil,6133432202.08,12589800000.0,12589800000.0,2026-05-11T15:52:42.875101,2026-05-11T15:52:53.904347+00:00
2019,392,Japan,M,Import,458,Malaysia,2709,Crude Oil,279426594.63,532228000.0,532228000.0,2026-05-11T15:52:42.875108,2026-05-11T15:52:53.904347+00:00
2016,392,Japan,M,Import,12,Algeria,2709,Crude Oil,49420021.0,129744672.0,129744672.0,2026-05-11T15:52:42.875115,2026-05-11T15:52:53.904347+00:00
2016,392,Japan,M,Import,44,Unknown,2709,Crude Oil,26446065.0,78062888.0,78062888.0,2026-05-11T15:52:42.875122,2026-05-11T15:52:53.904347+00:00
2016,392,Japan,M,Import,96,Unknown,2709,Crude Oil,71756401.0,229870928.0,229870928.0,2026-05-11T15:52:42.875129,2026-05-11T15:52:53.904347+00:00
2016,392,Japan,M,Import,148,Unknown,2709,Crude Oil,69587652.0,180382928.0,180382928.0,2026-05-11T15:52:42.875137,2026-05-11T15:52:53.904347+00:00
2016,392,Japan,M,Import,266,Unknown,2709,Crude Oil,28414546.0,89116200.0,89116200.0,2026-05-11T15:52:42.875144,2026-05-11T15:52:53.904347+00:00
2016,392,Japan,M,Import,368,Iraq,2709,Crude Oil,1078337235.0,3981326592.0,3981326592.0,2026-05-11T15:52:42.875151,2026-05-11T15:52:53.904347+00:00
2016,392,Japan,M,Import,364,Iran,2709,Crude Oil,3272248199.0,10935419692.0,10935419692.0,2026-05-11T15:52:42.875162,2026-05-11T15:52:53.904347+00:00
2016,392,Japan,M,Import,398,Kazakhstan,2709,Crude Oil,140485398.0,406537984.0,406537984.0,2026-05-11T15:52:42.875171,2026-05-11T15:52:53.904347+00:00
2016,392,Japan,M,Import,414,Kuwait,2709,Crude Oil,3118103430.0,11518509056.0,11518509056.0,2026-05-11T15:52:42.875178,2026-05-11T15:52:53.904347+00:00
2016,392,Japan,M,Import,512,Unknown,2709,Crude Oil,642228078.0,2096693504.0,2096693504.0,2026-05-11T15:52:42.875185,2026-05-11T15:52:53.904347+00:00
2016,392,Japan,M,Import,598,Unknown,2709,Crude Oil,3307473.0,8232717.0,8232717.0,2026-05-11T15:52:42.875192,2026-05-11T15:52:53.904347+00:00
2016,392,Japan,M,Import,634,Qatar,2709,Crude Oil,4703557869.0,14720732428.0,14720732428.0,2026-05-11T15:52:42.875200,2026-05-11T15:52:53.904347+00:00
2016,392,Japan,M,Import,729,Unknown,2709,Crude Oil,18718091.0,42971264.0,42971264.0,2026-05-11T15:52:42.875208,2026-05-11T15:52:53.904347+00:00
2016,392,Japan,M,Import,862,Unknown,2709,Crude Oil,41549354.0,112802624.0,112802624.0,2026-05-11T15:52:42.875214,2026-05-11T15:52:53.904347+00:00
2016,392,Japan,M,Import,218,Ecuador,2709,Crude Oil,208545797.0,891427840.0,891427840.0,2026-05-11T15:52:42.875222,2026-05-11T15:52:53.904347+00:00
2016,392,Japan,M,Import,682,Saudi Arabia,2709,Crude Oil,17986589963.0,59100602368.0,59100602368.0,2026-05-11T15:52:42.875229,2026-05-11T15:52:53.904347+00:00
2016,392,Japan,M,Import,170,Colombia,2709,Crude Oil,176337912.0,677662592.0,677662592.0,2026-05-11T15:52:42.875237,2026-05-11T15:52:53.904347+00:00
2016,392,Japan,M,Import,784,UAE,2709,Crude Oil,12863373959.0,39565467648.0,39565467648.0,2026-05-11T15:52:42.875246,2026-05-11T15:52:53.904347+00:00
2016,392,Japan,M,Import,643,Russia,2709,Crude Oil,3303184455.0,9988962304.0,9988962304.0,2026-05-11T15:52:42.875254,2026-05-11T15:52:53.904347+00:00
2016,392,Japan,M,Import,484,Mexico,2709,Crude Oil,1336669612.0,4645324288.0,4645324288.0,2026-05-11T15:52:42.875262,2026-05-11T15:52:53.904347+00:00
2016,392,Japan,M,Import,36,Australia,2709,Crude Oil,158286368.0,442184596.0,442184596.0,2026-05-11T15:52:42.875270,2026-05-11T15:52:53.904347+00:00
2016,392,Japan,M,Import,458,Malaysia,2709,Crude Oil,278505906.0,824814784.0,824814784.0,2026-05-11T15:52:42.875277,2026-05-11T15:52:53.904347+00:00
2016,392,Japan,M,Import,360,Indonesia,2709,Crude Oil,848673096.0,2766529280.0,2766529280.0,2026-05-11T15:52:42.875284,2026-05-11T15:52:53.904347+00:00
2016,392,Japan,M,Import,704,Vietnam,2709,Crude Oil,200495148.0,564043328.0,564043328.0,2026-05-11T15:52:42.875290,2026-05-11T15:52:53.904347+00:00
2016,392,Japan,M,Import,842,Unknown,2709,Crude Oil,142721381.0,425709280.0,425709280.0,2026-05-11T15:52:42.875297,2026-05-11T15:52:53.904347+00:00
2016,392,Japan,M,Import,0,World,2709,Crude Oil,50767543407.0,164423131785.0,164423131785.0,2026-05-11T15:52:42.875303,2026-05-11T15:52:53.904347+00:00
2017,392,Japan,X,Export,0,World,2709,Crude Oil,6063565.04,16364700.0,16364700.0,2026-05-11T15:52:42.875310,2026-05-11T15:52:53.904347+00:00
2017,392,Japan,X,Export,842,Unknown,2709,Crude Oil,6063565.04,16364700.0,16364700.0,2026-05-11T15:52:42.875321,2026-05-11T15:52:53.904347+00:00
2020,392,Japan,M,Import,842,Unknown,2709,Crude Oil,746046973.35,1980620000.0,1980620000.0,2026-05-11T15:52:42.875328,2026-05-11T15:52:53.904347+00:00
2020,392,Japan,M,Import,0,World,2709,Crude Oil,43495449526.74,123156541900.0,123156541900.0,2026-05-11T15:52:42.875335,2026-05-11T15:52:53.904347+00:00
2020,392,Japan,M,Import,414,Kuwait,2709,Crude Oil,3883155679.04,11260800000.0,11260800000.0,2026-05-11T15:52:42.875342,2026-05-11T15:52:53.904347+00:00
2020,392,Japan,M,Import,512,Unknown,2709,Crude Oil,325917598.92,736425000.0,736425000.0,2026-05-11T15:52:42.875349,2026-05-11T15:52:53.904347+00:00
2020,392,Japan,M,Import,96,Unknown,2709,Crude Oil,47984216.31,121990000.0,121990000.0,2026-05-11T15:52:42.875356,2026-05-11T15:52:53.904347+00:00
2019,392,Japan,M,Import,842,Unknown,2709,Crude Oil,1633870253.16,3103340000.0,3103340000.0,2026-05-11T15:52:42.875363,2026-05-11T15:52:53.904347+00:00
2019,392,Japan,M,Import,0,World,2709,Crude Oil,73086768742.83,146588112700.0,146588112700.0,2026-05-11T15:52:42.875369,2026-05-11T15:52:53.904347+00:00
2019,392,Japan,M,Import,704,Vietnam,2709,Crude Oil,242680627.87,445356000.0,445356000.0,2026-05-11T15:52:42.875377,2026-05-11T15:52:53.904347+00:00
2019,392,Japan,M,Import,12,Algeria,2709,Crude Oil,222952138.95,401761000.0,401761000.0,2026-05-11T15:52:42.875384,2026-05-11T15:52:53.904347+00:00
2019,392,Japan,M,Import,24,Angola,2709,Crude Oil,58612757.09,122045000.0,122045000.0,2026-05-11T15:52:42.875394,2026-05-11T15:52:53.904347+00:00
2019,392,Japan,M,Import,36,Australia,2709,Crude Oil,199824079.12,381152800.0,381152800.0,2026-05-11T15:52:42.875401,2026-05-11T15:52:53.904347+00:00
2019,392,Japan,M,Import,48,Unknown,2709,Crude Oil,728335297.88,1567380000.0,1567380000.0,2026-05-11T15:52:42.875408,2026-05-11T15:52:53.904347+00:00
2019,392,Japan,M,Import,96,Unknown,2709,Crude Oil,142076950.58,279894000.0,279894000.0,2026-05-11T15:52:42.875414,2026-05-11T15:52:53.904347+00:00
2019,392,Japan,M,Import,120,Unknown,2709,Crude Oil,26498704.88,44593400.0,44593400.0,2026-05-11T15:52:42.875420,2026-05-11T15:52:53.904347+00:00
2019,392,Japan,M,Import,124,Canada,2709,Crude Oil,17619847.28,44045500.0,44045500.0,2026-05-11T15:52:42.875426,2026-05-11T15:52:53.904347+00:00
2019,392,Japan,M,Import,170,Colombia,2709,Crude Oil,65894555.89,175187000.0,175187000.0,2026-05-11T15:52:42.875433,2026-05-11T15:52:53.904347+00:00
2019,392,Japan,M,Import,218,Ecuador,2709,Crude Oil,882574817.63,2134940000.0,2134940000.0,2026-05-11T15:52:42.875440,2026-05-11T15:52:53.904347+00:00
2019,392,Japan,M,Import,266,Unknown,2709,Crude Oil,17882959.61,35575000.0,35575000.0,2026-05-11T15:52:42.875447,2026-05-11T15:52:53.904347+00:00
2019,392,Japan,M,Import,360,Indonesia,2709,Crude Oil,128875078.54,255397000.0,255397000.0,2026-05-11T15:52:42.875453,2026-05-11T15:52:53.904347+00:00
2021,392,Japan,X,Export,0,World,2709,Crude Oil,110164.12,199916.0,199916.0,2026-05-11T15:52:42.875463,2026-05-11T15:52:53.904347+00:00
2021,392,Japan,X,Export,458,Malaysia,2709,Crude Oil,110164.12,199916.0,199916.0,2026-05-11T15:52:42.875469,2026-05-11T15:52:53.904347+00:00
2021,392,Japan,M,Import,842,Unknown,2709,Crude Oil,336038443.79,877100000.0,877100000.0,2026-05-11T15:52:42.875476,2026-05-11T15:52:53.904347+00:00
2021,392,Japan,M,Import,0,World,2709,Crude Oil,63103354048.04,122050281900.0,122050281900.0,2026-05-11T15:52:42.875482,2026-05-11T15:52:53.904347+00:00
2021,392,Japan,M,Import,826,United Kingdom,2709,Crude Oil,51296601.73,167031000.0,167031000.0,2026-05-11T15:52:42.875488,2026-05-11T15:52:53.904347+00:00
2021,392,Japan,M,Import,704,Vietnam,2709,Crude Oil,150372234.0,267738000.0,267738000.0,2026-05-11T15:52:42.875495,2026-05-11T15:52:53.904347+00:00
2021,392,Japan,M,Import,12,Algeria,2709,Crude Oil,230764227.69,400964000.0,400964000.0,2026-05-11T15:52:42.875501,2026-05-11T15:52:53.904347+00:00
2021,392,Japan,M,Import,36,Australia,2709,Crude Oil,138192879.9,232689500.0,232689500.0,2026-05-11T15:52:42.875507,2026-05-11T15:52:53.904347+00:00
2021,392,Japan,M,Import,48,Unknown,2709,Crude Oil,446988175.96,968828000.0,968828000.0,2026-05-11T15:52:42.875513,2026-05-11T15:52:53.904347+00:00
2021,392,Japan,M,Import,76,Brazil,2709,Crude Oil,77796881.91,268442000.0,268442000.0,2026-05-11T15:52:42.875522,2026-05-11T15:52:53.904347+00:00
2021,392,Japan,M,Import,96,Unknown,2709,Crude Oil,83276624.55,161360000.0,161360000.0,2026-05-11T15:52:42.875531,2026-05-11T15:52:53.904347+00:00
2021,392,Japan,M,Import,218,Ecuador,2709,Crude Oil,999571794.25,2267640000.0,2267640000.0,2026-05-11T15:52:42.875538,2026-05-11T15:52:53.904347+00:00
2021,392,Japan,M,Import,360,Indonesia,2709,Crude Oil,80784533.68,150781000.0,150781000.0,2026-05-11T15:52:42.875544,2026-05-11T15:52:53.904347+00:00
2021,392,Japan,M,Import,368,Iraq,2709,Crude Oil,179683052.36,398958000.0,398958000.0,2026-05-11T15:52:42.875550,2026-05-11T15:52:53.904347+00:00
2021,392,Japan,M,Import,398,Kazakhstan,2709,Crude Oil,74807918.12,131977000.0,131977000.0,2026-05-11T15:52:42.875556,2026-05-11T15:52:53.904347+00:00
2021,392,Japan,M,Import,414,Kuwait,2709,Crude Oil,5367514565.51,10505900000.0,10505900000.0,2026-05-11T15:52:42.875562,2026-05-11T15:52:53.904347+00:00
2021,392,Japan,M,Import,434,Unknown,2709,Crude Oil,33881221.81,54631400.0,54631400.0,2026-05-11T15:52:42.875568,2026-05-11T15:52:53.904347+00:00
2021,392,Japan,M,Import,458,Malaysia,2709,Crude Oil,206943511.47,391341000.0,391341000.0,2026-05-11T15:52:42.875574,2026-05-11T15:52:53.904347+00:00
2021,392,Japan,M,Import,484,Mexico,2709,Crude Oil,54166754.81,99108500.0,99108500.0,2026-05-11T15:52:42.875579,2026-05-11T15:52:53.904347+00:00
2021,392,Japan,M,Import,508,Unknown,2709,Crude Oil,20565066.15,25766000.0,25766000.0,2026-05-11T15:52:42.875585,2026-05-11T15:52:53.904347+00:00
2021,392,Japan,M,Import,512,Unknown,2709,Crude Oil,313527232.86,633337000.0,633337000.0,2026-05-11T15:52:42.875593,2026-05-11T15:52:53.904347+00:00
2021,392,Japan,M,Import,634,Qatar,2709,Crude Oil,4668408161.67,9214880000.0,9214880000.0,2026-05-11T15:52:42.875599,2026-05-11T15:52:53.904347+00:00
2021,392,Japan,M,Import,643,Russia,2709,Crude Oil,2348619804.92,4433010000.0,4433010000.0,2026-05-11T15:52:42.875605,2026-05-11T15:52:53.904347+00:00
2021,392,Japan,M,Import,682,Saudi Arabia,2709,Crude Oil,25224810919.81,48678800000.0,48678800000.0,2026-05-11T15:52:42.875612,2026-05-11T15:52:53.904347+00:00
2021,392,Japan,M,Import,728,Unknown,2709,Crude Oil,66643500.11,129973000.0,129973000.0,2026-05-11T15:52:42.875617,2026-05-11T15:52:53.904347+00:00
2021,392,Japan,M,Import,784,UAE,2709,Crude Oil,21948699940.96,41590026500.0,41590026500.0,2026-05-11T15:52:42.875623,2026-05-11T15:52:53.904347+00:00
2024,392,Japan,M,Import,218,Ecuador,2709,Crude Oil,907491256.37,1743501300.0,1743501300.0,2026-05-11T15:52:42.875629,2026-05-11T15:52:53.904347+00:00
2024,392,Japan,M,Import,360,Indonesia,2709,Crude Oil,113984718.46,166250800.0,166250800.0,2026-05-11T15:52:42.875634,2026-05-11T15:52:53.904347+00:00
2024,392,Japan,M,Import,0,World,2709,Crude Oil,71811869887.91,114958618700.0,114958618700.0,2026-05-11T15:52:42.875640,2026-05-11T15:52:53.904347+00:00
2024,392,Japan,M,Import,704,Vietnam,2709,Crude Oil,154279438.48,227011300.0,227011300.0,2026-05-11T15:52:42.875646,2026-05-11T15:52:53.904347+00:00
2024,392,Japan,M,Import,728,Unknown,2709,Crude Oil,9115509.38,13925400.0,13925400.0,2026-05-11T15:52:42.875653,2026-05-11T15:52:53.904347+00:00
2024,392,Japan,M,Import,414,Kuwait,2709,Crude Oil,4864837669.84,8086066000.0,8086066000.0,2026-05-11T15:52:42.875659,2026-05-11T15:52:53.904347+00:00
2024,392,Japan,M,Import,634,Qatar,2709,Crude Oil,2868361947.89,4678046000.0,4678046000.0,2026-05-11T15:52:42.882009,2026-05-11T15:52:53.904347+00:00
2024,392,Japan,M,Import,842,Unknown,2709,Crude Oil,1866573960.69,2826155100.0,2826155100.0,2026-05-11T15:52:42.882022,2026-05-11T15:52:53.904347+00:00
2024,392,Japan,M,Import,124,Canada,2709,Crude Oil,17897562.78,38984300.0,38984300.0,2026-05-11T15:52:42.882029,2026-05-11T15:52:53.904347+00:00
2024,392,Japan,M,Import,484,Mexico,2709,Crude Oil,61938202.27,107694000.0,107694000.0,2026-05-11T15:52:42.882036,2026-05-11T15:52:53.904347+00:00
2024,392,Japan,M,Import,512,Unknown,2709,Crude Oil,373214341.78,600939400.0,600939400.0,2026-05-11T15:52:42.882042,2026-05-11T15:52:53.904347+00:00
2024,392,Japan,M,Import,682,Saudi Arabia,2709,Crude Oil,28747349248.98,46433650000.0,46433650000.0,2026-05-11T15:52:42.882049,2026-05-11T15:52:53.904347+00:00
2024,392,Japan,M,Import,784,UAE,2709,Crude Oil,31447434112.36,49478700000.0,49478700000.0,2026-05-11T15:52:42.882055,2026-05-11T15:52:53.904347+00:00
2024,392,Japan,M,Import,36,Australia,2709,Crude Oil,262244065.6,367278500.0,367278500.0,2026-05-11T15:52:42.882062,2026-05-11T15:52:53.904347+00:00
2024,392,Japan,M,Import,96,Unknown,2709,Crude Oil,117147853.02,190416600.0,190416600.0,2026-05-11T15:52:42.882074,2026-05-11T15:52:53.904347+00:00
2025,392,Japan,X,Export,0,World,2709,Crude Oil,99668.61,207210.0,207210.0,2026-05-11T15:52:42.882081,2026-05-11T15:52:53.904347+00:00
2025,392,Japan,X,Export,458,Malaysia,2709,Crude Oil,99668.61,207210.0,207210.0,2026-05-11T15:52:42.882088,2026-05-11T15:52:53.904347+00:00
2022,392,Japan,M,Import,484,Mexico,2709,Crude Oil,397200066.31,558564000.0,558564000.0,2026-05-11T15:52:42.882094,2026-05-11T15:52:53.904347+00:00
2022,392,Japan,M,Import,218,Ecuador,2709,Crude Oil,1801842829.08,2776190000.0,2776190000.0,2026-05-11T15:52:42.882101,2026-05-11T15:52:53.904347+00:00
2022,392,Japan,M,Import,842,Unknown,2709,Crude Oil,1101664360.05,1308480000.0,1308480000.0,2026-05-11T15:52:42.882107,2026-05-11T15:52:53.904347+00:00
2022,392,Japan,M,Import,728,Unknown,2709,Crude Oil,49631787.5,83722300.0,83722300.0,2026-05-11T15:52:42.882113,2026-05-11T15:52:53.904347+00:00
2022,392,Japan,M,Import,24,Angola,2709,Crude Oil,121294798.29,136982000.0,136982000.0,2026-05-11T15:52:42.882119,2026-05-11T15:52:53.904347+00:00
2023,392,Japan,M,Import,842,Unknown,2709,Crude Oil,1626444676.65,2378868700.0,2378868700.0,2026-05-11T15:52:42.882126,2026-05-11T15:52:53.904347+00:00
2023,392,Japan,M,Import,0,World,2709,Crude Oil,80884609985.47,125141694800.0,125141694800.0,2026-05-11T15:52:42.882132,2026-05-11T15:52:53.904347+00:00
2023,392,Japan,M,Import,36,Australia,2709,Crude Oil,394557633.73,533570200.0,533570200.0,2026-05-11T15:52:42.882140,2026-05-11T15:52:53.904347+00:00
2023,392,Japan,M,Import,218,Ecuador,2709,Crude Oil,993609269.29,1835233300.0,1835233300.0,2026-05-11T15:52:42.882147,2026-05-11T15:52:53.904347+00:00
2023,392,Japan,M,Import,458,Malaysia,2709,Crude Oil,106590608.89,150138200.0,150138200.0,2026-05-11T15:52:42.882158,2026-05-11T15:52:53.904347+00:00
2023,392,Japan,M,Import,643,Russia,2709,Crude Oil,49273652.42,92288800.0,92288800.0,2026-05-11T15:52:42.882165,2026-05-11T15:52:53.904347+00:00
2023,392,Japan,M,Import,704,Vietnam,2709,Crude Oil,236155527.88,330105200.0,330105200.0,2026-05-11T15:52:42.882171,2026-05-11T15:52:53.904347+00:00
2023,392,Japan,M,Import,512,Unknown,2709,Crude Oil,935348951.71,1493809100.0,1493809100.0,2026-05-11T15:52:42.882178,2026-05-11T15:52:53.904347+00:00
2023,392,Japan,M,Import,682,Saudi Arabia,2709,Crude Oil,33190336995.54,51388110000.0,51388110000.0,2026-05-11T15:52:42.882185,2026-05-11T15:52:53.904347+00:00
2023,392,Japan,M,Import,728,Unknown,2709,Crude Oil,16685727.18,21302800.0,21302800.0,2026-05-11T15:52:42.882192,2026-05-11T15:52:53.904347+00:00
2023,392,Japan,M,Import,784,UAE,2709,Crude Oil,31815336042.28,48593420000.0,48593420000.0,2026-05-11T15:52:42.882198,2026-05-11T15:52:53.904347+00:00
2023,392,Japan,M,Import,360,Indonesia,2709,Crude Oil,168190158.87,249156400.0,249156400.0,2026-05-11T15:52:42.882205,2026-05-11T15:52:53.904347+00:00
2023,392,Japan,M,Import,96,Unknown,2709,Crude Oil,161762898.3,250936440.0,250936440.0,2026-05-11T15:52:42.882216,2026-05-11T15:52:53.904347+00:00
2023,392,Japan,M,Import,634,Qatar,2709,Crude Oil,3901342691.95,6162792000.0,6162792000.0,2026-05-11T15:52:42.882223,2026-05-11T15:52:53.904347+00:00
2023,392,Japan,M,Import,48,Unknown,2709,Crude Oil,84973970.35,146997960.0,146997960.0,2026-05-11T15:52:42.882230,2026-05-11T15:52:53.904347+00:00
2023,392,Japan,M,Import,170,Colombia,2709,Crude Oil,18607725.61,29377700.0,29377700.0,2026-05-11T15:52:42.882237,2026-05-11T15:52:53.904347+00:00
2023,392,Japan,M,Import,414,Kuwait,2709,Crude Oil,7185393454.81,11485588000.0,11485588000.0,2026-05-11T15:52:42.882244,2026-05-11T15:52:53.904347+00:00
2020,392,Japan,M,Import,458,Malaysia,2709,Crude Oil,180523094.6,512210000.0,512210000.0,2026-05-11T15:52:42.882250,2026-05-11T15:52:53.904347+00:00
2020,392,Japan,M,Import,368,Iraq,2709,Crude Oil,154086624.92,495064000.0,495064000.0,2026-05-11T15:52:42.882256,2026-05-11T15:52:53.904347+00:00
2020,392,Japan,M,Import,36,Australia,2709,Crude Oil,119257831.09,277905000.0,277905000.0,2026-05-11T15:52:42.882262,2026-05-11T15:52:53.904347+00:00
2020,392,Japan,M,Import,434,Unknown,2709,Crude Oil,65992478.44,177957000.0,177957000.0,2026-05-11T15:52:42.882268,2026-05-11T15:52:53.904347+00:00
2020,392,Japan,M,Import,218,Ecuador,2709,Crude Oil,636231161.4,2221200000.0,2221200000.0,2026-05-11T15:52:42.882274,2026-05-11T15:52:53.904347+00:00
2020,392,Japan,M,Import,398,Kazakhstan,2709,Crude Oil,349606173.36,798969000.0,798969000.0,2026-05-11T15:52:42.882283,2026-05-11T15:52:53.904347+00:00
2020,392,Japan,M,Import,704,Vietnam,2709,Crude Oil,156094634.48,368596000.0,368596000.0,2026-05-11T15:52:42.882290,2026-05-11T15:52:53.904347+00:00
2020,392,Japan,M,Import,484,Mexico,2709,Crude Oil,34845082.32,75015900.0,75015900.0,2026-05-11T15:52:42.882299,2026-05-11T15:52:53.904347+00:00
2020,392,Japan,M,Import,784,UAE,2709,Crude Oil,13727894690.5,38279000000.0,38279000000.0,2026-05-11T15:52:42.882306,2026-05-11T15:52:53.904347+00:00
2020,392,Japan,M,Import,31,Unknown,2709,Crude Oil,41772696.58,138706000.0,138706000.0,2026-05-11T15:52:42.882312,2026-05-11T15:52:53.904347+00:00
2020,392,Japan,M,Import,12,Algeria,2709,Crude Oil,133190015.52,297288000.0,297288000.0,2026-05-11T15:52:42.882319,2026-05-11T15:52:53.904347+00:00
2020,392,Japan,M,Import,48,Unknown,2709,Crude Oil,162569926.75,628486000.0,628486000.0,2026-05-11T15:52:42.882325,2026-05-11T15:52:53.904347+00:00
2020,392,Japan,M,Import,634,Qatar,2709,Crude Oil,3727410821.13,10097700000.0,10097700000.0,2026-05-11T15:52:42.882332,2026-05-11T15:52:53.904347+00:00
2020,392,Japan,M,Import,643,Russia,2709,Crude Oil,1801255287.48,5087910000.0,5087910000.0,2026-05-11T15:52:42.882339,2026-05-11T15:52:53.904347+00:00
2020,392,Japan,M,Import,682,Saudi Arabia,2709,Crude Oil,17201614540.55,49600700000.0,49600700000.0,2026-05-11T15:52:42.882346,2026-05-11T15:52:53.904347+00:00
2022,392,Japan,M,Import,458,Malaysia,2709,Crude Oil,165210999.47,209217000.0,209217000.0,2026-05-11T15:52:42.882355,2026-05-11T15:52:53.904347+00:00
2022,392,Japan,M,Import,48,Unknown,2709,Crude Oil,399730284.5,609141000.0,609141000.0,2026-05-11T15:52:42.882362,2026-05-11T15:52:53.904347+00:00
2022,392,Japan,X,Export,156,China,2709,Crude Oil,4915255.64,13067100.0,13067100.0,2026-05-11T15:52:42.882368,2026-05-11T15:52:53.904347+00:00
2022,392,Japan,M,Import,512,Unknown,2709,Crude Oil,1200673429.56,1588030000.0,1588030000.0,2026-05-11T15:52:42.882375,2026-05-11T15:52:53.904347+00:00
2022,392,Japan,M,Import,784,UAE,2709,Crude Oil,38193268100.08,49210400000.0,49210400000.0,2026-05-11T15:52:42.882382,2026-05-11T15:52:53.904347+00:00
2022,392,Japan,M,Import,414,Kuwait,2709,Crude Oil,8345287092.64,11178700000.0,11178700000.0,2026-05-11T15:52:42.882388,2026-05-11T15:52:53.904347+00:00
2022,392,Japan,M,Import,398,Kazakhstan,2709,Crude Oil,86027502.37,137110000.0,137110000.0,2026-05-11T15:52:42.882395,2026-05-11T15:52:53.904347+00:00
2022,392,Japan,M,Import,96,Unknown,2709,Crude Oil,80506116.51,119580000.0,119580000.0,2026-05-11T15:52:42.882402,2026-05-11T15:52:53.904347+00:00
2022,392,Japan,X,Export,0,World,2709,Crude Oil,4915255.64,13067100.0,13067100.0,2026-05-11T15:52:42.882408,2026-05-11T15:52:53.904347+00:00
2022,392,Japan,M,Import,643,Russia,2709,Crude Oil,1325109633.37,1924940000.0,1924940000.0,2026-05-11T15:52:42.882414,2026-05-11T15:52:53.904347+00:00
2022,392,Japan,M,Import,682,Saudi Arabia,2709,Crude Oil,39843567308.78,52456900000.0,52456900000.0,2026-05-11T15:52:42.882423,2026-05-11T15:52:53.904347+00:00
2018,392,Japan,M,Import,842,Unknown,2709,Crude Oil,1433511193.51,2452000000.0,2452000000.0,2026-05-11T15:52:42.882429,2026-05-11T15:52:53.904347+00:00
2018,392,Japan,M,Import,0,World,2709,Crude Oil,80577087133.56,148944430843.0,148944430843.0,2026-05-11T15:52:42.882435,2026-05-11T15:52:53.904347+00:00
2018,392,Japan,M,Import,826,United Kingdom,2709,Crude Oil,2950.54,193.0,193.0,2026-05-11T15:52:42.882441,2026-05-11T15:52:53.904347+00:00
2018,392,Japan,M,Import,704,Vietnam,2709,Crude Oil,261601992.2,460174000.0,460174000.0,2026-05-11T15:52:42.882447,2026-05-11T15:52:53.904347+00:00
2018,392,Japan,M,Import,12,Algeria,2709,Crude Oil,99975123.84,162638000.0,162638000.0,2026-05-11T15:52:42.882453,2026-05-11T15:52:53.904347+00:00
2018,392,Japan,M,Import,24,Angola,2709,Crude Oil,200567100.19,333442000.0,333442000.0,2026-05-11T15:52:42.882464,2026-05-11T15:52:53.904347+00:00
2018,392,Japan,M,Import,36,Australia,2709,Crude Oil,265532461.76,471484000.0,471484000.0,2026-05-11T15:52:42.882472,2026-05-11T15:52:53.904347+00:00
2018,392,Japan,M,Import,48,Unknown,2709,Crude Oil,561996001.47,1081090000.0,1081090000.0,2026-05-11T15:52:42.882478,2026-05-11T15:52:53.904347+00:00
2018,392,Japan,M,Import,96,Unknown,2709,Crude Oil,63621291.97,114383000.0,114383000.0,2026-05-11T15:52:42.882485,2026-05-11T15:52:53.904347+00:00
2018,392,Japan,M,Import,170,Colombia,2709,Crude Oil,69068347.11,149322000.0,149322000.0,2026-05-11T15:52:42.882493,2026-05-11T15:52:53.904347+00:00
2018,392,Japan,M,Import,218,Ecuador,2709,Crude Oil,725067085.76,1671490000.0,1671490000.0,2026-05-11T15:52:42.882500,2026-05-11T15:52:53.904347+00:00
2018,392,Japan,M,Import,360,Indonesia,2709,Crude Oil,616717502.46,1147320000.0,1147320000.0,2026-05-11T15:52:42.882507,2026-05-11T15:52:53.904347+00:00
2018,392,Japan,M,Import,364,Iran,2709,Crude Oil,3357515259.25,6565170000.0,6565170000.0,2026-05-11T15:52:42.882513,2026-05-11T15:52:53.904347+00:00
2018,392,Japan,M,Import,368,Iraq,2709,Crude Oil,1310277847.65,2724490000.0,2724490000.0,2026-05-11T15:52:42.882520,2026-05-11T15:52:53.904347+00:00
2018,392,Japan,M,Import,398,Kazakhstan,2709,Crude Oil,887313177.9,1506820000.0,1506820000.0,2026-05-11T15:52:42.882526,2026-05-11T15:52:53.904347+00:00
2018,392,Japan,M,Import,414,Kuwait,2709,Crude Oil,6032430906.03,11676300000.0,11676300000.0,2026-05-11T15:52:42.882532,2026-05-11T15:52:53.904347+00:00
2018,392,Japan,M,Import,458,Malaysia,2709,Crude Oil,329245419.53,589855000.0,589855000.0,2026-05-11T15:52:42.882538,2026-05-11T15:52:53.904347+00:00
2018,392,Japan,M,Import,484,Mexico,2709,Crude Oil,798623137.78,1814310000.0,1814310000.0,2026-05-11T15:52:42.882544,2026-05-11T15:52:53.904347+00:00
2018,392,Japan,M,Import,508,Unknown,2709,Crude Oil,8239703.14,13697100.0,13697100.0,2026-05-11T15:52:42.882550,2026-05-11T15:52:53.904347+00:00
2018,392,Japan,M,Import,512,Unknown,2709,Crude Oil,1376803989.51,2576450000.0,2576450000.0,2026-05-11T15:52:42.882558,2026-05-11T15:52:53.904347+00:00
2018,392,Japan,M,Import,634,Qatar,2709,Crude Oil,6340310258.19,11650700000.0,11650700000.0,2026-05-11T15:52:42.882567,2026-05-11T15:52:53.904347+00:00
2018,392,Japan,M,Import,643,Russia,2709,Crude Oil,3918787030.36,7033250000.0,7033250000.0,2026-05-11T15:52:42.882574,2026-05-11T15:52:53.904347+00:00
2018,392,Japan,M,Import,682,Saudi Arabia,2709,Crude Oil,31226564011.71,57405700000.0,57405700000.0,2026-05-11T15:52:42.882581,2026-05-11T15:52:53.904347+00:00
2018,392,Japan,M,Import,784,UAE,2709,Crude Oil,20648534483.76,37265100000.0,37265100000.0,2026-05-11T15:52:42.882587,2026-05-11T15:52:53.904347+00:00
2018,392,Japan,M,Import,834,Unknown,2709,Crude Oil,5322055.51,8955050.0,8955050.0,2026-05-11T15:52:42.882593,2026-05-11T15:52:53.904347+00:00
2018,392,Japan,M,Import,887,Yemen,2709,Crude Oil,39458802.46,70290500.0,70290500.0,2026-05-11T15:52:42.882599,2026-05-11T15:52:53.904347+00:00
2014,392,Japan,X,Export,410,South Korea,2709,Crude Oil,29117122.0,38546544.0,38546544.0,2026-05-11T15:52:42.882605,2026-05-11T15:52:53.904347+00:00
2015,392,Japan,M,Import,0,World,2709,Crude Oil,45005801005.0,64786156666.0,64786156666.0,2026-05-11T15:52:42.882612,2026-05-11T15:52:53.904347+00:00
2015,392,Japan,M,Import,24,Angola,2709,Crude Oil,210279100.0,512655072.0,512655072.0,2026-05-11T15:52:42.882618,2026-05-11T15:52:53.904347+00:00
2015,392,Japan,M,Import,36,Australia,2709,Crude Oil,510735604.0,1113276368.0,1113276368.0,2026-05-11T15:52:42.882626,2026-05-11T15:52:53.904347+00:00
2015,392,Japan,M,Import,44,Unknown,2709,Crude Oil,48177145.0,123890240.0,123890240.0,2026-05-11T15:52:42.882633,2026-05-11T15:52:53.904347+00:00
2015,392,Japan,M,Import,96,Unknown,2709,Crude Oil,48521655.0,122325080.0,122325080.0,2026-05-11T15:52:42.882639,2026-05-11T15:52:53.904347+00:00
2015,392,Japan,M,Import,148,Unknown,2709,Crude Oil,249309947.0,510510496.0,510510496.0,2026-05-11T15:52:42.882645,2026-05-11T15:52:53.904347+00:00
2015,392,Japan,M,Import,156,China,2709,Crude Oil,17597130.0,70725400.0,70725400.0,2026-05-11T15:52:42.882651,2026-05-11T15:52:53.904347+00:00
2015,392,Japan,M,Import,170,Colombia,2709,Crude Oil,453304333.0,1343423104.0,1343423104.0,2026-05-11T15:52:42.882657,2026-05-11T15:52:53.904347+00:00
2015,392,Japan,M,Import,218,Ecuador,2709,Crude Oil,530259064.0,1602322816.0,1602322816.0,2026-05-11T15:52:42.882663,2026-05-11T15:52:53.904347+00:00
2015,392,Japan,M,Import,266,Unknown,2709,Crude Oil,250123736.0,541537920.0,541537920.0,2026-05-11T15:52:42.882669,2026-05-11T15:52:53.904347+00:00
2015,392,Japan,M,Import,360,Indonesia,2709,Crude Oil,1560753585.0,2038873827.0,2038873827.0,2026-05-11T15:52:42.882675,2026-05-11T15:52:53.904347+00:00
2015,392,Japan,M,Import,364,Iran,2709,Crude Oil,3198796485.0,4178713729.0,4178713729.0,2026-05-11T15:52:42.882681,2026-05-11T15:52:53.904347+00:00
2015,392,Japan,M,Import,368,Iraq,2709,Crude Oil,965788929.0,1261648084.0,1261648084.0,2026-05-11T15:52:42.882689,2026-05-11T15:52:53.904347+00:00
2015,392,Japan,M,Import,398,Kazakhstan,2709,Crude Oil,266115898.0,581070016.0,581070016.0,2026-05-11T15:52:42.882695,2026-05-11T15:52:53.904347+00:00
2015,392,Japan,M,Import,414,Kuwait,2709,Crude Oil,5011355390.0,6546530754.0,6546530754.0,2026-05-11T15:52:42.882702,2026-05-11T15:52:53.904347+00:00
2015,392,Japan,M,Import,458,Malaysia,2709,Crude Oil,306237709.0,725339456.0,725339456.0,2026-05-11T15:52:42.882708,2026-05-11T15:52:53.904347+00:00
2015,392,Japan,M,Import,484,Mexico,2709,Crude Oil,764693447.0,2001965952.0,2001965952.0,2026-05-11T15:52:42.882715,2026-05-11T15:52:53.904347+00:00
2015,392,Japan,M,Import,512,Unknown,2709,Crude Oil,457999549.0,1060397760.0,1060397760.0,2026-05-11T15:52:42.882721,2026-05-11T15:52:53.904347+00:00
2015,392,Japan,M,Import,598,Unknown,2709,Crude Oil,216010142.0,472223200.0,472223200.0,2026-05-11T15:52:42.882754,2026-05-11T15:52:53.904347+00:00
2015,392,Japan,M,Import,634,Qatar,2709,Crude Oil,5518469337.0,7231523030.0,7231523030.0,2026-05-11T15:52:42.882760,2026-05-11T15:52:53.904347+00:00
2015,392,Japan,M,Import,643,Russia,2709,Crude Oil,5977976843.0,7809266396.0,7809266396.0,2026-05-11T15:52:42.882767,2026-05-11T15:52:53.904347+00:00
2015,392,Japan,M,Import,704,Vietnam,2709,Crude Oil,643435470.0,1388742144.0,1388742144.0,2026-05-11T15:52:42.882773,2026-05-11T15:52:53.904347+00:00
2015,392,Japan,M,Import,729,Unknown,2709,Crude Oil,157730547.0,363667392.0,363667392.0,2026-05-11T15:52:42.882782,2026-05-11T15:52:53.904347+00:00
2015,392,Japan,M,Import,784,UAE,2709,Crude Oil,17505995874.0,22868771310.0,22868771310.0,2026-05-11T15:52:42.882788,2026-05-11T15:52:53.904347+00:00
2015,392,Japan,M,Import,842,Unknown,2709,Crude Oil,48453766.0,113215744.0,113215744.0,2026-05-11T15:52:42.882795,2026-05-11T15:52:53.904347+00:00
2015,392,Japan,M,Import,862,Unknown,2709,Crude Oil,87680321.0,203541376.0,203541376.0,2026-05-11T15:52:42.882801,2026-05-11T15:52:53.904347+00:00
2015,392,Japan,X,Export,764,Thailand,2709,Crude Oil,1942.0,1092.0,1092.0,2026-05-11T15:52:42.882807,2026-05-11T15:52:53.904347+00:00
2015,392,Japan,X,Export,0,World,2709,Crude Oil,1942.0,1092.0,1092.0,2026-05-11T15:52:42.882814,2026-05-11T15:52:53.904347+00:00
2022,392,Japan,M,Import,0,World,2709,Crude Oil,100922291093.4,132511409200.0,132511409200.0,2026-05-11T15:52:42.882820,2026-05-11T15:52:53.904347+00:00
2022,392,Japan,M,Import,634,Qatar,2709,Crude Oil,7070963673.7,9328060000.0,9328060000.0,2026-05-11T15:52:42.882826,2026-05-11T15:52:53.904347+00:00
2022,392,Japan,M,Import,704,Vietnam,2709,Crude Oil,394001587.73,453181000.0,453181000.0,2026-05-11T15:52:42.882832,2026-05-11T15:52:53.904347+00:00
2022,392,Japan,M,Import,12,Algeria,2709,Crude Oil,53068991.87,69461400.0,69461400.0,2026-05-11T15:52:42.882838,2026-05-11T15:52:53.904347+00:00
2022,392,Japan,M,Import,360,Indonesia,2709,Crude Oil,42706929.37,51055600.0,51055600.0,2026-05-11T15:52:42.882847,2026-05-11T15:52:53.904347+00:00
2022,392,Japan,M,Import,36,Australia,2709,Crude Oil,250535602.2,311694900.0,311694900.0,2026-05-11T15:52:42.882853,2026-05-11T15:52:53.904347+00:00
2014,392,Japan,X,Export,0,World,2709,Crude Oil,29117122.0,38546544.0,38546544.0,2026-05-11T15:52:42.882859,2026-05-11T15:52:53.904347+00:00
2014,392,Japan,M,Import,24,Angola,2709,Crude Oil,396252233.0,556090112.0,556090112.0,2026-05-11T15:52:42.882866,2026-05-11T15:52:53.904347+00:00
2014,392,Japan,M,Import,96,Unknown,2709,Crude Oil,198364934.0,243880272.0,243880272.0,2026-05-11T15:52:42.882873,2026-05-11T15:52:53.904347+00:00
2014,392,Japan,M,Import,148,Unknown,2709,Crude Oil,296356542.0,407515200.0,407515200.0,2026-05-11T15:52:42.882880,2026-05-11T15:52:53.904347+00:00
2014,392,Japan,M,Import,266,Unknown,2709,Crude Oil,1426568940.0,1705857024.0,1705857024.0,2026-05-11T15:52:42.882887,2026-05-11T15:52:53.904347+00:00
2014,392,Japan,M,Import,364,Iran,2709,Crude Oil,6129078174.0,7960488448.0,7960488448.0,2026-05-11T15:52:42.882893,2026-05-11T15:52:53.904347+00:00
2014,392,Japan,M,Import,368,Iraq,2709,Crude Oil,1502090508.0,2090955520.0,2090955520.0,2026-05-11T15:52:42.882899,2026-05-11T15:52:53.904347+00:00
2014,392,Japan,M,Import,398,Kazakhstan,2709,Crude Oil,113043322.0,139478112.0,139478112.0,2026-05-11T15:52:42.882905,2026-05-11T15:52:53.904347+00:00
2014,392,Japan,M,Import,414,Kuwait,2709,Crude Oil,9434388603.0,12793632768.0,12793632768.0,2026-05-11T15:52:42.882917,2026-05-11T15:52:53.904347+00:00
2014,392,Japan,M,Import,434,Unknown,2709,Crude Oil,32161014.0,41864064.0,41864064.0,2026-05-11T15:52:42.882923,2026-05-11T15:52:53.904347+00:00
2014,392,Japan,M,Import,512,Unknown,2709,Crude Oil,1784354077.0,2328841728.0,2328841728.0,2026-05-11T15:52:42.882930,2026-05-11T15:52:53.904347+00:00
2014,392,Japan,M,Import,566,Nigeria,2709,Crude Oil,163524675.0,177287468.0,177287468.0,2026-05-11T15:52:42.882939,2026-05-11T15:52:53.904347+00:00
2014,392,Japan,M,Import,634,Qatar,2709,Crude Oil,14479133157.0,18001593920.0,18001593920.0,2026-05-11T15:52:42.882946,2026-05-11T15:52:53.904347+00:00
2014,392,Japan,M,Import,729,Unknown,2709,Crude Oil,113715907.0,137273920.0,137273920.0,2026-05-11T15:52:42.882951,2026-05-11T15:52:53.904347+00:00
2014,392,Japan,M,Import,862,Unknown,2709,Crude Oil,292018461.0,375285664.0,375285664.0,2026-05-11T15:52:42.882958,2026-05-11T15:52:53.904347+00:00
2014,392,Japan,M,Import,899,Unknown,2709,Crude Oil,135306.0,181881.0,181881.0,2026-05-11T15:52:42.882964,2026-05-11T15:52:53.904347+00:00
2014,392,Japan,M,Import,887,Yemen,2709,Crude Oil,36816381.0,45685100.0,45685100.0,2026-05-11T15:52:42.882970,2026-05-11T15:52:53.904347+00:00
2014,392,Japan,M,Import,218,Ecuador,2709,Crude Oil,977021484.0,1568638592.0,1568638592.0,2026-05-11T15:52:42.882976,2026-05-11T15:52:53.904347+00:00
2014,392,Japan,M,Import,682,Saudi Arabia,2709,Crude Oil,43487188460.0,56661409792.0,56661409792.0,2026-05-11T15:52:42.882986,2026-05-11T15:52:53.904347+00:00
2014,392,Japan,M,Import,170,Colombia,2709,Crude Oil,339848525.0,554479744.0,554479744.0,2026-05-11T15:52:42.882991,2026-05-11T15:52:53.904347+00:00
2014,392,Japan,M,Import,784,UAE,2709,Crude Oil,31784340021.0,40178553468.0,40178553468.0,2026-05-11T15:52:42.882997,2026-05-11T15:52:53.904347+00:00
2014,392,Japan,M,Import,643,Russia,2709,Crude Oil,10453898717.0,13468225536.0,13468225536.0,2026-05-11T15:52:42.883002,2026-05-11T15:52:53.904347+00:00
2014,392,Japan,M,Import,579,Unknown,2709,Crude Oil,42668993.0,50057408.0,50057408.0,2026-05-11T15:52:42.883007,2026-05-11T15:52:53.904347+00:00
2014,392,Japan,M,Import,76,Brazil,2709,Crude Oil,2467.0,33.0,33.0,2026-05-11T15:52:42.883012,2026-05-11T15:52:53.904347+00:00
2014,392,Japan,M,Import,484,Mexico,2709,Crude Oil,215169003.0,281032768.0,281032768.0,2026-05-11T15:52:42.883017,2026-05-11T15:52:53.904347+00:00
2014,392,Japan,M,Import,36,Australia,2709,Crude Oil,1031068934.0,1259872896.0,1259872896.0,2026-05-11T15:52:42.883022,2026-05-11T15:52:53.904347+00:00
2014,392,Japan,M,Import,458,Malaysia,2709,Crude Oil,662526006.0,804581312.0,804581312.0,2026-05-11T15:52:42.883027,2026-05-11T15:52:53.904347+00:00
2014,392,Japan,M,Import,704,Vietnam,2709,Crude Oil,1673118899.0,1978919552.0,1978919552.0,2026-05-11T15:52:42.883032,2026-05-11T15:52:53.904347+00:00
2014,392,Japan,M,Import,360,Indonesia,2709,Crude Oil,3560370368.0,4527223808.0,4527223808.0,2026-05-11T15:52:42.883040,2026-05-11T15:52:53.904347+00:00
2014,392,Japan,M,Import,842,Unknown,2709,Crude Oil,32274349.0,36419420.0,36419420.0,2026-05-11T15:52:42.883047,2026-05-11T15:52:53.904347+00:00
2014,392,Japan,M,Import,0,World,2709,Crude Oil,130657498463.0,168375325530.0,168375325530.0,2026-05-11T15:52:42.883052,2026-05-11T15:52:53.904347+00:00
2025,392,Japan,M,Import,0,World,2709,Crude Oil,61715769764.03,115301583900.0,115301583900.0,2026-05-11T15:52:42.883057,2026-05-11T15:52:53.904347+00:00
2025,392,Japan,M,Import,36,Australia,2709,Crude Oil,170058637.53,290593000.0,290593000.0,2026-05-11T15:52:42.883063,2026-05-11T15:52:53.904347+00:00
2025,392,Japan,M,Import,96,Unknown,2709,Crude Oil,105522855.2,205346000.0,205346000.0,2026-05-11T15:52:42.883068,2026-05-11T15:52:53.904347+00:00
2025,392,Japan,M,Import,124,Canada,2709,Crude Oil,40137493.7,80473000.0,80473000.0,2026-05-11T15:52:42.883073,2026-05-11T15:52:53.904347+00:00
2025,392,Japan,M,Import,170,Colombia,2709,Crude Oil,52960495.4,113960000.0,113960000.0,2026-05-11T15:52:42.883078,2026-05-11T15:52:53.904347+00:00
2025,392,Japan,M,Import,218,Ecuador,2709,Crude Oil,663364240.67,1467100000.0,1467100000.0,2026-05-11T15:52:42.883083,2026-05-11T15:52:53.904347+00:00
2025,392,Japan,M,Import,360,Indonesia,2709,Crude Oil,10714045.43,19342000.0,19342000.0,2026-05-11T15:52:42.883088,2026-05-11T15:52:53.904347+00:00
2025,392,Japan,M,Import,414,Kuwait,2709,Crude Oil,3741077063.06,7403210000.0,7403210000.0,2026-05-11T15:52:42.883095,2026-05-11T15:52:53.904347+00:00
2025,392,Japan,M,Import,458,Malaysia,2709,Crude Oil,46193017.81,84084200.0,84084200.0,2026-05-11T15:52:42.883100,2026-05-11T15:52:53.904347+00:00
2025,392,Japan,M,Import,512,Unknown,2709,Crude Oil,645244818.01,1160850000.0,1160850000.0,2026-05-11T15:52:42.883106,2026-05-11T15:52:53.904347+00:00
2025,392,Japan,M,Import,634,Qatar,2709,Crude Oil,2576609948.14,4859870000.0,4859870000.0,2026-05-11T15:52:42.883112,2026-05-11T15:52:53.904347+00:00
2025,392,Japan,M,Import,643,Russia,2709,Crude Oil,32588467.17,75001500.0,75001500.0,2026-05-11T15:52:42.883117,2026-05-11T15:52:53.904347+00:00
2025,392,Japan,M,Import,682,Saudi Arabia,2709,Crude Oil,24425720338.98,45782900000.0,45782900000.0,2026-05-11T15:52:42.883122,2026-05-11T15:52:53.904347+00:00
2025,392,Japan,M,Import,704,Vietnam,2709,Crude Oil,39157929.0,74516200.0,74516200.0,2026-05-11T15:52:42.883127,2026-05-11T15:52:53.904347+00:00
2025,392,Japan,M,Import,728,Unknown,2709,Crude Oil,147899579.37,285438000.0,285438000.0,2026-05-11T15:52:42.883133,2026-05-11T15:52:53.904347+00:00
2025,392,Japan,M,Import,784,UAE,2709,Crude Oil,26673150149.16,49128500000.0,49128500000.0,2026-05-11T15:52:42.883138,2026-05-11T15:52:53.904347+00:00
2025,392,Japan,M,Import,842,Unknown,2709,Crude Oil,2345370685.41,4270400000.0,4270400000.0,2026-05-11T15:52:42.883142,2026-05-11T15:52:53.904347+00:00
2019,392,Japan,M,Import,484,Mexico,2709,Crude Oil,125371565.42,293689000.0,293689000.0,2026-05-11T15:52:42.883150,2026-05-11T15:52:53.904347+00:00
2019,392,Japan,M,Import,512,Unknown,2709,Crude Oil,1343695253.9,2730070000.0,2730070000.0,2026-05-11T15:52:42.883155,2026-05-11T15:52:53.904347+00:00
2019,392,Japan,M,Import,634,Qatar,2709,Crude Oil,6328860635.65,12646100000.0,12646100000.0,2026-05-11T15:52:42.883160,2026-05-11T15:52:53.904347+00:00
2019,392,Japan,M,Import,643,Russia,2709,Crude Oil,3995232679.63,7891520000.0,7891520000.0,2026-05-11T15:52:42.883165,2026-05-11T15:52:53.904347+00:00
2019,392,Japan,M,Import,682,Saudi Arabia,2709,Crude Oil,26055137632.67,52605000000.0,52605000000.0,2026-05-11T15:52:42.883170,2026-05-11T15:52:53.904347+00:00
2019,392,Japan,M,Import,784,UAE,2709,Crude Oil,21853878285.19,42894900000.0,42894900000.0,2026-05-11T15:52:42.883175,2026-05-11T15:52:53.904347+00:00
2014,392,Japan,X,Export,51,Unknown,3004,Medicines & Pharmaceuticals,7413.0,143.0,143.0,2026-05-11T15:52:45.355291,2026-05-11T15:52:53.904347+00:00
2014,392,Japan,X,Export,196,Cyprus,3004,Medicines & Pharmaceuticals,344377.0,731.0,731.0,2026-05-11T15:52:45.355306,2026-05-11T15:52:53.904347+00:00
2014,392,Japan,X,Export,262,Unknown,3004,Medicines & Pharmaceuticals,12465.0,143.0,143.0,2026-05-11T15:52:45.355310,2026-05-11T15:52:53.904347+00:00
2014,392,Japan,X,Export,268,Unknown,3004,Medicines & Pharmaceuticals,32720.0,104.0,104.0,2026-05-11T15:52:45.355314,2026-05-11T15:52:53.904347+00:00
2014,392,Japan,X,Export,688,Unknown,3004,Medicines & Pharmaceuticals,211240.0,140.0,140.0,2026-05-11T15:52:45.355318,2026-05-11T15:52:53.904347+00:00
2014,392,Japan,X,Export,729,Unknown,3004,Medicines & Pharmaceuticals,647601.0,2482.0,2482.0,2026-05-11T15:52:45.355322,2026-05-11T15:52:53.904347+00:00
2014,392,Japan,X,Export,860,Unknown,3004,Medicines & Pharmaceuticals,1475148.0,10140.0,10140.0,2026-05-11T15:52:45.355326,2026-05-11T15:52:53.904347+00:00
2014,392,Japan,X,Export,31,Unknown,3004,Medicines & Pharmaceuticals,25685.0,85.0,85.0,2026-05-11T15:52:45.355329,2026-05-11T15:52:53.904347+00:00
2014,392,Japan,X,Export,442,Unknown,3004,Medicines & Pharmaceuticals,12833.0,318.0,318.0,2026-05-11T15:52:45.355332,2026-05-11T15:52:53.904347+00:00
2014,392,Japan,X,Export,580,Unknown,3004,Medicines & Pharmaceuticals,3447.0,128.0,128.0,2026-05-11T15:52:45.355336,2026-05-11T15:52:53.904347+00:00
2014,392,Japan,X,Export,480,Unknown,3004,Medicines & Pharmaceuticals,33825.0,1440.0,1440.0,2026-05-11T15:52:45.355340,2026-05-11T15:52:53.904347+00:00
2014,392,Japan,X,Export,214,Unknown,3004,Medicines & Pharmaceuticals,139492.0,1054.0,1054.0,2026-05-11T15:52:45.355343,2026-05-11T15:52:53.904347+00:00
2014,392,Japan,X,Export,887,Yemen,3004,Medicines & Pharmaceuticals,879294.0,6969.0,6969.0,2026-05-11T15:52:45.355347,2026-05-11T15:52:53.904347+00:00
2014,392,Japan,X,Export,320,Unknown,3004,Medicines & Pharmaceuticals,138500.0,844.0,844.0,2026-05-11T15:52:45.355351,2026-05-11T15:52:53.904347+00:00
2014,392,Japan,X,Export,222,Unknown,3004,Medicines & Pharmaceuticals,14231.0,93.0,93.0,2026-05-11T15:52:45.355359,2026-05-11T15:52:53.904347+00:00
2014,392,Japan,X,Export,428,Unknown,3004,Medicines & Pharmaceuticals,124383.0,440.0,440.0,2026-05-11T15:52:45.355363,2026-05-11T15:52:53.904347+00:00
2014,392,Japan,X,Export,858,Unknown,3004,Medicines & Pharmaceuticals,2428031.0,8054.0,8054.0,2026-05-11T15:52:45.355366,2026-05-11T15:52:53.904347+00:00
2014,392,Japan,X,Export,96,Unknown,3004,Medicines & Pharmaceuticals,3503.0,79.0,79.0,2026-05-11T15:52:45.355370,2026-05-11T15:52:53.904347+00:00
2014,392,Japan,X,Export,368,Iraq,3004,Medicines & Pharmaceuticals,353064.0,532.0,532.0,2026-05-11T15:52:45.355374,2026-05-11T15:52:53.904347+00:00
2014,392,Japan,X,Export,512,Unknown,3004,Medicines & Pharmaceuticals,69189.0,2529.0,2529.0,2026-05-11T15:52:45.355377,2026-05-11T15:52:53.904347+00:00
2014,392,Japan,X,Export,496,Unknown,3004,Medicines & Pharmaceuticals,477787.0,14327.0,14327.0,2026-05-11T15:52:45.355381,2026-05-11T15:52:53.904347+00:00
2014,392,Japan,X,Export,48,Unknown,3004,Medicines & Pharmaceuticals,127320.0,1843.0,1843.0,2026-05-11T15:52:45.355384,2026-05-11T15:52:53.904347+00:00
2014,392,Japan,X,Export,400,Jordan,3004,Medicines & Pharmaceuticals,6416821.0,20236.0,20236.0,2026-05-11T15:52:45.355388,2026-05-11T15:52:53.904347+00:00
2014,392,Japan,X,Export,300,Greece,3004,Medicines & Pharmaceuticals,138198.0,264.0,264.0,2026-05-11T15:52:45.355391,2026-05-11T15:52:53.904347+00:00
2014,392,Japan,X,Export,591,Unknown,3004,Medicines & Pharmaceuticals,8489.0,129.0,129.0,2026-05-11T15:52:45.355397,2026-05-11T15:52:53.904347+00:00
2014,392,Japan,X,Export,188,Unknown,3004,Medicines & Pharmaceuticals,14372.0,279.0,279.0,2026-05-11T15:52:45.355401,2026-05-11T15:52:53.904347+00:00
2014,392,Japan,X,Export,862,Unknown,3004,Medicines & Pharmaceuticals,4588325.0,67418.0,67418.0,2026-05-11T15:52:45.355404,2026-05-11T15:52:53.904347+00:00
2014,392,Japan,X,Export,372,Ireland,3004,Medicines & Pharmaceuticals,110838298.0,234142.0,234142.0,2026-05-11T15:52:45.355408,2026-05-11T15:52:53.904347+00:00
2014,392,Japan,X,Export,604,Peru,3004,Medicines & Pharmaceuticals,19047.0,122.0,122.0,2026-05-11T15:52:45.355411,2026-05-11T15:52:53.904347+00:00
2014,392,Japan,X,Export,422,Lebanon,3004,Medicines & Pharmaceuticals,17583.0,644.0,644.0,2026-05-11T15:52:45.355415,2026-05-11T15:52:53.904347+00:00
2014,392,Japan,X,Export,804,Ukraine,3004,Medicines & Pharmaceuticals,1379622.0,8274.0,8274.0,2026-05-11T15:52:45.355418,2026-05-11T15:52:53.904347+00:00
2014,392,Japan,X,Export,218,Ecuador,3004,Medicines & Pharmaceuticals,24854.0,198.0,198.0,2026-05-11T15:52:45.355422,2026-05-11T15:52:53.904347+00:00
2014,392,Japan,X,Export,316,Unknown,3004,Medicines & Pharmaceuticals,2748.0,51.0,51.0,2026-05-11T15:52:45.355425,2026-05-11T15:52:53.904347+00:00
2014,392,Japan,X,Export,446,Unknown,3004,Medicines & Pharmaceuticals,1245012.0,31529.0,31529.0,2026-05-11T15:52:45.355429,2026-05-11T15:52:53.904347+00:00
2014,392,Japan,X,Export,620,Portugal,3004,Medicines & Pharmaceuticals,735817.0,486.0,486.0,2026-05-11T15:52:45.355435,2026-05-11T15:52:53.904347+00:00
2014,392,Japan,X,Export,634,Qatar,3004,Medicines & Pharmaceuticals,421658.0,2726.0,2726.0,2026-05-11T15:52:45.355438,2026-05-11T15:52:53.904347+00:00
2014,392,Japan,X,Export,170,Colombia,3004,Medicines & Pharmaceuticals,9821.0,78.0,78.0,2026-05-11T15:52:45.355442,2026-05-11T15:52:53.904347+00:00
2014,392,Japan,X,Export,246,Finland,3004,Medicines & Pharmaceuticals,6897715.0,8649.0,8649.0,2026-05-11T15:52:45.355446,2026-05-11T15:52:53.904347+00:00
2014,392,Japan,X,Export,208,Denmark,3004,Medicines & Pharmaceuticals,23073508.0,3453.0,3453.0,2026-05-11T15:52:45.355449,2026-05-11T15:52:53.904347+00:00
2014,392,Japan,X,Export,348,Unknown,3004,Medicines & Pharmaceuticals,17649.0,33.0,33.0,2026-05-11T15:52:45.355452,2026-05-11T15:52:53.904347+00:00
2014,392,Japan,X,Export,152,Chile,3004,Medicines & Pharmaceuticals,824723.0,3813.0,3813.0,2026-05-11T15:52:45.355456,2026-05-11T15:52:53.904347+00:00
2014,392,Japan,X,Export,414,Kuwait,3004,Medicines & Pharmaceuticals,432782.0,3029.0,3029.0,2026-05-11T15:52:45.355460,2026-05-11T15:52:53.904347+00:00
2014,392,Japan,X,Export,40,Austria,3004,Medicines & Pharmaceuticals,172996.0,396.0,396.0,2026-05-11T15:52:45.355463,2026-05-11T15:52:53.904347+00:00
2014,392,Japan,X,Export,32,Argentina,3004,Medicines & Pharmaceuticals,379089.0,418.0,418.0,2026-05-11T15:52:45.355467,2026-05-11T15:52:53.904347+00:00
2014,392,Japan,X,Export,376,Israel,3004,Medicines & Pharmaceuticals,285452.0,634.0,634.0,2026-05-11T15:52:45.355473,2026-05-11T15:52:53.904347+00:00
2014,392,Japan,X,Export,818,Egypt,3004,Medicines & Pharmaceuticals,200286.0,242.0,242.0,2026-05-11T15:52:45.355476,2026-05-11T15:52:53.904347+00:00
2014,392,Japan,X,Export,752,Sweden,3004,Medicines & Pharmaceuticals,281581.0,356.0,356.0,2026-05-11T15:52:45.355480,2026-05-11T15:52:53.904347+00:00
2014,392,Japan,X,Export,203,Czech Republic,3004,Medicines & Pharmaceuticals,974650.0,1271.0,1271.0,2026-05-11T15:52:45.355483,2026-05-11T15:52:53.904347+00:00
2014,392,Japan,X,Export,144,Sri Lanka,3004,Medicines & Pharmaceuticals,68065.0,2723.0,2723.0,2026-05-11T15:52:45.355486,2026-05-11T15:52:53.904347+00:00
2014,392,Japan,X,Export,104,Unknown,3004,Medicines & Pharmaceuticals,40123.0,357.0,357.0,2026-05-11T15:52:45.355491,2026-05-11T15:52:53.904347+00:00
2014,392,Japan,X,Export,586,Pakistan,3004,Medicines & Pharmaceuticals,993243.0,4425.0,4425.0,2026-05-11T15:52:45.355494,2026-05-11T15:52:53.904347+00:00
2014,392,Japan,X,Export,710,South Africa,3004,Medicines & Pharmaceuticals,256274.0,423.0,423.0,2026-05-11T15:52:45.355498,2026-05-11T15:52:53.904347+00:00
2014,392,Japan,X,Export,757,Unknown,3004,Medicines & Pharmaceuticals,20248549.0,36725.0,36725.0,2026-05-11T15:52:45.355501,2026-05-11T15:52:53.904347+00:00
2014,392,Japan,X,Export,554,New Zealand,3004,Medicines & Pharmaceuticals,791890.0,391470.0,391470.0,2026-05-11T15:52:45.355505,2026-05-11T15:52:53.904347+00:00
2014,392,Japan,X,Export,682,Saudi Arabia,3004,Medicines & Pharmaceuticals,5662873.0,29622.0,29622.0,2026-05-11T15:52:45.355512,2026-05-11T15:52:53.904347+00:00
2014,392,Japan,X,Export,792,Turkey,3004,Medicines & Pharmaceuticals,2572292.0,3978.0,3978.0,2026-05-11T15:52:45.355515,2026-05-11T15:52:53.904347+00:00
2014,392,Japan,X,Export,418,Unknown,3004,Medicines & Pharmaceuticals,8905.0,23.0,23.0,2026-05-11T15:52:45.355519,2026-05-11T15:52:53.904347+00:00
2014,392,Japan,X,Export,616,Poland,3004,Medicines & Pharmaceuticals,2077.0,23.0,23.0,2026-05-11T15:52:45.355522,2026-05-11T15:52:53.904347+00:00
2014,392,Japan,X,Export,724,Spain,3004,Medicines & Pharmaceuticals,9962894.0,32219.0,32219.0,2026-05-11T15:52:45.355525,2026-05-11T15:52:53.904347+00:00
2014,392,Japan,X,Export,643,Russia,3004,Medicines & Pharmaceuticals,2111172.0,5879.0,5879.0,2026-05-11T15:52:45.355529,2026-05-11T15:52:53.904347+00:00
2014,392,Japan,X,Export,56,Belgium,3004,Medicines & Pharmaceuticals,8395686.0,13386.0,13386.0,2026-05-11T15:52:45.355532,2026-05-11T15:52:53.904347+00:00
2014,392,Japan,X,Export,784,UAE,3004,Medicines & Pharmaceuticals,1481644.0,10075.0,10075.0,2026-05-11T15:52:45.355535,2026-05-11T15:52:53.904347+00:00
2014,392,Japan,X,Export,484,Mexico,3004,Medicines & Pharmaceuticals,13407030.0,9500.0,9500.0,2026-05-11T15:52:45.355539,2026-05-11T15:52:53.904347+00:00
2014,392,Japan,X,Export,76,Brazil,3004,Medicines & Pharmaceuticals,6024634.0,24297.0,24297.0,2026-05-11T15:52:45.355542,2026-05-11T15:52:53.904347+00:00
2014,392,Japan,X,Export,124,Canada,3004,Medicines & Pharmaceuticals,1164218.0,17669.0,17669.0,2026-05-11T15:52:45.355547,2026-05-11T15:52:53.904347+00:00
2014,392,Japan,X,Export,528,Netherlands,3004,Medicines & Pharmaceuticals,81122745.0,80792.0,80792.0,2026-05-11T15:52:45.355552,2026-05-11T15:52:53.904347+00:00
2014,392,Japan,X,Export,156,China,3004,Medicines & Pharmaceuticals,396189214.0,2256618.0,2256618.0,2026-05-11T15:52:45.355556,2026-05-11T15:52:53.904347+00:00
2014,392,Japan,X,Export,0,World,3004,Medicines & Pharmaceuticals,1868837727.0,21129075.0,21129075.0,2026-05-11T15:52:45.355559,2026-05-11T15:52:53.904347+00:00
2014,392,Japan,M,Import,100,Bulgaria,3004,Medicines & Pharmaceuticals,6608.0,2.0,2.0,2026-05-11T15:52:45.355562,2026-05-11T15:52:53.904347+00:00
2014,392,Japan,M,Import,604,Peru,3004,Medicines & Pharmaceuticals,2184.0,4.0,4.0,2026-05-11T15:52:45.355565,2026-05-11T15:52:53.904347+00:00
2014,392,Japan,M,Import,710,South Africa,3004,Medicines & Pharmaceuticals,4122.0,3.0,3.0,2026-05-11T15:52:45.355568,2026-05-11T15:52:53.904347+00:00
2014,392,Japan,M,Import,214,Unknown,3004,Medicines & Pharmaceuticals,58407.0,2810.0,2810.0,2026-05-11T15:52:45.355572,2026-05-11T15:52:53.904347+00:00
2014,392,Japan,M,Import,352,Unknown,3004,Medicines & Pharmaceuticals,1513434.0,3724.0,3724.0,2026-05-11T15:52:45.355575,2026-05-11T15:52:53.904347+00:00
2014,392,Japan,M,Import,768,Unknown,3004,Medicines & Pharmaceuticals,71482.0,30.0,30.0,2026-05-11T15:52:45.355578,2026-05-11T15:52:53.904347+00:00
2014,392,Japan,M,Import,116,Cambodia,3004,Medicines & Pharmaceuticals,2411.0,32.0,32.0,2026-05-11T15:52:45.355583,2026-05-11T15:52:53.904347+00:00
2014,392,Japan,M,Import,440,Unknown,3004,Medicines & Pharmaceuticals,1194617.0,25.0,25.0,2026-05-11T15:52:45.355586,2026-05-11T15:52:53.904347+00:00
2014,392,Japan,M,Import,300,Greece,3004,Medicines & Pharmaceuticals,2456329.0,11286.0,11286.0,2026-05-11T15:52:45.355590,2026-05-11T15:52:53.904347+00:00
2014,392,Japan,M,Import,705,Unknown,3004,Medicines & Pharmaceuticals,10179793.0,22279.0,22279.0,2026-05-11T15:52:45.355594,2026-05-11T15:52:53.904347+00:00
2014,392,Japan,M,Import,642,Romania,3004,Medicines & Pharmaceuticals,9920867.0,26468.0,26468.0,2026-05-11T15:52:45.355598,2026-05-11T15:52:53.904347+00:00
2014,392,Japan,M,Import,32,Argentina,3004,Medicines & Pharmaceuticals,205899.0,1438.0,1438.0,2026-05-11T15:52:45.355601,2026-05-11T15:52:53.904347+00:00
2014,392,Japan,M,Import,372,Ireland,3004,Medicines & Pharmaceuticals,213065157.0,311165.0,311165.0,2026-05-11T15:52:45.355605,2026-05-11T15:52:53.904347+00:00
2014,392,Japan,M,Import,620,Portugal,3004,Medicines & Pharmaceuticals,22633.0,59.0,59.0,2026-05-11T15:52:45.355608,2026-05-11T15:52:53.904347+00:00
2014,392,Japan,M,Import,579,Unknown,3004,Medicines & Pharmaceuticals,61611444.0,172635.0,172635.0,2026-05-11T15:52:45.355612,2026-05-11T15:52:53.904347+00:00
2014,392,Japan,M,Import,348,Unknown,3004,Medicines & Pharmaceuticals,5124.0,25.0,25.0,2026-05-11T15:52:45.355615,2026-05-11T15:52:53.904347+00:00
2014,392,Japan,M,Import,376,Israel,3004,Medicines & Pharmaceuticals,3463161.0,3191.0,3191.0,2026-05-11T15:52:45.355621,2026-05-11T15:52:53.904347+00:00
2014,392,Japan,M,Import,554,New Zealand,3004,Medicines & Pharmaceuticals,2731478.0,15111.0,15111.0,2026-05-11T15:52:45.355624,2026-05-11T15:52:53.904347+00:00
2014,392,Japan,M,Import,203,Czech Republic,3004,Medicines & Pharmaceuticals,11520550.0,360889.0,360889.0,2026-05-11T15:52:45.355628,2026-05-11T15:52:53.904347+00:00
2014,392,Japan,M,Import,616,Poland,3004,Medicines & Pharmaceuticals,2791464.0,14444.0,14444.0,2026-05-11T15:52:45.355631,2026-05-11T15:52:53.904347+00:00
2014,392,Japan,M,Import,344,Unknown,3004,Medicines & Pharmaceuticals,14068.0,25.0,25.0,2026-05-11T15:52:45.355635,2026-05-11T15:52:53.904347+00:00
2014,392,Japan,M,Import,246,Finland,3004,Medicines & Pharmaceuticals,79902107.0,103720.0,103720.0,2026-05-11T15:52:45.355638,2026-05-11T15:52:53.904347+00:00
2014,392,Japan,M,Import,792,Turkey,3004,Medicines & Pharmaceuticals,5415421.0,98645.0,98645.0,2026-05-11T15:52:45.355641,2026-05-11T15:52:53.904347+00:00
2014,392,Japan,M,Import,76,Brazil,3004,Medicines & Pharmaceuticals,1695528.0,6003.0,6003.0,2026-05-11T15:52:45.355644,2026-05-11T15:52:53.904347+00:00
2014,392,Japan,M,Import,208,Denmark,3004,Medicines & Pharmaceuticals,372211193.0,401624.0,401624.0,2026-05-11T15:52:45.355648,2026-05-11T15:52:53.904347+00:00
2014,392,Japan,M,Import,702,Unknown,3004,Medicines & Pharmaceuticals,1054948858.0,10439605.0,10439605.0,2026-05-11T15:52:45.355665,2026-05-11T15:52:53.904347+00:00
2014,392,Japan,M,Import,484,Mexico,3004,Medicines & Pharmaceuticals,3485132.0,240760.0,240760.0,2026-05-11T15:52:45.355672,2026-05-11T15:52:53.904347+00:00
2014,392,Japan,M,Import,40,Austria,3004,Medicines & Pharmaceuticals,62754518.0,169138.0,169138.0,2026-05-11T15:52:45.355675,2026-05-11T15:52:53.904347+00:00
2014,392,Japan,M,Import,752,Sweden,3004,Medicines & Pharmaceuticals,360792104.0,675838.0,675838.0,2026-05-11T15:52:45.355678,2026-05-11T15:52:53.904347+00:00
2014,392,Japan,M,Import,608,Philippines,3004,Medicines & Pharmaceuticals,372696.0,137281.0,137281.0,2026-05-11T15:52:45.355682,2026-05-11T15:52:53.904347+00:00
2014,392,Japan,M,Import,56,Belgium,3004,Medicines & Pharmaceuticals,579060667.0,871604.0,871604.0,2026-05-11T15:52:45.355685,2026-05-11T15:52:53.904347+00:00
2014,392,Japan,M,Import,757,Unknown,3004,Medicines & Pharmaceuticals,743024499.0,400702.0,400702.0,2026-05-11T15:52:45.355688,2026-05-11T15:52:53.904347+00:00
2014,392,Japan,M,Import,458,Malaysia,3004,Medicines & Pharmaceuticals,620504.0,152482.0,152482.0,2026-05-11T15:52:45.355691,2026-05-11T15:52:53.904347+00:00
2014,392,Japan,M,Import,528,Netherlands,3004,Medicines & Pharmaceuticals,161834168.0,215915.0,215915.0,2026-05-11T15:52:45.355695,2026-05-11T15:52:53.904347+00:00
2014,392,Japan,M,Import,724,Spain,3004,Medicines & Pharmaceuticals,508338328.0,559052.0,559052.0,2026-05-11T15:52:45.355698,2026-05-11T15:52:53.904347+00:00
2014,392,Japan,M,Import,764,Thailand,3004,Medicines & Pharmaceuticals,23016567.0,4487743.0,4487743.0,2026-05-11T15:52:45.355701,2026-05-11T15:52:53.904347+00:00
2014,392,Japan,M,Import,826,United Kingdom,3004,Medicines & Pharmaceuticals,730847019.0,749438.0,749438.0,2026-05-11T15:52:45.355707,2026-05-11T15:52:53.904347+00:00
2014,392,Japan,M,Import,699,Unknown,3004,Medicines & Pharmaceuticals,39769433.0,249580.0,249580.0,2026-05-11T15:52:45.355712,2026-05-11T15:52:53.904347+00:00
2014,392,Japan,M,Import,704,Vietnam,3004,Medicines & Pharmaceuticals,5443736.0,327119.0,327119.0,2026-05-11T15:52:45.355716,2026-05-11T15:52:53.904347+00:00
2014,392,Japan,M,Import,360,Indonesia,3004,Medicines & Pharmaceuticals,42414189.0,429602.0,429602.0,2026-05-11T15:52:45.355720,2026-05-11T15:52:53.904347+00:00
2014,392,Japan,M,Import,490,Unknown,3004,Medicines & Pharmaceuticals,32946623.0,1005299.0,1005299.0,2026-05-11T15:52:45.355723,2026-05-11T15:52:53.904347+00:00
2014,392,Japan,M,Import,251,Unknown,3004,Medicines & Pharmaceuticals,1745111752.0,2891548.0,2891548.0,2026-05-11T15:52:45.355920,2026-05-11T15:52:53.904347+00:00
2014,392,Japan,M,Import,380,Italy,3004,Medicines & Pharmaceuticals,1187497266.0,2229493.0,2229493.0,2026-05-11T15:52:45.355925,2026-05-11T15:52:53.904347+00:00
2014,392,Japan,M,Import,410,South Korea,3004,Medicines & Pharmaceuticals,153840243.0,3297210.0,3297210.0,2026-05-11T15:52:45.355928,2026-05-11T15:52:53.904347+00:00
2014,392,Japan,M,Import,156,China,3004,Medicines & Pharmaceuticals,93415967.0,9204133.0,9204133.0,2026-05-11T15:52:45.355932,2026-05-11T15:52:53.904347+00:00
2014,392,Japan,M,Import,0,World,3004,Medicines & Pharmaceuticals,13718126421.0,51368701.0,51368701.0,2026-05-11T15:52:45.355935,2026-05-11T15:52:53.904347+00:00
2014,392,Japan,M,Import,36,Australia,3004,Medicines & Pharmaceuticals,81790459.0,915761.0,915761.0,2026-05-11T15:52:45.355941,2026-05-11T15:52:53.904347+00:00
2014,392,Japan,M,Import,124,Canada,3004,Medicines & Pharmaceuticals,443177295.0,100630.0,100630.0,2026-05-11T15:52:45.355944,2026-05-11T15:52:53.904347+00:00
2014,392,Japan,M,Import,192,Unknown,3004,Medicines & Pharmaceuticals,6419.0,21.0,21.0,2026-05-11T15:52:45.355948,2026-05-11T15:52:53.904347+00:00
2014,392,Japan,M,Import,276,Germany,3004,Medicines & Pharmaceuticals,2111975044.0,3345575.0,3345575.0,2026-05-11T15:52:45.355951,2026-05-11T15:52:53.904347+00:00
2014,392,Japan,M,Import,842,Unknown,3004,Medicines & Pharmaceuticals,2771577457.0,6717535.0,6717535.0,2026-05-11T15:52:45.355954,2026-05-11T15:52:53.904347+00:00
2015,392,Japan,X,Export,757,Unknown,3004,Medicines & Pharmaceuticals,20734450.0,46036.0,46036.0,2026-05-11T15:52:45.355957,2026-05-11T15:52:53.904347+00:00
2015,392,Japan,X,Export,0,World,3004,Medicines & Pharmaceuticals,2373194118.0,23528687.0,23528687.0,2026-05-11T15:52:45.355961,2026-05-11T15:52:53.904347+00:00
2015,392,Japan,X,Export,51,Unknown,3004,Medicines & Pharmaceuticals,15173.0,187.0,187.0,2026-05-11T15:52:45.355964,2026-05-11T15:52:53.904347+00:00
2015,392,Japan,X,Export,196,Cyprus,3004,Medicines & Pharmaceuticals,1062817.0,1548.0,1548.0,2026-05-11T15:52:45.355968,2026-05-11T15:52:53.904347+00:00
2015,392,Japan,X,Export,268,Unknown,3004,Medicines & Pharmaceuticals,86408.0,365.0,365.0,2026-05-11T15:52:45.355971,2026-05-11T15:52:53.904347+00:00
2015,392,Japan,X,Export,332,Unknown,3004,Medicines & Pharmaceuticals,21081.0,241.0,241.0,2026-05-11T15:52:45.355976,2026-05-11T15:52:53.904347+00:00
2015,392,Japan,X,Export,388,Jamaica,3004,Medicines & Pharmaceuticals,18222.0,625.0,625.0,2026-05-11T15:52:45.355979,2026-05-11T15:52:53.904347+00:00
2015,392,Japan,X,Export,454,Unknown,3004,Medicines & Pharmaceuticals,92755.0,868.0,868.0,2026-05-11T15:52:45.355982,2026-05-11T15:52:53.904347+00:00
2015,392,Japan,X,Export,686,Unknown,3004,Medicines & Pharmaceuticals,27048.0,195.0,195.0,2026-05-11T15:52:45.355985,2026-05-11T15:52:53.904347+00:00
2015,392,Japan,X,Export,688,Unknown,3004,Medicines & Pharmaceuticals,222459.0,209.0,209.0,2026-05-11T15:52:45.355989,2026-05-11T15:52:53.904347+00:00
2015,392,Japan,X,Export,716,Zimbabwe,3004,Medicines & Pharmaceuticals,297892.0,3422.0,3422.0,2026-05-11T15:52:45.355995,2026-05-11T15:52:53.904347+00:00
2015,392,Japan,X,Export,887,Yemen,3004,Medicines & Pharmaceuticals,899693.0,6754.0,6754.0,2026-05-11T15:52:45.355998,2026-05-11T15:52:53.904347+00:00
2015,392,Japan,X,Export,729,Unknown,3004,Medicines & Pharmaceuticals,1143630.0,4665.0,4665.0,2026-05-11T15:52:45.356001,2026-05-11T15:52:53.904347+00:00
2015,392,Japan,X,Export,860,Unknown,3004,Medicines & Pharmaceuticals,1237782.0,7940.0,7940.0,2026-05-11T15:52:45.356004,2026-05-11T15:52:53.904347+00:00
2015,392,Japan,X,Export,442,Unknown,3004,Medicines & Pharmaceuticals,17561.0,662.0,662.0,2026-05-11T15:52:45.356007,2026-05-11T15:52:53.904347+00:00
2015,392,Japan,X,Export,480,Unknown,3004,Medicines & Pharmaceuticals,14470.0,720.0,720.0,2026-05-11T15:52:45.356013,2026-05-11T15:52:53.904347+00:00
2015,392,Japan,X,Export,862,Unknown,3004,Medicines & Pharmaceuticals,827301.0,11471.0,11471.0,2026-05-11T15:52:45.356016,2026-05-11T15:52:53.904347+00:00
2015,392,Japan,X,Export,428,Unknown,3004,Medicines & Pharmaceuticals,30916.0,125.0,125.0,2026-05-11T15:52:45.356019,2026-05-11T15:52:53.904347+00:00
2015,392,Japan,X,Export,398,Kazakhstan,3004,Medicines & Pharmaceuticals,7355.0,33.0,33.0,2026-05-11T15:52:45.356024,2026-05-11T15:52:53.904347+00:00
2015,392,Japan,X,Export,214,Unknown,3004,Medicines & Pharmaceuticals,379392.0,3051.0,3051.0,2026-05-11T15:52:45.356028,2026-05-11T15:52:53.904347+00:00
2015,392,Japan,X,Export,320,Unknown,3004,Medicines & Pharmaceuticals,191320.0,1106.0,1106.0,2026-05-11T15:52:45.356031,2026-05-11T15:52:53.904347+00:00
2015,392,Japan,X,Export,222,Unknown,3004,Medicines & Pharmaceuticals,33990.0,218.0,218.0,2026-05-11T15:52:45.356034,2026-05-11T15:52:53.904347+00:00
2015,392,Japan,X,Export,24,Angola,3004,Medicines & Pharmaceuticals,236970.0,2745.0,2745.0,2026-05-11T15:52:45.356037,2026-05-11T15:52:53.904347+00:00
2015,392,Japan,X,Export,804,Ukraine,3004,Medicines & Pharmaceuticals,2269435.0,14031.0,14031.0,2026-05-11T15:52:45.356040,2026-05-11T15:52:53.904347+00:00
2015,392,Japan,X,Export,858,Unknown,3004,Medicines & Pharmaceuticals,3806547.0,12987.0,12987.0,2026-05-11T15:52:45.356043,2026-05-11T15:52:53.904347+00:00
2015,392,Japan,X,Export,422,Lebanon,3004,Medicines & Pharmaceuticals,64558.0,74.0,74.0,2026-05-11T15:52:45.356048,2026-05-11T15:52:53.904347+00:00
2015,392,Japan,X,Export,300,Greece,3004,Medicines & Pharmaceuticals,101812.0,198.0,198.0,2026-05-11T15:52:45.356051,2026-05-11T15:52:53.904347+00:00
2015,392,Japan,X,Export,418,Unknown,3004,Medicines & Pharmaceuticals,47039.0,22000.0,22000.0,2026-05-11T15:52:45.356054,2026-05-11T15:52:53.904347+00:00
2015,392,Japan,X,Export,364,Iran,3004,Medicines & Pharmaceuticals,122720.0,10168.0,10168.0,2026-05-11T15:52:45.356057,2026-05-11T15:52:53.904347+00:00
2015,392,Japan,X,Export,400,Jordan,3004,Medicines & Pharmaceuticals,6314646.0,23684.0,23684.0,2026-05-11T15:52:45.356060,2026-05-11T15:52:53.904347+00:00
2015,392,Japan,X,Export,579,Unknown,3004,Medicines & Pharmaceuticals,3950.0,84.0,84.0,2026-05-11T15:52:45.356064,2026-05-11T15:52:53.904347+00:00
2015,392,Japan,X,Export,152,Chile,3004,Medicines & Pharmaceuticals,699548.0,2716.0,2716.0,2026-05-11T15:52:45.356067,2026-05-11T15:52:53.904347+00:00
2015,392,Japan,X,Export,348,Unknown,3004,Medicines & Pharmaceuticals,74930.0,56.0,56.0,2026-05-11T15:52:45.356070,2026-05-11T15:52:53.904347+00:00
2015,392,Japan,X,Export,634,Qatar,3004,Medicines & Pharmaceuticals,361715.0,1172.0,1172.0,2026-05-11T15:52:45.356073,2026-05-11T15:52:53.904347+00:00
2015,392,Japan,X,Export,170,Colombia,3004,Medicines & Pharmaceuticals,600140.0,2191.0,2191.0,2026-05-11T15:52:45.356076,2026-05-11T15:52:53.904347+00:00
2015,392,Japan,X,Export,620,Portugal,3004,Medicines & Pharmaceuticals,143901.0,231.0,231.0,2026-05-11T15:52:45.356081,2026-05-11T15:52:53.904347+00:00
2015,392,Japan,X,Export,208,Denmark,3004,Medicines & Pharmaceuticals,31767882.0,7287.0,7287.0,2026-05-11T15:52:45.356084,2026-05-11T15:52:53.904347+00:00
2015,392,Japan,X,Export,372,Ireland,3004,Medicines & Pharmaceuticals,39507589.0,260838.0,260838.0,2026-05-11T15:52:45.356088,2026-05-11T15:52:53.904347+00:00
2015,392,Japan,X,Export,446,Unknown,3004,Medicines & Pharmaceuticals,808781.0,21716.0,21716.0,2026-05-11T15:52:45.356093,2026-05-11T15:52:53.904347+00:00
2015,392,Japan,X,Export,246,Finland,3004,Medicines & Pharmaceuticals,7592327.0,6225.0,6225.0,2026-05-11T15:52:45.356096,2026-05-11T15:52:53.904347+00:00
2015,392,Japan,X,Export,496,Unknown,3004,Medicines & Pharmaceuticals,316767.0,12790.0,12790.0,2026-05-11T15:52:45.356100,2026-05-11T15:52:53.904347+00:00
2015,392,Japan,X,Export,48,Unknown,3004,Medicines & Pharmaceuticals,145355.0,777.0,777.0,2026-05-11T15:52:45.356103,2026-05-11T15:52:53.904347+00:00
2015,392,Japan,X,Export,512,Unknown,3004,Medicines & Pharmaceuticals,42890.0,1571.0,1571.0,2026-05-11T15:52:45.356106,2026-05-11T15:52:53.904347+00:00
2015,392,Japan,X,Export,40,Austria,3004,Medicines & Pharmaceuticals,58170.0,256.0,256.0,2026-05-11T15:52:45.356110,2026-05-11T15:52:53.904347+00:00
2015,392,Japan,X,Export,414,Kuwait,3004,Medicines & Pharmaceuticals,639601.0,3258.0,3258.0,2026-05-11T15:52:45.356113,2026-05-11T15:52:53.904347+00:00
2015,392,Japan,X,Export,376,Israel,3004,Medicines & Pharmaceuticals,770742.0,1120.0,1120.0,2026-05-11T15:52:45.356118,2026-05-11T15:52:53.904347+00:00
2015,392,Japan,X,Export,32,Argentina,3004,Medicines & Pharmaceuticals,287794.0,328.0,328.0,2026-05-11T15:52:45.356121,2026-05-11T15:52:53.904347+00:00
2015,392,Japan,X,Export,818,Egypt,3004,Medicines & Pharmaceuticals,143942.0,188.0,188.0,2026-05-11T15:52:45.356124,2026-05-11T15:52:53.904347+00:00
2015,392,Japan,X,Export,752,Sweden,3004,Medicines & Pharmaceuticals,125505.0,96.0,96.0,2026-05-11T15:52:45.356127,2026-05-11T15:52:53.904347+00:00
2015,392,Japan,X,Export,203,Czech Republic,3004,Medicines & Pharmaceuticals,1156869.0,2277.0,2277.0,2026-05-11T15:52:45.356130,2026-05-11T15:52:53.904347+00:00
2015,392,Japan,X,Export,616,Poland,3004,Medicines & Pharmaceuticals,831557.0,99.0,99.0,2026-05-11T15:52:45.356134,2026-05-11T15:52:53.904347+00:00
2015,392,Japan,X,Export,144,Sri Lanka,3004,Medicines & Pharmaceuticals,130720.0,3794.0,3794.0,2026-05-11T15:52:45.356137,2026-05-11T15:52:53.904347+00:00
2015,392,Japan,X,Export,586,Pakistan,3004,Medicines & Pharmaceuticals,951079.0,4851.0,4851.0,2026-05-11T15:52:45.356140,2026-05-11T15:52:53.904347+00:00
2015,392,Japan,X,Export,554,New Zealand,3004,Medicines & Pharmaceuticals,945625.0,479630.0,479630.0,2026-05-11T15:52:45.356143,2026-05-11T15:52:53.904347+00:00
2015,392,Japan,X,Export,710,South Africa,3004,Medicines & Pharmaceuticals,666268.0,691.0,691.0,2026-05-11T15:52:45.356150,2026-05-11T15:52:53.904347+00:00
2015,392,Japan,X,Export,104,Unknown,3004,Medicines & Pharmaceuticals,102399.0,770.0,770.0,2026-05-11T15:52:45.356155,2026-05-11T15:52:53.904347+00:00
2015,392,Japan,X,Export,50,Bangladesh,3004,Medicines & Pharmaceuticals,40824.0,76.0,76.0,2026-05-11T15:52:45.356158,2026-05-11T15:52:53.904347+00:00
2015,392,Japan,X,Export,682,Saudi Arabia,3004,Medicines & Pharmaceuticals,7657439.0,37336.0,37336.0,2026-05-11T15:52:45.356161,2026-05-11T15:52:53.904347+00:00
2015,392,Japan,X,Export,792,Turkey,3004,Medicines & Pharmaceuticals,1551194.0,1243.0,1243.0,2026-05-11T15:52:45.356164,2026-05-11T15:52:53.904347+00:00
2015,392,Japan,X,Export,724,Spain,3004,Medicines & Pharmaceuticals,9617189.0,36041.0,36041.0,2026-05-11T15:52:45.356167,2026-05-11T15:52:53.904347+00:00
2015,392,Japan,X,Export,70,Unknown,3004,Medicines & Pharmaceuticals,50063.0,21.0,21.0,2026-05-11T15:52:45.356170,2026-05-11T15:52:53.904347+00:00
2015,392,Japan,X,Export,643,Russia,3004,Medicines & Pharmaceuticals,3189606.0,5825.0,5825.0,2026-05-11T15:52:45.356174,2026-05-11T15:52:53.904347+00:00
2015,392,Japan,X,Export,56,Belgium,3004,Medicines & Pharmaceuticals,3104504.0,2875.0,2875.0,2026-05-11T15:52:45.356177,2026-05-11T15:52:53.904347+00:00
2015,392,Japan,X,Export,76,Brazil,3004,Medicines & Pharmaceuticals,3359035.0,14084.0,14084.0,2026-05-11T15:52:45.356180,2026-05-11T15:52:53.904347+00:00
2015,392,Japan,X,Export,784,UAE,3004,Medicines & Pharmaceuticals,1499139.0,12760.0,12760.0,2026-05-11T15:52:45.356183,2026-05-11T15:52:53.904347+00:00
2015,392,Japan,X,Export,484,Mexico,3004,Medicines & Pharmaceuticals,9822376.0,6400.0,6400.0,2026-05-11T15:52:45.356187,2026-05-11T15:52:53.904347+00:00
2015,392,Japan,X,Export,124,Canada,3004,Medicines & Pharmaceuticals,16946605.0,32776.0,32776.0,2026-05-11T15:52:45.356190,2026-05-11T15:52:53.904347+00:00
2015,392,Japan,X,Export,251,Unknown,3004,Medicines & Pharmaceuticals,119756078.0,33409.0,33409.0,2026-05-11T15:52:45.356194,2026-05-11T15:52:53.904347+00:00
2015,392,Japan,X,Export,528,Netherlands,3004,Medicines & Pharmaceuticals,91343760.0,93460.0,93460.0,2026-05-11T15:52:45.356197,2026-05-11T15:52:53.904347+00:00
2015,392,Japan,X,Export,36,Australia,3004,Medicines & Pharmaceuticals,3603972.0,1049887.0,1049887.0,2026-05-11T15:52:45.356200,2026-05-11T15:52:53.904347+00:00
2015,392,Japan,X,Export,826,United Kingdom,3004,Medicines & Pharmaceuticals,45935328.0,35218.0,35218.0,2026-05-11T15:52:45.356203,2026-05-11T15:52:53.904347+00:00
2015,392,Japan,X,Export,380,Italy,3004,Medicines & Pharmaceuticals,48867007.0,47247.0,47247.0,2026-05-11T15:52:45.356206,2026-05-11T15:52:53.904347+00:00
2015,392,Japan,X,Export,699,Unknown,3004,Medicines & Pharmaceuticals,7380074.0,44445.0,44445.0,2026-05-11T15:52:45.356209,2026-05-11T15:52:53.904347+00:00
2015,392,Japan,X,Export,276,Germany,3004,Medicines & Pharmaceuticals,15110468.0,33756.0,33756.0,2026-05-11T15:52:45.356212,2026-05-11T15:52:53.904347+00:00
2015,392,Japan,X,Export,608,Philippines,3004,Medicines & Pharmaceuticals,8244009.0,26700.0,26700.0,2026-05-11T15:52:45.356214,2026-05-11T15:52:53.904347+00:00
2015,392,Japan,X,Export,458,Malaysia,3004,Medicines & Pharmaceuticals,8886626.0,202612.0,202612.0,2026-05-11T15:52:45.356220,2026-05-11T15:52:53.904347+00:00
2015,392,Japan,X,Export,678,Unknown,3004,Medicines & Pharmaceuticals,3140.0,6.0,6.0,2026-05-11T15:52:45.356223,2026-05-11T15:52:53.904347+00:00
2015,392,Japan,X,Export,360,Indonesia,3004,Medicines & Pharmaceuticals,12977001.0,52731.0,52731.0,2026-05-11T15:52:45.356226,2026-05-11T15:52:53.904347+00:00
2015,392,Japan,X,Export,702,Unknown,3004,Medicines & Pharmaceuticals,8911608.0,136529.0,136529.0,2026-05-11T15:52:45.356229,2026-05-11T15:52:53.904347+00:00
2015,392,Japan,X,Export,344,Unknown,3004,Medicines & Pharmaceuticals,88976571.0,3758894.0,3758894.0,2026-05-11T15:52:45.356232,2026-05-11T15:52:53.904347+00:00
2015,392,Japan,X,Export,842,Unknown,3004,Medicines & Pharmaceuticals,969370605.0,542114.0,542114.0,2026-05-11T15:52:45.356235,2026-05-11T15:52:53.904347+00:00
2015,392,Japan,X,Export,704,Vietnam,3004,Medicines & Pharmaceuticals,17309692.0,300731.0,300731.0,2026-05-11T15:52:45.356240,2026-05-11T15:52:53.904347+00:00
2015,392,Japan,X,Export,764,Thailand,3004,Medicines & Pharmaceuticals,67499674.0,357961.0,357961.0,2026-05-11T15:52:45.356244,2026-05-11T15:52:53.904347+00:00
2015,392,Japan,X,Export,410,South Korea,3004,Medicines & Pharmaceuticals,172264510.0,11545000.0,11545000.0,2026-05-11T15:52:45.356248,2026-05-11T15:52:53.904347+00:00
2015,392,Japan,X,Export,490,Unknown,3004,Medicines & Pharmaceuticals,131079386.0,1821082.0,1821082.0,2026-05-11T15:52:45.356251,2026-05-11T15:52:53.904347+00:00
2015,392,Japan,X,Export,156,China,3004,Medicines & Pharmaceuticals,369601747.0,2306118.0,2306118.0,2026-05-11T15:52:45.356257,2026-05-11T15:52:53.904347+00:00
2015,392,Japan,X,Export,352,Unknown,3004,Medicines & Pharmaceuticals,15379.0,4.0,4.0,2026-05-11T15:52:45.356260,2026-05-11T15:52:53.904347+00:00
2015,392,Japan,X,Export,705,Unknown,3004,Medicines & Pharmaceuticals,11231.0,4.0,4.0,2026-05-11T15:52:45.356263,2026-05-11T15:52:53.904347+00:00
2015,392,Japan,X,Export,262,Unknown,3004,Medicines & Pharmaceuticals,4917.0,1.0,1.0,2026-05-11T15:52:45.356268,2026-05-11T15:52:53.904347+00:00
2015,392,Japan,X,Export,591,Unknown,3004,Medicines & Pharmaceuticals,1868.0,1.0,1.0,2026-05-11T15:52:45.356271,2026-05-11T15:52:53.904347+00:00
2015,392,Japan,M,Import,804,Ukraine,3004,Medicines & Pharmaceuticals,24313.0,1.0,1.0,2026-05-11T15:52:45.356274,2026-05-11T15:52:53.904347+00:00
2015,392,Japan,M,Import,710,South Africa,3004,Medicines & Pharmaceuticals,29932.0,4.0,4.0,2026-05-11T15:52:45.356277,2026-05-11T15:52:53.904347+00:00
2015,392,Japan,M,Import,352,Unknown,3004,Medicines & Pharmaceuticals,644468.0,2772.0,2772.0,2026-05-11T15:52:45.356280,2026-05-11T15:52:53.904347+00:00
2015,392,Japan,M,Import,104,Unknown,3004,Medicines & Pharmaceuticals,2000.0,94.0,94.0,2026-05-11T15:52:45.356283,2026-05-11T15:52:53.904347+00:00
2015,392,Japan,M,Import,440,Unknown,3004,Medicines & Pharmaceuticals,518698.0,12.0,12.0,2026-05-11T15:52:45.356286,2026-05-11T15:52:53.904347+00:00
2015,392,Japan,M,Import,705,Unknown,3004,Medicines & Pharmaceuticals,8902733.0,26173.0,26173.0,2026-05-11T15:52:45.356291,2026-05-11T15:52:53.904347+00:00
2015,392,Japan,M,Import,300,Greece,3004,Medicines & Pharmaceuticals,2912134.0,12177.0,12177.0,2026-05-11T15:52:45.356294,2026-05-11T15:52:53.904347+00:00
2015,392,Japan,M,Import,642,Romania,3004,Medicines & Pharmaceuticals,6696931.0,15821.0,15821.0,2026-05-11T15:52:45.356297,2026-05-11T15:52:53.904347+00:00
2015,392,Japan,M,Import,372,Ireland,3004,Medicines & Pharmaceuticals,4570114944.0,306048.0,306048.0,2026-05-11T15:52:45.356300,2026-05-11T15:52:53.904347+00:00
2015,392,Japan,M,Import,579,Unknown,3004,Medicines & Pharmaceuticals,54803344.0,211355.0,211355.0,2026-05-11T15:52:45.356303,2026-05-11T15:52:53.904347+00:00
2015,392,Japan,M,Import,792,Turkey,3004,Medicines & Pharmaceuticals,12275395.0,124554.0,124554.0,2026-05-11T15:52:45.356306,2026-05-11T15:52:53.904347+00:00
2015,392,Japan,M,Import,246,Finland,3004,Medicines & Pharmaceuticals,71287487.0,92984.0,92984.0,2026-05-11T15:52:45.356308,2026-05-11T15:52:53.904347+00:00
2015,392,Japan,M,Import,76,Brazil,3004,Medicines & Pharmaceuticals,1271945.0,5239.0,5239.0,2026-05-11T15:52:45.356311,2026-05-11T15:52:53.904347+00:00
2015,392,Japan,M,Import,348,Unknown,3004,Medicines & Pharmaceuticals,376252.0,683.0,683.0,2026-05-11T15:52:45.356314,2026-05-11T15:52:53.904347+00:00
2015,392,Japan,M,Import,376,Israel,3004,Medicines & Pharmaceuticals,20521082.0,3271.0,3271.0,2026-05-11T15:52:45.356317,2026-05-11T15:52:53.904347+00:00
2015,392,Japan,M,Import,554,New Zealand,3004,Medicines & Pharmaceuticals,4018544.0,45762.0,45762.0,2026-05-11T15:52:45.356322,2026-05-11T15:52:53.904347+00:00
2015,392,Japan,M,Import,208,Denmark,3004,Medicines & Pharmaceuticals,369100916.0,431552.0,431552.0,2026-05-11T15:52:45.356325,2026-05-11T15:52:53.904347+00:00
2015,392,Japan,M,Import,702,Unknown,3004,Medicines & Pharmaceuticals,1028853166.0,10647715.0,10647715.0,2026-05-11T15:52:45.356328,2026-05-11T15:52:53.904347+00:00
2015,392,Japan,M,Import,203,Czech Republic,3004,Medicines & Pharmaceuticals,10451382.0,404694.0,404694.0,2026-05-11T15:52:45.356331,2026-05-11T15:52:53.904347+00:00
2015,392,Japan,M,Import,344,Unknown,3004,Medicines & Pharmaceuticals,16016.0,23.0,23.0,2026-05-11T15:52:45.356334,2026-05-11T15:52:53.904347+00:00
2015,392,Japan,M,Import,616,Poland,3004,Medicines & Pharmaceuticals,2568592.0,13406.0,13406.0,2026-05-11T15:52:45.356337,2026-05-11T15:52:53.904347+00:00
2015,392,Japan,M,Import,484,Mexico,3004,Medicines & Pharmaceuticals,6747515.0,127255.0,127255.0,2026-05-11T15:52:45.356340,2026-05-11T15:52:53.904347+00:00
2016,392,Japan,X,Export,682,Saudi Arabia,3004,Medicines & Pharmaceuticals,8438128.0,43811.0,43811.0,2026-05-11T15:52:45.356343,2026-05-11T15:52:53.904347+00:00
2016,392,Japan,X,Export,792,Turkey,3004,Medicines & Pharmaceuticals,1845749.0,1604.0,1604.0,2026-05-11T15:52:45.356346,2026-05-11T15:52:53.904347+00:00
2016,392,Japan,X,Export,579,Unknown,3004,Medicines & Pharmaceuticals,22081.0,24.0,24.0,2026-05-11T15:52:45.356349,2026-05-11T15:52:53.904347+00:00
2016,392,Japan,X,Export,643,Russia,3004,Medicines & Pharmaceuticals,4655791.0,14718.0,14718.0,2026-05-11T15:52:45.356354,2026-05-11T15:52:53.904347+00:00
2016,392,Japan,X,Export,724,Spain,3004,Medicines & Pharmaceuticals,6360969.0,26624.0,26624.0,2026-05-11T15:52:45.356357,2026-05-11T15:52:53.904347+00:00
2016,392,Japan,X,Export,56,Belgium,3004,Medicines & Pharmaceuticals,2918458.0,3811.0,3811.0,2026-05-11T15:52:45.356360,2026-05-11T15:52:53.904347+00:00
2016,392,Japan,X,Export,76,Brazil,3004,Medicines & Pharmaceuticals,8033109.0,60561.0,60561.0,2026-05-11T15:52:45.356363,2026-05-11T15:52:53.904347+00:00
2016,392,Japan,X,Export,784,UAE,3004,Medicines & Pharmaceuticals,1536476.0,15038.0,15038.0,2026-05-11T15:52:45.356366,2026-05-11T15:52:53.904347+00:00
2016,392,Japan,X,Export,484,Mexico,3004,Medicines & Pharmaceuticals,12119562.0,14201.0,14201.0,2026-05-11T15:52:45.356369,2026-05-11T15:52:53.904347+00:00
2016,392,Japan,X,Export,124,Canada,3004,Medicines & Pharmaceuticals,5497901.0,18455.0,18455.0,2026-05-11T15:52:45.356372,2026-05-11T15:52:53.904347+00:00
2016,392,Japan,X,Export,528,Netherlands,3004,Medicines & Pharmaceuticals,79970800.0,91407.0,91407.0,2026-05-11T15:52:45.356375,2026-05-11T15:52:53.904347+00:00
2016,392,Japan,X,Export,380,Italy,3004,Medicines & Pharmaceuticals,57047812.0,52280.0,52280.0,2026-05-11T15:52:45.356378,2026-05-11T15:52:53.904347+00:00
2016,392,Japan,X,Export,251,Unknown,3004,Medicines & Pharmaceuticals,108394029.0,42267.0,42267.0,2026-05-11T15:52:45.356381,2026-05-11T15:52:53.904347+00:00
2016,392,Japan,X,Export,36,Australia,3004,Medicines & Pharmaceuticals,6746449.0,943780.0,943780.0,2026-05-11T15:52:45.356386,2026-05-11T15:52:53.904347+00:00
2016,392,Japan,X,Export,276,Germany,3004,Medicines & Pharmaceuticals,14656417.0,21533.0,21533.0,2026-05-11T15:52:45.356389,2026-05-11T15:52:53.904347+00:00
2016,392,Japan,X,Export,699,Unknown,3004,Medicines & Pharmaceuticals,9072383.0,50006.0,50006.0,2026-05-11T15:52:45.356392,2026-05-11T15:52:53.904347+00:00
2016,392,Japan,X,Export,862,Unknown,3004,Medicines & Pharmaceuticals,2136.0,7.0,7.0,2026-05-11T15:52:45.356395,2026-05-11T15:52:53.904347+00:00
2016,392,Japan,X,Export,50,Bangladesh,3004,Medicines & Pharmaceuticals,22744.0,40.0,40.0,2026-05-11T15:52:45.356398,2026-05-11T15:52:53.904347+00:00
2016,392,Japan,X,Export,608,Philippines,3004,Medicines & Pharmaceuticals,6589064.0,31713.0,31713.0,2026-05-11T15:52:45.356401,2026-05-11T15:52:53.904347+00:00
2016,392,Japan,X,Export,458,Malaysia,3004,Medicines & Pharmaceuticals,9302291.0,199561.0,199561.0,2026-05-11T15:52:45.356405,2026-05-11T15:52:53.904347+00:00
2016,392,Japan,X,Export,702,Unknown,3004,Medicines & Pharmaceuticals,10176289.0,136091.0,136091.0,2026-05-11T15:52:45.356407,2026-05-11T15:52:53.904347+00:00
2016,392,Japan,X,Export,360,Indonesia,3004,Medicines & Pharmaceuticals,11936606.0,51500.0,51500.0,2026-05-11T15:52:45.356411,2026-05-11T15:52:53.904347+00:00
2016,392,Japan,X,Export,704,Vietnam,3004,Medicines & Pharmaceuticals,22999563.0,396650.0,396650.0,2026-05-11T15:52:45.356414,2026-05-11T15:52:53.904347+00:00
2016,392,Japan,X,Export,764,Thailand,3004,Medicines & Pharmaceuticals,66948005.0,380361.0,380361.0,2026-05-11T15:52:45.356418,2026-05-11T15:52:53.904347+00:00
2016,392,Japan,X,Export,344,Unknown,3004,Medicines & Pharmaceuticals,120854927.0,4194634.0,4194634.0,2026-05-11T15:52:45.356421,2026-05-11T15:52:53.904347+00:00
2016,392,Japan,X,Export,262,Unknown,3004,Medicines & Pharmaceuticals,6998.0,6.0,6.0,2026-05-11T15:52:45.356424,2026-05-11T15:52:53.904347+00:00
2016,392,Japan,X,Export,410,South Korea,3004,Medicines & Pharmaceuticals,195137963.0,12561594.0,12561594.0,2026-05-11T15:52:45.356427,2026-05-11T15:52:53.904347+00:00
2016,392,Japan,X,Export,490,Unknown,3004,Medicines & Pharmaceuticals,139582908.0,1757654.0,1757654.0,2026-05-11T15:52:45.356432,2026-05-11T15:52:53.904347+00:00
2016,392,Japan,X,Export,100,Bulgaria,3004,Medicines & Pharmaceuticals,7735.0,2.0,2.0,2026-05-11T15:52:45.356435,2026-05-11T15:52:53.904347+00:00
2016,392,Japan,X,Export,156,China,3004,Medicines & Pharmaceuticals,392348739.0,2361551.0,2361551.0,2026-05-11T15:52:45.356438,2026-05-11T15:52:53.904347+00:00
2016,392,Japan,X,Export,591,Unknown,3004,Medicines & Pharmaceuticals,2302.0,3.0,3.0,2026-05-11T15:52:45.356441,2026-05-11T15:52:53.904347+00:00
2016,392,Japan,X,Export,705,Unknown,3004,Medicines & Pharmaceuticals,35589.0,3.0,3.0,2026-05-11T15:52:45.356444,2026-05-11T15:52:53.904347+00:00
2016,392,Japan,X,Export,40,Austria,3004,Medicines & Pharmaceuticals,25672.0,1.0,1.0,2026-05-11T15:52:45.356447,2026-05-11T15:52:53.904347+00:00
2016,392,Japan,X,Export,112,Unknown,3004,Medicines & Pharmaceuticals,4715.0,1.0,1.0,2026-05-11T15:52:45.356454,2026-05-11T15:52:53.904347+00:00
2016,392,Japan,M,Import,170,Colombia,3004,Medicines & Pharmaceuticals,208612.0,3.0,3.0,2026-05-11T15:52:45.356457,2026-05-11T15:52:53.904347+00:00
2016,392,Japan,M,Import,352,Unknown,3004,Medicines & Pharmaceuticals,423278.0,1483.0,1483.0,2026-05-11T15:52:45.356460,2026-05-11T15:52:53.904347+00:00
2016,392,Japan,M,Import,188,Unknown,3004,Medicines & Pharmaceuticals,5511.0,11.0,11.0,2026-05-11T15:52:45.356463,2026-05-11T15:52:53.904347+00:00
2016,392,Japan,M,Import,32,Argentina,3004,Medicines & Pharmaceuticals,282682.0,1634.0,1634.0,2026-05-11T15:52:45.356466,2026-05-11T15:52:53.904347+00:00
2016,392,Japan,M,Import,440,Unknown,3004,Medicines & Pharmaceuticals,11454.0,25.0,25.0,2026-05-11T15:52:45.356469,2026-05-11T15:52:53.904347+00:00
2016,392,Japan,M,Import,300,Greece,3004,Medicines & Pharmaceuticals,26776403.0,16075.0,16075.0,2026-05-11T15:52:45.356472,2026-05-11T15:52:53.904347+00:00
2016,392,Japan,M,Import,705,Unknown,3004,Medicines & Pharmaceuticals,10104884.0,26913.0,26913.0,2026-05-11T15:52:45.356475,2026-05-11T15:52:53.904347+00:00
2016,392,Japan,M,Import,372,Ireland,3004,Medicines & Pharmaceuticals,2568351234.0,238965.0,238965.0,2026-05-11T15:52:45.356478,2026-05-11T15:52:53.904347+00:00
2016,392,Japan,M,Import,579,Unknown,3004,Medicines & Pharmaceuticals,35561018.0,116427.0,116427.0,2026-05-11T15:52:45.356481,2026-05-11T15:52:53.904347+00:00
2016,392,Japan,M,Import,348,Unknown,3004,Medicines & Pharmaceuticals,2535621.0,12243.0,12243.0,2026-05-11T15:52:45.356486,2026-05-11T15:52:53.904347+00:00
2016,392,Japan,M,Import,376,Israel,3004,Medicines & Pharmaceuticals,17774050.0,2696.0,2696.0,2026-05-11T15:52:45.356489,2026-05-11T15:52:53.904347+00:00
2016,392,Japan,M,Import,554,New Zealand,3004,Medicines & Pharmaceuticals,7029198.0,64409.0,64409.0,2026-05-11T15:52:45.356492,2026-05-11T15:52:53.904347+00:00
2016,392,Japan,M,Import,344,Unknown,3004,Medicines & Pharmaceuticals,45559.0,25.0,25.0,2026-05-11T15:52:45.356495,2026-05-11T15:52:53.904347+00:00
2016,392,Japan,M,Import,203,Czech Republic,3004,Medicines & Pharmaceuticals,10375882.0,395841.0,395841.0,2026-05-11T15:52:45.356498,2026-05-11T15:52:53.904347+00:00
2016,392,Japan,M,Import,616,Poland,3004,Medicines & Pharmaceuticals,1079420.0,9479.0,9479.0,2026-05-11T15:52:45.356502,2026-05-11T15:52:53.904347+00:00
2016,392,Japan,M,Import,246,Finland,3004,Medicines & Pharmaceuticals,79445145.0,94879.0,94879.0,2026-05-11T15:52:45.356505,2026-05-11T15:52:53.904347+00:00
2016,392,Japan,M,Import,76,Brazil,3004,Medicines & Pharmaceuticals,2899761.0,7986.0,7986.0,2026-05-11T15:52:45.356508,2026-05-11T15:52:53.904347+00:00
2016,392,Japan,M,Import,792,Turkey,3004,Medicines & Pharmaceuticals,12912018.0,122905.0,122905.0,2026-05-11T15:52:45.356511,2026-05-11T15:52:53.904347+00:00
2016,392,Japan,M,Import,208,Denmark,3004,Medicines & Pharmaceuticals,491937020.0,503943.0,503943.0,2026-05-11T15:52:45.356515,2026-05-11T15:52:53.904347+00:00
2016,392,Japan,M,Import,702,Unknown,3004,Medicines & Pharmaceuticals,1461176139.0,10599479.0,10599479.0,2026-05-11T15:52:45.356519,2026-05-11T15:52:53.904347+00:00
2016,392,Japan,M,Import,484,Mexico,3004,Medicines & Pharmaceuticals,2819490.0,108980.0,108980.0,2026-05-11T15:52:45.356523,2026-05-11T15:52:53.904347+00:00
2016,392,Japan,M,Import,40,Austria,3004,Medicines & Pharmaceuticals,80986373.0,142301.0,142301.0,2026-05-11T15:52:45.356526,2026-05-11T15:52:53.904347+00:00
2016,392,Japan,M,Import,752,Sweden,3004,Medicines & Pharmaceuticals,620666043.0,701726.0,701726.0,2026-05-11T15:52:45.356529,2026-05-11T15:52:53.904347+00:00
2016,392,Japan,M,Import,36,Australia,3004,Medicines & Pharmaceuticals,103047072.0,871988.0,871988.0,2026-05-11T15:52:45.356532,2026-05-11T15:52:53.904347+00:00
2016,392,Japan,M,Import,757,Unknown,3004,Medicines & Pharmaceuticals,1264987392.0,440134.0,440134.0,2026-05-11T15:52:45.356535,2026-05-11T15:52:53.904347+00:00
2016,392,Japan,M,Import,56,Belgium,3004,Medicines & Pharmaceuticals,670981794.0,911501.0,911501.0,2026-05-11T15:52:45.356537,2026-05-11T15:52:53.904347+00:00
2016,392,Japan,M,Import,458,Malaysia,3004,Medicines & Pharmaceuticals,632994.0,142011.0,142011.0,2026-05-11T15:52:45.356540,2026-05-11T15:52:53.904347+00:00
2016,392,Japan,M,Import,528,Netherlands,3004,Medicines & Pharmaceuticals,173453625.0,143884.0,143884.0,2026-05-11T15:52:45.356543,2026-05-11T15:52:53.904347+00:00
2016,392,Japan,M,Import,724,Spain,3004,Medicines & Pharmaceuticals,453405676.0,945290.0,945290.0,2026-05-11T15:52:45.356546,2026-05-11T15:52:53.904347+00:00
2016,392,Japan,M,Import,360,Indonesia,3004,Medicines & Pharmaceuticals,64646287.0,573506.0,573506.0,2026-05-11T15:52:45.356551,2026-05-11T15:52:53.904347+00:00
2016,392,Japan,M,Import,704,Vietnam,3004,Medicines & Pharmaceuticals,6124884.0,336218.0,336218.0,2026-05-11T15:52:45.356554,2026-05-11T15:52:53.904347+00:00
2016,392,Japan,M,Import,699,Unknown,3004,Medicines & Pharmaceuticals,41530880.0,297404.0,297404.0,2026-05-11T15:52:45.356557,2026-05-11T15:52:53.904347+00:00
2014,392,Japan,X,Export,50,Bangladesh,3004,Medicines & Pharmaceuticals,34986.0,60.0,60.0,2026-05-11T15:52:45.356560,2026-05-11T15:52:53.904347+00:00
2014,392,Japan,X,Export,380,Italy,3004,Medicines & Pharmaceuticals,58585156.0,34672.0,34672.0,2026-05-11T15:52:45.356563,2026-05-11T15:52:53.904347+00:00
2014,392,Japan,X,Export,251,Unknown,3004,Medicines & Pharmaceuticals,92640391.0,22145.0,22145.0,2026-05-11T15:52:45.356566,2026-05-11T15:52:53.904347+00:00
2014,392,Japan,X,Export,826,United Kingdom,3004,Medicines & Pharmaceuticals,30862680.0,35019.0,35019.0,2026-05-11T15:52:45.356569,2026-05-11T15:52:53.904347+00:00
2014,392,Japan,X,Export,352,Unknown,3004,Medicines & Pharmaceuticals,7923.0,16.0,16.0,2026-05-11T15:52:45.356572,2026-05-11T15:52:53.904347+00:00
2014,392,Japan,X,Export,36,Australia,3004,Medicines & Pharmaceuticals,2742124.0,1015265.0,1015265.0,2026-05-11T15:52:45.356575,2026-05-11T15:52:53.904347+00:00
2014,392,Japan,X,Export,699,Unknown,3004,Medicines & Pharmaceuticals,8896902.0,52757.0,52757.0,2026-05-11T15:52:45.356577,2026-05-11T15:52:53.904347+00:00
2014,392,Japan,X,Export,276,Germany,3004,Medicines & Pharmaceuticals,16595846.0,29244.0,29244.0,2026-05-11T15:52:45.356582,2026-05-11T15:52:53.904347+00:00
2014,392,Japan,X,Export,608,Philippines,3004,Medicines & Pharmaceuticals,5858088.0,19783.0,19783.0,2026-05-11T15:52:45.356585,2026-05-11T15:52:53.904347+00:00
2014,392,Japan,X,Export,417,Unknown,3004,Medicines & Pharmaceuticals,4854.0,12.0,12.0,2026-05-11T15:52:45.356588,2026-05-11T15:52:53.904347+00:00
2014,392,Japan,X,Export,705,Unknown,3004,Medicines & Pharmaceuticals,6393.0,7.0,7.0,2026-05-11T15:52:45.356591,2026-05-11T15:52:53.904347+00:00
2014,392,Japan,X,Export,364,Iran,3004,Medicines & Pharmaceuticals,3286.0,6.0,6.0,2026-05-11T15:52:45.356594,2026-05-11T15:52:53.904347+00:00
2014,392,Japan,X,Export,458,Malaysia,3004,Medicines & Pharmaceuticals,9433755.0,256259.0,256259.0,2026-05-11T15:52:45.356599,2026-05-11T15:52:53.904347+00:00
2014,392,Japan,X,Export,702,Unknown,3004,Medicines & Pharmaceuticals,9783392.0,131066.0,131066.0,2026-05-11T15:52:45.356602,2026-05-11T15:52:53.904347+00:00
2014,392,Japan,X,Export,360,Indonesia,3004,Medicines & Pharmaceuticals,11355321.0,42485.0,42485.0,2026-05-11T15:52:45.356605,2026-05-11T15:52:53.904347+00:00
2014,392,Japan,X,Export,704,Vietnam,3004,Medicines & Pharmaceuticals,14692496.0,253169.0,253169.0,2026-05-11T15:52:45.356608,2026-05-11T15:52:53.904347+00:00
2014,392,Japan,X,Export,842,Unknown,3004,Medicines & Pharmaceuticals,450932797.0,599713.0,599713.0,2026-05-11T15:52:45.356611,2026-05-11T15:52:53.904347+00:00
2014,392,Japan,X,Export,764,Thailand,3004,Medicines & Pharmaceuticals,66581601.0,338530.0,338530.0,2026-05-11T15:52:45.356617,2026-05-11T15:52:53.904347+00:00
2014,392,Japan,X,Export,344,Unknown,3004,Medicines & Pharmaceuticals,80216878.0,3203946.0,3203946.0,2026-05-11T15:52:45.356620,2026-05-11T15:52:53.904347+00:00
2014,392,Japan,X,Export,499,Unknown,3004,Medicines & Pharmaceuticals,4759.0,4.0,4.0,2026-05-11T15:52:45.356623,2026-05-11T15:52:53.904347+00:00
2014,392,Japan,X,Export,410,South Korea,3004,Medicines & Pharmaceuticals,165440831.0,10058179.0,10058179.0,2026-05-11T15:52:45.356627,2026-05-11T15:52:53.904347+00:00
2014,392,Japan,X,Export,490,Unknown,3004,Medicines & Pharmaceuticals,126691094.0,1675046.0,1675046.0,2026-05-11T15:52:45.356630,2026-05-11T15:52:53.904347+00:00
2016,392,Japan,X,Export,348,Unknown,3004,Medicines & Pharmaceuticals,8370.0,77.0,77.0,2026-05-11T15:52:45.356633,2026-05-11T15:52:53.904347+00:00
2016,392,Japan,X,Export,826,United Kingdom,3004,Medicines & Pharmaceuticals,58602870.0,38543.0,38543.0,2026-05-11T15:52:45.356636,2026-05-11T15:52:53.904347+00:00
2016,392,Japan,X,Export,842,Unknown,3004,Medicines & Pharmaceuticals,1327305691.0,703943.0,703943.0,2026-05-11T15:52:45.356639,2026-05-11T15:52:53.904347+00:00
2016,392,Japan,X,Export,0,World,3004,Medicines & Pharmaceuticals,2780102183.0,25030631.0,25030631.0,2026-05-11T15:52:45.356642,2026-05-11T15:52:53.904347+00:00
2016,392,Japan,X,Export,268,Unknown,3004,Medicines & Pharmaceuticals,85764.0,333.0,333.0,2026-05-11T15:52:45.356644,2026-05-11T15:52:53.904347+00:00
2016,392,Japan,X,Export,324,Unknown,3004,Medicines & Pharmaceuticals,307284.0,480.0,480.0,2026-05-11T15:52:45.356649,2026-05-11T15:52:53.904347+00:00
2016,392,Japan,X,Export,434,Unknown,3004,Medicines & Pharmaceuticals,27643.0,2701.0,2701.0,2026-05-11T15:52:45.356652,2026-05-11T15:52:53.904347+00:00
2016,392,Japan,X,Export,688,Unknown,3004,Medicines & Pharmaceuticals,332524.0,220.0,220.0,2026-05-11T15:52:45.356655,2026-05-11T15:52:53.904347+00:00
2016,392,Japan,X,Export,729,Unknown,3004,Medicines & Pharmaceuticals,506907.0,1781.0,1781.0,2026-05-11T15:52:45.356658,2026-05-11T15:52:53.904347+00:00
2016,392,Japan,X,Export,887,Yemen,3004,Medicines & Pharmaceuticals,525995.0,4416.0,4416.0,2026-05-11T15:52:45.356663,2026-05-11T15:52:53.904347+00:00
2016,392,Japan,X,Export,196,Cyprus,3004,Medicines & Pharmaceuticals,465443.0,1172.0,1172.0,2026-05-11T15:52:45.356666,2026-05-11T15:52:53.904347+00:00
2016,392,Japan,X,Export,860,Unknown,3004,Medicines & Pharmaceuticals,1946449.0,9040.0,9040.0,2026-05-11T15:52:45.356669,2026-05-11T15:52:53.904347+00:00
2016,392,Japan,X,Export,398,Kazakhstan,3004,Medicines & Pharmaceuticals,63674.0,210.0,210.0,2026-05-11T15:52:45.356671,2026-05-11T15:52:53.904347+00:00
2016,392,Japan,X,Export,480,Unknown,3004,Medicines & Pharmaceuticals,13996.0,495.0,495.0,2026-05-11T15:52:45.356674,2026-05-11T15:52:53.904347+00:00
2016,392,Japan,X,Export,320,Unknown,3004,Medicines & Pharmaceuticals,201704.0,1290.0,1290.0,2026-05-11T15:52:45.356677,2026-05-11T15:52:53.904347+00:00
2016,392,Japan,X,Export,222,Unknown,3004,Medicines & Pharmaceuticals,45801.0,291.0,291.0,2026-05-11T15:52:45.356682,2026-05-11T15:52:53.904347+00:00
2016,392,Japan,X,Export,440,Unknown,3004,Medicines & Pharmaceuticals,17284.0,33.0,33.0,2026-05-11T15:52:45.356685,2026-05-11T15:52:53.904347+00:00
2016,392,Japan,X,Export,858,Unknown,3004,Medicines & Pharmaceuticals,1089542.0,3308.0,3308.0,2026-05-11T15:52:45.356688,2026-05-11T15:52:53.904347+00:00
2016,392,Japan,X,Export,214,Unknown,3004,Medicines & Pharmaceuticals,259144.0,2143.0,2143.0,2026-05-11T15:52:45.356691,2026-05-11T15:52:53.904347+00:00
2016,392,Japan,X,Export,188,Unknown,3004,Medicines & Pharmaceuticals,14540.0,289.0,289.0,2026-05-11T15:52:45.356694,2026-05-11T15:52:53.904347+00:00
2016,392,Japan,X,Export,804,Ukraine,3004,Medicines & Pharmaceuticals,68361.0,817.0,817.0,2026-05-11T15:52:45.356697,2026-05-11T15:52:53.904347+00:00
2016,392,Japan,X,Export,300,Greece,3004,Medicines & Pharmaceuticals,30451.0,990.0,990.0,2026-05-11T15:52:45.356700,2026-05-11T15:52:53.904347+00:00
2016,392,Japan,X,Export,400,Jordan,3004,Medicines & Pharmaceuticals,6929479.0,23137.0,23137.0,2026-05-11T15:52:45.356703,2026-05-11T15:52:53.904347+00:00
2016,392,Japan,X,Export,418,Unknown,3004,Medicines & Pharmaceuticals,14825.0,1050.0,1050.0,2026-05-11T15:52:45.356706,2026-05-11T15:52:53.904347+00:00
2016,392,Japan,X,Export,512,Unknown,3004,Medicines & Pharmaceuticals,58177.0,2182.0,2182.0,2026-05-11T15:52:45.356709,2026-05-11T15:52:53.904347+00:00
2016,392,Japan,X,Export,496,Unknown,3004,Medicines & Pharmaceuticals,285617.0,9658.0,9658.0,2026-05-11T15:52:45.356714,2026-05-11T15:52:53.904347+00:00
2016,392,Japan,X,Export,372,Ireland,3004,Medicines & Pharmaceuticals,27941368.0,200958.0,200958.0,2026-05-11T15:52:45.356717,2026-05-11T15:52:53.904347+00:00
2016,392,Japan,X,Export,48,Unknown,3004,Medicines & Pharmaceuticals,124807.0,669.0,669.0,2026-05-11T15:52:45.356720,2026-05-11T15:52:53.904347+00:00
2016,392,Japan,X,Export,604,Peru,3004,Medicines & Pharmaceuticals,2072.0,117.0,117.0,2026-05-11T15:52:45.356723,2026-05-11T15:52:53.904347+00:00
2016,392,Japan,X,Export,170,Colombia,3004,Medicines & Pharmaceuticals,793344.0,2594.0,2594.0,2026-05-11T15:52:45.356738,2026-05-11T15:52:53.904347+00:00
2016,392,Japan,X,Export,364,Iran,3004,Medicines & Pharmaceuticals,188122.0,276.0,276.0,2026-05-11T15:52:45.356741,2026-05-11T15:52:53.904347+00:00
2016,392,Japan,X,Export,246,Finland,3004,Medicines & Pharmaceuticals,5785305.0,4864.0,4864.0,2026-05-11T15:52:45.356744,2026-05-11T15:52:53.904347+00:00
2016,392,Japan,X,Export,634,Qatar,3004,Medicines & Pharmaceuticals,241032.0,775.0,775.0,2026-05-11T15:52:45.356748,2026-05-11T15:52:53.904347+00:00
2016,392,Japan,X,Export,208,Denmark,3004,Medicines & Pharmaceuticals,2410382.0,769.0,769.0,2026-05-11T15:52:45.356750,2026-05-11T15:52:53.904347+00:00
2016,392,Japan,X,Export,446,Unknown,3004,Medicines & Pharmaceuticals,1305058.0,50818.0,50818.0,2026-05-11T15:52:45.356754,2026-05-11T15:52:53.904347+00:00
2016,392,Japan,X,Export,414,Kuwait,3004,Medicines & Pharmaceuticals,892635.0,4124.0,4124.0,2026-05-11T15:52:45.356759,2026-05-11T15:52:53.904347+00:00
2016,392,Japan,X,Export,620,Portugal,3004,Medicines & Pharmaceuticals,121713.0,163.0,163.0,2026-05-11T15:52:45.356762,2026-05-11T15:52:53.904347+00:00
2016,392,Japan,X,Export,152,Chile,3004,Medicines & Pharmaceuticals,576493.0,2592.0,2592.0,2026-05-11T15:52:45.356766,2026-05-11T15:52:53.904347+00:00
2016,392,Japan,X,Export,818,Egypt,3004,Medicines & Pharmaceuticals,371133.0,386.0,386.0,2026-05-11T15:52:45.356769,2026-05-11T15:52:53.904347+00:00
2016,392,Japan,X,Export,32,Argentina,3004,Medicines & Pharmaceuticals,224107.0,298.0,298.0,2026-05-11T15:52:45.356772,2026-05-11T15:52:53.904347+00:00
2016,392,Japan,X,Export,376,Israel,3004,Medicines & Pharmaceuticals,559983.0,888.0,888.0,2026-05-11T15:52:45.356775,2026-05-11T15:52:53.904347+00:00
2016,392,Japan,X,Export,752,Sweden,3004,Medicines & Pharmaceuticals,363205.0,349.0,349.0,2026-05-11T15:52:45.356778,2026-05-11T15:52:53.904347+00:00
2016,392,Japan,X,Export,203,Czech Republic,3004,Medicines & Pharmaceuticals,1935841.0,4041.0,4041.0,2026-05-11T15:52:45.356791,2026-05-11T15:52:53.904347+00:00
2016,392,Japan,X,Export,116,Cambodia,3004,Medicines & Pharmaceuticals,120599.0,3018.0,3018.0,2026-05-11T15:52:45.356794,2026-05-11T15:52:53.904347+00:00
2017,392,Japan,M,Import,579,Unknown,3004,Medicines & Pharmaceuticals,34683360.08,110520.0,110520.0,2026-05-11T15:52:45.356798,2026-05-11T15:52:53.904347+00:00
2017,392,Japan,M,Import,757,Unknown,3004,Medicines & Pharmaceuticals,1283274045.25,481285.0,481285.0,2026-05-11T15:52:45.356803,2026-05-11T15:52:53.904347+00:00
2017,392,Japan,M,Import,699,Unknown,3004,Medicines & Pharmaceuticals,54654832.33,388439.0,388439.0,2026-05-11T15:52:45.356806,2026-05-11T15:52:53.904347+00:00
2017,392,Japan,M,Import,251,Unknown,3004,Medicines & Pharmaceuticals,1462683141.27,2464098.0,2464098.0,2026-05-11T15:52:45.356810,2026-05-11T15:52:53.904347+00:00
2017,392,Japan,M,Import,490,Unknown,3004,Medicines & Pharmaceuticals,51227895.01,1048308.0,1048308.0,2026-05-11T15:52:45.356813,2026-05-11T15:52:53.904347+00:00
2017,392,Japan,M,Import,842,Unknown,3004,Medicines & Pharmaceuticals,2470718461.39,6871526.0,6871526.0,2026-05-11T15:52:45.356816,2026-05-11T15:52:53.904347+00:00
2017,392,Japan,M,Import,764,Thailand,3004,Medicines & Pharmaceuticals,31837803.19,4851576.0,4851576.0,2026-05-11T15:52:45.356819,2026-05-11T15:52:53.904347+00:00
2017,392,Japan,M,Import,380,Italy,3004,Medicines & Pharmaceuticals,773325305.56,1250278.0,1250278.0,2026-05-11T15:52:45.356822,2026-05-11T15:52:53.904347+00:00
2017,392,Japan,M,Import,704,Vietnam,3004,Medicines & Pharmaceuticals,16539578.82,793573.0,793573.0,2026-05-11T15:52:45.356825,2026-05-11T15:52:53.904347+00:00
2017,392,Japan,M,Import,246,Finland,3004,Medicines & Pharmaceuticals,72379884.55,60235.0,60235.0,2026-05-11T15:52:45.356828,2026-05-11T15:52:53.904347+00:00
2017,392,Japan,M,Import,705,Unknown,3004,Medicines & Pharmaceuticals,15286190.64,30817.0,30817.0,2026-05-11T15:52:45.356831,2026-05-11T15:52:53.904347+00:00
2017,392,Japan,M,Import,56,Belgium,3004,Medicines & Pharmaceuticals,587503740.83,804823.0,804823.0,2026-05-11T15:52:45.356836,2026-05-11T15:52:53.904347+00:00
2017,392,Japan,M,Import,352,Unknown,3004,Medicines & Pharmaceuticals,186415.76,105.0,105.0,2026-05-11T15:52:45.356839,2026-05-11T15:52:53.904347+00:00
2017,392,Japan,M,Import,752,Sweden,3004,Medicines & Pharmaceuticals,648109312.32,746699.0,746699.0,2026-05-11T15:52:45.356842,2026-05-11T15:52:53.904347+00:00
2017,392,Japan,M,Import,348,Unknown,3004,Medicines & Pharmaceuticals,2945383.32,9987.0,9987.0,2026-05-11T15:52:45.356845,2026-05-11T15:52:53.904347+00:00
2017,392,Japan,M,Import,702,Unknown,3004,Medicines & Pharmaceuticals,962361675.34,10320097.0,10320097.0,2026-05-11T15:52:45.356848,2026-05-11T15:52:53.904347+00:00
2017,392,Japan,M,Import,32,Argentina,3004,Medicines & Pharmaceuticals,160128.76,1003.0,1003.0,2026-05-11T15:52:45.356851,2026-05-11T15:52:53.904347+00:00
2017,392,Japan,M,Import,124,Canada,3004,Medicines & Pharmaceuticals,369319363.79,103880.0,103880.0,2026-05-11T15:52:45.356854,2026-05-11T15:52:53.904347+00:00
2017,392,Japan,M,Import,642,Romania,3004,Medicines & Pharmaceuticals,9004720.16,24875.0,24875.0,2026-05-11T15:52:45.356857,2026-05-11T15:52:53.904347+00:00
2017,392,Japan,M,Import,528,Netherlands,3004,Medicines & Pharmaceuticals,89624595.05,150374.0,150374.0,2026-05-11T15:52:45.356860,2026-05-11T15:52:53.904347+00:00
2017,392,Japan,M,Import,724,Spain,3004,Medicines & Pharmaceuticals,329082475.51,837512.0,837512.0,2026-05-11T15:52:45.356863,2026-05-11T15:52:53.904347+00:00
2017,392,Japan,M,Import,300,Greece,3004,Medicines & Pharmaceuticals,13467707.68,13883.0,13883.0,2026-05-11T15:52:45.356868,2026-05-11T15:52:53.904347+00:00
2017,392,Japan,M,Import,643,Russia,3004,Medicines & Pharmaceuticals,495513.12,193.0,193.0,2026-05-11T15:52:45.356871,2026-05-11T15:52:53.904347+00:00
2017,392,Japan,M,Import,458,Malaysia,3004,Medicines & Pharmaceuticals,502287.66,88089.0,88089.0,2026-05-11T15:52:45.356875,2026-05-11T15:52:53.904347+00:00
2017,392,Japan,M,Import,372,Ireland,3004,Medicines & Pharmaceuticals,900674343.32,283499.0,283499.0,2026-05-11T15:52:45.356878,2026-05-11T15:52:53.904347+00:00
2017,392,Japan,M,Import,40,Austria,3004,Medicines & Pharmaceuticals,72230158.27,170576.0,170576.0,2026-05-11T15:52:45.356881,2026-05-11T15:52:53.904347+00:00
2017,392,Japan,M,Import,792,Turkey,3004,Medicines & Pharmaceuticals,16920049.53,110464.0,110464.0,2026-05-11T15:52:45.356884,2026-05-11T15:52:53.904347+00:00
2017,392,Japan,M,Import,554,New Zealand,3004,Medicines & Pharmaceuticals,6428968.29,83303.0,83303.0,2026-05-11T15:52:45.356886,2026-05-11T15:52:53.904347+00:00
2017,392,Japan,M,Import,36,Australia,3004,Medicines & Pharmaceuticals,81587359.6,778888.0,778888.0,2026-05-11T15:52:45.356889,2026-05-11T15:52:53.904347+00:00
2017,392,Japan,M,Import,76,Brazil,3004,Medicines & Pharmaceuticals,8500943.89,13831.0,13831.0,2026-05-11T15:52:45.356894,2026-05-11T15:52:53.904347+00:00
2017,392,Japan,M,Import,203,Czech Republic,3004,Medicines & Pharmaceuticals,9925407.05,392939.0,392939.0,2026-05-11T15:52:45.356897,2026-05-11T15:52:53.904347+00:00
2017,392,Japan,M,Import,703,Unknown,3004,Medicines & Pharmaceuticals,237447.67,304.0,304.0,2026-05-11T15:52:45.356902,2026-05-11T15:52:53.904347+00:00
2017,392,Japan,M,Import,376,Israel,3004,Medicines & Pharmaceuticals,13960207.91,1718.0,1718.0,2026-05-11T15:52:45.356905,2026-05-11T15:52:53.904347+00:00
2017,392,Japan,M,Import,608,Philippines,3004,Medicines & Pharmaceuticals,365174.51,112936.0,112936.0,2026-05-11T15:52:45.356908,2026-05-11T15:52:53.904347+00:00
2017,392,Japan,M,Import,620,Portugal,3004,Medicines & Pharmaceuticals,787959.37,3251.0,3251.0,2026-05-11T15:52:45.356911,2026-05-11T15:52:53.904347+00:00
2017,392,Japan,M,Import,360,Indonesia,3004,Medicines & Pharmaceuticals,65025496.1,675198.0,675198.0,2026-05-11T15:52:45.356914,2026-05-11T15:52:53.904347+00:00
2017,392,Japan,M,Import,188,Unknown,3004,Medicines & Pharmaceuticals,5161.13,6.0,6.0,2026-05-11T15:52:45.356917,2026-05-11T15:52:53.904347+00:00
2017,392,Japan,M,Import,208,Denmark,3004,Medicines & Pharmaceuticals,492214996.44,544738.0,544738.0,2026-05-11T15:52:45.356920,2026-05-11T15:52:53.904347+00:00
2017,392,Japan,M,Import,440,Unknown,3004,Medicines & Pharmaceuticals,3565.55,12.0,12.0,2026-05-11T15:52:45.356923,2026-05-11T15:52:53.904347+00:00
2017,392,Japan,M,Import,484,Mexico,3004,Medicines & Pharmaceuticals,3709872.47,91653.0,91653.0,2026-05-11T15:52:45.356927,2026-05-11T15:52:53.904347+00:00
2017,392,Japan,M,Import,616,Poland,3004,Medicines & Pharmaceuticals,17943442.03,20837.0,20837.0,2026-05-11T15:52:45.356930,2026-05-11T15:52:53.904347+00:00
2017,392,Japan,M,Import,344,Unknown,3004,Medicines & Pharmaceuticals,23728.72,14.0,14.0,2026-05-11T15:52:45.356934,2026-05-11T15:52:53.904347+00:00
2017,392,Japan,M,Import,410,South Korea,3004,Medicines & Pharmaceuticals,176244199.74,2388753.0,2388753.0,2026-05-11T15:52:45.356938,2026-05-11T15:52:53.904347+00:00
2017,392,Japan,M,Import,276,Germany,3004,Medicines & Pharmaceuticals,2332277235.56,2949130.0,2949130.0,2026-05-11T15:52:45.356940,2026-05-11T15:52:53.904347+00:00
2017,392,Japan,M,Import,156,China,3004,Medicines & Pharmaceuticals,85875474.82,9537473.0,9537473.0,2026-05-11T15:52:45.356944,2026-05-11T15:52:53.904347+00:00
2017,392,Japan,M,Import,0,World,3004,Medicines & Pharmaceuticals,14815930277.6,51020987.663,51020987.663,2026-05-11T15:52:45.356947,2026-05-11T15:52:53.904347+00:00
2017,392,Japan,M,Import,170,Colombia,3004,Medicines & Pharmaceuticals,43392.72,125.102,125.102,2026-05-11T15:52:45.356950,2026-05-11T15:52:53.904347+00:00
2017,392,Japan,M,Import,826,United Kingdom,3004,Medicines & Pharmaceuticals,1251239878.42,1408968.086,1408968.086,2026-05-11T15:52:45.356953,2026-05-11T15:52:53.904347+00:00
2017,392,Japan,M,Import,804,Ukraine,3004,Medicines & Pharmaceuticals,289317.48,73.431,73.431,2026-05-11T15:52:45.356958,2026-05-11T15:52:53.904347+00:00
2017,392,Japan,M,Import,100,Bulgaria,3004,Medicines & Pharmaceuticals,37928.52,109.348,109.348,2026-05-11T15:52:45.356961,2026-05-11T15:52:53.904347+00:00
2017,392,Japan,M,Import,470,Unknown,3004,Medicines & Pharmaceuticals,4751.09,13.697,13.697,2026-05-11T15:52:45.356964,2026-05-11T15:52:53.904347+00:00
2017,392,Japan,X,Export,0,World,3004,Medicines & Pharmaceuticals,3032051259.88,28490522.434,28490522.434,2026-05-11T15:52:45.356969,2026-05-11T15:52:53.904347+00:00
2017,392,Japan,X,Export,702,Unknown,3004,Medicines & Pharmaceuticals,12557683.13,126780.973,126780.973,2026-05-11T15:52:45.356972,2026-05-11T15:52:53.904347+00:00
2017,392,Japan,X,Export,579,Unknown,3004,Medicines & Pharmaceuticals,3843.51,33.293,33.293,2026-05-11T15:52:45.356975,2026-05-11T15:52:53.904347+00:00
2017,392,Japan,X,Export,56,Belgium,3004,Medicines & Pharmaceuticals,2637172.05,7299.417,7299.417,2026-05-11T15:52:45.356978,2026-05-11T15:52:53.904347+00:00
2017,392,Japan,X,Export,36,Australia,3004,Medicines & Pharmaceuticals,4778522.75,62195.41,62195.41,2026-05-11T15:52:45.356981,2026-05-11T15:52:53.904347+00:00
2017,392,Japan,X,Export,699,Unknown,3004,Medicines & Pharmaceuticals,2836463.69,12911.052,12911.052,2026-05-11T15:52:45.356984,2026-05-11T15:52:53.904347+00:00
2017,392,Japan,X,Export,191,Croatia,3004,Medicines & Pharmaceuticals,3504.64,1.288,1.288,2026-05-11T15:52:45.356987,2026-05-11T15:52:53.904347+00:00
2017,392,Japan,X,Export,422,Lebanon,3004,Medicines & Pharmaceuticals,19850.69,311.0,311.0,2026-05-11T15:52:45.356990,2026-05-11T15:52:53.904347+00:00
2017,392,Japan,X,Export,152,Chile,3004,Medicines & Pharmaceuticals,691742.11,2650.0,2650.0,2026-05-11T15:52:45.356993,2026-05-11T15:52:53.904347+00:00
2017,392,Japan,X,Export,796,Unknown,3004,Medicines & Pharmaceuticals,3254.94,8.0,8.0,2026-05-11T15:52:45.356996,2026-05-11T15:52:53.904347+00:00
2017,392,Japan,X,Export,586,Pakistan,3004,Medicines & Pharmaceuticals,1401667.31,6991.0,6991.0,2026-05-11T15:52:45.357003,2026-05-11T15:52:53.904347+00:00
2017,392,Japan,X,Export,858,Unknown,3004,Medicines & Pharmaceuticals,580967.06,1660.0,1660.0,2026-05-11T15:52:45.357006,2026-05-11T15:52:53.904347+00:00
2017,392,Japan,X,Export,446,Unknown,3004,Medicines & Pharmaceuticals,1418753.53,59603.0,59603.0,2026-05-11T15:52:45.357008,2026-05-11T15:52:53.904347+00:00
2017,392,Japan,X,Export,51,Unknown,3004,Medicines & Pharmaceuticals,11976.4,165.0,165.0,2026-05-11T15:52:45.357011,2026-05-11T15:52:53.904347+00:00
2017,392,Japan,X,Export,418,Unknown,3004,Medicines & Pharmaceuticals,45123.31,350.0,350.0,2026-05-11T15:52:45.357014,2026-05-11T15:52:53.904347+00:00
2017,392,Japan,X,Export,784,UAE,3004,Medicines & Pharmaceuticals,4334388.11,22367.0,22367.0,2026-05-11T15:52:45.357017,2026-05-11T15:52:53.904347+00:00
2017,392,Japan,X,Export,616,Poland,3004,Medicines & Pharmaceuticals,2724181.56,30258.0,30258.0,2026-05-11T15:52:45.357020,2026-05-11T15:52:53.904347+00:00
2017,392,Japan,X,Export,192,Unknown,3004,Medicines & Pharmaceuticals,63903.88,99.0,99.0,2026-05-11T15:52:45.357023,2026-05-11T15:52:53.904347+00:00
2017,392,Japan,X,Export,246,Finland,3004,Medicines & Pharmaceuticals,4668398.69,7928.0,7928.0,2026-05-11T15:52:45.357026,2026-05-11T15:52:53.904347+00:00
2017,392,Japan,X,Export,348,Unknown,3004,Medicines & Pharmaceuticals,10968.71,23.0,23.0,2026-05-11T15:52:45.357029,2026-05-11T15:52:53.904347+00:00
2017,392,Japan,X,Export,196,Cyprus,3004,Medicines & Pharmaceuticals,554874.02,1383.0,1383.0,2026-05-11T15:52:45.357034,2026-05-11T15:52:53.904347+00:00
2017,392,Japan,X,Export,484,Mexico,3004,Medicines & Pharmaceuticals,8196987.95,18644.0,18644.0,2026-05-11T15:52:45.357037,2026-05-11T15:52:53.904347+00:00
2017,392,Japan,X,Export,398,Kazakhstan,3004,Medicines & Pharmaceuticals,195225.19,630.0,630.0,2026-05-11T15:52:45.357040,2026-05-11T15:52:53.904347+00:00
2017,392,Japan,X,Export,887,Yemen,3004,Medicines & Pharmaceuticals,1159990.08,9234.0,9234.0,2026-05-11T15:52:45.357043,2026-05-11T15:52:53.904347+00:00
2017,392,Japan,X,Export,170,Colombia,3004,Medicines & Pharmaceuticals,382032.13,1290.0,1290.0,2026-05-11T15:52:45.357046,2026-05-11T15:52:53.904347+00:00
2017,392,Japan,X,Export,710,South Africa,3004,Medicines & Pharmaceuticals,987932.94,62088.0,62088.0,2026-05-11T15:52:45.357049,2026-05-11T15:52:53.904347+00:00
2017,392,Japan,X,Export,752,Sweden,3004,Medicines & Pharmaceuticals,1366710.12,392.0,392.0,2026-05-11T15:52:45.357052,2026-05-11T15:52:53.904347+00:00
2017,392,Japan,X,Export,724,Spain,3004,Medicines & Pharmaceuticals,6957113.56,24119.0,24119.0,2026-05-11T15:52:45.357055,2026-05-11T15:52:53.904347+00:00
2017,392,Japan,X,Export,400,Jordan,3004,Medicines & Pharmaceuticals,7249683.83,50728.0,50728.0,2026-05-11T15:52:45.357058,2026-05-11T15:52:53.904347+00:00
2017,392,Japan,X,Export,40,Austria,3004,Medicines & Pharmaceuticals,15418.62,1.0,1.0,2026-05-11T15:52:45.357061,2026-05-11T15:52:53.904347+00:00
2017,392,Japan,X,Export,682,Saudi Arabia,3004,Medicines & Pharmaceuticals,7512397.8,59495.0,59495.0,2026-05-11T15:52:45.357066,2026-05-11T15:52:53.904347+00:00
2017,392,Japan,X,Export,376,Israel,3004,Medicines & Pharmaceuticals,1726679.98,1936.0,1936.0,2026-05-11T15:52:45.357069,2026-05-11T15:52:53.904347+00:00
2017,392,Japan,X,Export,705,Unknown,3004,Medicines & Pharmaceuticals,25031.84,5.0,5.0,2026-05-11T15:52:45.357072,2026-05-11T15:52:53.904347+00:00
2017,392,Japan,X,Export,804,Ukraine,3004,Medicines & Pharmaceuticals,1299872.34,7389.0,7389.0,2026-05-11T15:52:45.357075,2026-05-11T15:52:53.904347+00:00
2017,392,Japan,X,Export,512,Unknown,3004,Medicines & Pharmaceuticals,77235.77,3267.0,3267.0,2026-05-11T15:52:45.357078,2026-05-11T15:52:53.904347+00:00
2017,392,Japan,X,Export,48,Unknown,3004,Medicines & Pharmaceuticals,238119.09,1460.0,1460.0,2026-05-11T15:52:45.357081,2026-05-11T15:52:53.904347+00:00
2017,392,Japan,X,Export,116,Cambodia,3004,Medicines & Pharmaceuticals,219499.04,5316.0,5316.0,2026-05-11T15:52:45.357084,2026-05-11T15:52:53.904347+00:00
2017,392,Japan,X,Export,414,Kuwait,3004,Medicines & Pharmaceuticals,427851.01,3281.0,3281.0,2026-05-11T15:52:45.357087,2026-05-11T15:52:53.904347+00:00
2017,392,Japan,X,Export,32,Argentina,3004,Medicines & Pharmaceuticals,337827.34,399.0,399.0,2026-05-11T15:52:45.357090,2026-05-11T15:52:53.904347+00:00
2017,392,Japan,X,Export,268,Unknown,3004,Medicines & Pharmaceuticals,36526.69,150.0,150.0,2026-05-11T15:52:45.357093,2026-05-11T15:52:53.904347+00:00
2017,392,Japan,X,Export,643,Russia,3004,Medicines & Pharmaceuticals,7828599.83,30435.0,30435.0,2026-05-11T15:52:45.357097,2026-05-11T15:52:53.904347+00:00
2017,392,Japan,X,Export,352,Unknown,3004,Medicines & Pharmaceuticals,5814.31,2.0,2.0,2026-05-11T15:52:45.357102,2026-05-11T15:52:53.904347+00:00
2017,392,Japan,X,Export,208,Denmark,3004,Medicines & Pharmaceuticals,2363.18,1.0,1.0,2026-05-11T15:52:45.357121,2026-05-11T15:52:53.904347+00:00
2017,392,Japan,X,Export,380,Italy,3004,Medicines & Pharmaceuticals,34787039.24,79190.0,79190.0,2026-05-11T15:52:45.357128,2026-05-11T15:52:53.904347+00:00
2017,392,Japan,X,Export,104,Unknown,3004,Medicines & Pharmaceuticals,636791.55,13596.0,13596.0,2026-05-11T15:52:45.357135,2026-05-11T15:52:53.904347+00:00
2017,392,Japan,X,Export,634,Qatar,3004,Medicines & Pharmaceuticals,207157.01,907.0,907.0,2026-05-11T15:52:45.357140,2026-05-11T15:52:53.904347+00:00
2017,392,Japan,X,Export,528,Netherlands,3004,Medicines & Pharmaceuticals,65543773.31,94910.0,94910.0,2026-05-11T15:52:45.357145,2026-05-11T15:52:53.904347+00:00
2017,392,Japan,X,Export,826,United Kingdom,3004,Medicines & Pharmaceuticals,176165375.61,71287.0,71287.0,2026-05-11T15:52:45.357150,2026-05-11T15:52:53.904347+00:00
2017,392,Japan,X,Export,214,Unknown,3004,Medicines & Pharmaceuticals,367888.73,3351.0,3351.0,2026-05-11T15:52:45.357160,2026-05-11T15:52:53.904347+00:00
2017,392,Japan,X,Export,144,Sri Lanka,3004,Medicines & Pharmaceuticals,157788.9,6682.0,6682.0,2026-05-11T15:52:45.357166,2026-05-11T15:52:53.904347+00:00
2017,392,Japan,X,Export,124,Canada,3004,Medicines & Pharmaceuticals,7845534.45,24803.0,24803.0,2026-05-11T15:52:45.357172,2026-05-11T15:52:53.904347+00:00
2017,392,Japan,X,Export,818,Egypt,3004,Medicines & Pharmaceuticals,2532.61,16.0,16.0,2026-05-11T15:52:45.357175,2026-05-11T15:52:53.904347+00:00
2017,392,Japan,X,Export,222,Unknown,3004,Medicines & Pharmaceuticals,26414.08,167.0,167.0,2026-05-11T15:52:45.357177,2026-05-11T15:52:53.904347+00:00
2017,392,Japan,X,Export,372,Ireland,3004,Medicines & Pharmaceuticals,40746062.66,352364.0,352364.0,2026-05-11T15:52:45.357181,2026-05-11T15:52:53.904347+00:00
2017,392,Japan,X,Export,729,Unknown,3004,Medicines & Pharmaceuticals,890801.89,3607.0,3607.0,2026-05-11T15:52:45.357184,2026-05-11T15:52:53.904347+00:00
2017,392,Japan,X,Export,860,Unknown,3004,Medicines & Pharmaceuticals,666567.58,2429.0,2429.0,2026-05-11T15:52:45.357187,2026-05-11T15:52:53.904347+00:00
2017,392,Japan,X,Export,70,Unknown,3004,Medicines & Pharmaceuticals,4333.98,5.0,5.0,2026-05-11T15:52:45.357190,2026-05-11T15:52:53.904347+00:00
2017,392,Japan,X,Export,600,Unknown,3004,Medicines & Pharmaceuticals,113325.5,1100.0,1100.0,2026-05-11T15:52:45.357193,2026-05-11T15:52:53.904347+00:00
2017,392,Japan,X,Export,688,Unknown,3004,Medicines & Pharmaceuticals,104015.47,81.0,81.0,2026-05-11T15:52:45.357196,2026-05-11T15:52:53.904347+00:00
2017,392,Japan,X,Export,76,Brazil,3004,Medicines & Pharmaceuticals,13655650.95,84592.0,84592.0,2026-05-11T15:52:45.357200,2026-05-11T15:52:53.904347+00:00
2017,392,Japan,X,Export,496,Unknown,3004,Medicines & Pharmaceuticals,426718.47,14703.0,14703.0,2026-05-11T15:52:45.357204,2026-05-11T15:52:53.904347+00:00
2017,392,Japan,X,Export,320,Unknown,3004,Medicines & Pharmaceuticals,61059.15,374.0,374.0,2026-05-11T15:52:45.357207,2026-05-11T15:52:53.904347+00:00
2017,392,Japan,X,Export,554,New Zealand,3004,Medicines & Pharmaceuticals,77173.34,31584.0,31584.0,2026-05-11T15:52:45.357210,2026-05-11T15:52:53.904347+00:00
2017,392,Japan,X,Export,218,Ecuador,3004,Medicines & Pharmaceuticals,125783.45,7000.0,7000.0,2026-05-11T15:52:45.357213,2026-05-11T15:52:53.904347+00:00
2017,392,Japan,X,Export,620,Portugal,3004,Medicines & Pharmaceuticals,8908.73,57.0,57.0,2026-05-11T15:52:45.357216,2026-05-11T15:52:53.904347+00:00
2017,392,Japan,X,Export,591,Unknown,3004,Medicines & Pharmaceuticals,402872.67,21359.0,21359.0,2026-05-11T15:52:45.357219,2026-05-11T15:52:53.904347+00:00
2017,392,Japan,X,Export,364,Iran,3004,Medicines & Pharmaceuticals,91602.1,215.0,215.0,2026-05-11T15:52:45.357222,2026-05-11T15:52:53.904347+00:00
2017,392,Japan,X,Export,203,Czech Republic,3004,Medicines & Pharmaceuticals,3551882.16,7059.0,7059.0,2026-05-11T15:52:45.357225,2026-05-11T15:52:53.904347+00:00
2017,392,Japan,X,Export,580,Unknown,3004,Medicines & Pharmaceuticals,40441.54,1434.0,1434.0,2026-05-11T15:52:45.357228,2026-05-11T15:52:53.904347+00:00
2016,392,Japan,X,Export,144,Sri Lanka,3004,Medicines & Pharmaceuticals,313923.0,13118.0,13118.0,2026-05-11T15:52:45.357231,2026-05-11T15:52:53.904347+00:00
2016,392,Japan,X,Export,616,Poland,3004,Medicines & Pharmaceuticals,5550157.0,3802.0,3802.0,2026-05-11T15:52:45.357236,2026-05-11T15:52:53.904347+00:00
2016,392,Japan,X,Export,710,South Africa,3004,Medicines & Pharmaceuticals,523988.0,12740.0,12740.0,2026-05-11T15:52:45.357239,2026-05-11T15:52:53.904347+00:00
2016,392,Japan,X,Export,586,Pakistan,3004,Medicines & Pharmaceuticals,711244.0,5379.0,5379.0,2026-05-11T15:52:45.357242,2026-05-11T15:52:53.904347+00:00
2016,392,Japan,X,Export,757,Unknown,3004,Medicines & Pharmaceuticals,25563960.0,50991.0,50991.0,2026-05-11T15:52:45.357245,2026-05-11T15:52:53.904347+00:00
2016,392,Japan,X,Export,554,New Zealand,3004,Medicines & Pharmaceuticals,756097.0,382812.0,382812.0,2026-05-11T15:52:45.357248,2026-05-11T15:52:53.904347+00:00
2016,392,Japan,X,Export,104,Unknown,3004,Medicines & Pharmaceuticals,217717.0,3999.0,3999.0,2026-05-11T15:52:45.357251,2026-05-11T15:52:53.904347+00:00
2018,392,Japan,M,Import,0,World,3004,Medicines & Pharmaceuticals,16561282658.97,51869972.515,51869972.515,2026-05-11T15:52:45.357254,2026-05-11T15:52:53.904347+00:00
2018,392,Japan,M,Import,170,Colombia,3004,Medicines & Pharmaceuticals,8181.86,21.024,21.024,2026-05-11T15:52:45.357257,2026-05-11T15:52:53.904347+00:00
2018,392,Japan,M,Import,792,Turkey,3004,Medicines & Pharmaceuticals,18269151.92,94141.491,94141.491,2026-05-11T15:52:45.357260,2026-05-11T15:52:53.904347+00:00
2018,392,Japan,X,Export,0,World,3004,Medicines & Pharmaceuticals,3945000974.82,29234346.91,29234346.91,2026-05-11T15:52:45.357263,2026-05-11T15:52:53.904347+00:00
2018,392,Japan,X,Export,36,Australia,3004,Medicines & Pharmaceuticals,6131941.72,741292.91,741292.91,2026-05-11T15:52:45.357268,2026-05-11T15:52:53.904347+00:00
2018,392,Japan,X,Export,76,Brazil,3004,Medicines & Pharmaceuticals,25035523.82,86849.059,86849.059,2026-05-11T15:52:45.357271,2026-05-11T15:52:53.904347+00:00
2018,392,Japan,X,Export,218,Ecuador,3004,Medicines & Pharmaceuticals,2201.57,14.584,14.584,2026-05-11T15:52:45.357274,2026-05-11T15:52:53.904347+00:00
2018,392,Japan,X,Export,262,Unknown,3004,Medicines & Pharmaceuticals,2627.39,17.405,17.405,2026-05-11T15:52:45.357277,2026-05-11T15:52:53.904347+00:00
2018,392,Japan,X,Export,300,Greece,3004,Medicines & Pharmaceuticals,6260.44,41.472,41.472,2026-05-11T15:52:45.357280,2026-05-11T15:52:53.904347+00:00
2018,392,Japan,X,Export,348,Unknown,3004,Medicines & Pharmaceuticals,9929.73,3.721,3.721,2026-05-11T15:52:45.357283,2026-05-11T15:52:53.904347+00:00
2014,392,Japan,X,Export,490,Unknown,7108,Gold,202258512.0,5471.0,5471.0,2026-05-11T15:52:53.110076,2026-05-11T15:52:53.904347+00:00
2014,392,Japan,X,Export,156,China,7108,Gold,153242742.0,4924.0,4924.0,2026-05-11T15:52:53.110088,2026-05-11T15:52:53.904347+00:00
2014,392,Japan,X,Export,0,World,7108,Gold,4374531526.0,113832.0,113832.0,2026-05-11T15:52:53.110092,2026-05-11T15:52:53.904347+00:00
2014,392,Japan,X,Export,56,Belgium,7108,Gold,127112.0,3.0,3.0,2026-05-11T15:52:53.110095,2026-05-11T15:52:53.904347+00:00
2014,392,Japan,X,Export,699,Unknown,7108,Gold,115223.0,3.0,3.0,2026-05-11T15:52:53.110098,2026-05-11T15:52:53.904347+00:00
2014,392,Japan,X,Export,251,Unknown,7108,Gold,39906.0,1.0,1.0,2026-05-11T15:52:53.110102,2026-05-11T15:52:53.904347+00:00
2014,392,Japan,X,Export,724,Spain,7108,Gold,31946.0,1.0,1.0,2026-05-11T15:52:53.110105,2026-05-11T15:52:53.904347+00:00
2014,392,Japan,X,Export,752,Sweden,7108,Gold,49028.0,1.0,1.0,2026-05-11T15:52:53.110108,2026-05-11T15:52:53.904347+00:00
2014,392,Japan,M,Import,512,Unknown,7108,Gold,10286.0,1.0,1.0,2026-05-11T15:52:53.110111,2026-05-11T15:52:53.904347+00:00
2014,392,Japan,M,Import,458,Malaysia,7108,Gold,389836.0,10.0,10.0,2026-05-11T15:52:53.110114,2026-05-11T15:52:53.904347+00:00
2014,392,Japan,M,Import,694,Unknown,7108,Gold,55854.0,2.0,2.0,2026-05-11T15:52:53.110117,2026-05-11T15:52:53.904347+00:00
2014,392,Japan,M,Import,288,Ghana,7108,Gold,965849.0,25.0,25.0,2026-05-11T15:52:53.110120,2026-05-11T15:52:53.904347+00:00
2014,392,Japan,M,Import,860,Unknown,7108,Gold,21650549.0,504.0,504.0,2026-05-11T15:52:53.110123,2026-05-11T15:52:53.904347+00:00
2014,392,Japan,M,Import,344,Unknown,7108,Gold,25748565.0,646.0,646.0,2026-05-11T15:52:53.110126,2026-05-11T15:52:53.904347+00:00
2014,392,Japan,M,Import,246,Finland,7108,Gold,10276.0,0.0,0.0,2026-05-11T15:52:53.110133,2026-05-11T15:52:53.904347+00:00
2014,392,Japan,M,Import,702,Unknown,7108,Gold,1776426.0,89.0,89.0,2026-05-11T15:52:53.110136,2026-05-11T15:52:53.904347+00:00
2014,392,Japan,M,Import,484,Mexico,7108,Gold,19548735.0,508.0,508.0,2026-05-11T15:52:53.110139,2026-05-11T15:52:53.904347+00:00
2014,392,Japan,M,Import,40,Austria,7108,Gold,8026.0,0.0,0.0,2026-05-11T15:52:53.110142,2026-05-11T15:52:53.904347+00:00
2014,392,Japan,M,Import,608,Philippines,7108,Gold,216563.0,12.0,12.0,2026-05-11T15:52:53.110145,2026-05-11T15:52:53.904347+00:00
2014,392,Japan,M,Import,36,Australia,7108,Gold,62611677.0,1539.0,1539.0,2026-05-11T15:52:53.110149,2026-05-11T15:52:53.904347+00:00
2014,392,Japan,M,Import,56,Belgium,7108,Gold,1138744.0,28.0,28.0,2026-05-11T15:52:53.110151,2026-05-11T15:52:53.904347+00:00
2014,392,Japan,M,Import,757,Unknown,7108,Gold,75332942.0,1851.0,1851.0,2026-05-11T15:52:53.110154,2026-05-11T15:52:53.904347+00:00
2014,392,Japan,M,Import,124,Canada,7108,Gold,227033357.0,5620.0,5620.0,2026-05-11T15:52:53.110158,2026-05-11T15:52:53.904347+00:00
2014,392,Japan,M,Import,826,United Kingdom,7108,Gold,69355.0,2.0,2.0,2026-05-11T15:52:53.110161,2026-05-11T15:52:53.904347+00:00
2014,392,Japan,M,Import,704,Vietnam,7108,Gold,1429445.0,35.0,35.0,2026-05-11T15:52:53.110166,2026-05-11T15:52:53.904347+00:00
2014,392,Japan,M,Import,360,Indonesia,7108,Gold,9918607.0,248.0,248.0,2026-05-11T15:52:53.110169,2026-05-11T15:52:53.904347+00:00
2014,392,Japan,M,Import,490,Unknown,7108,Gold,42839043.0,1099.0,1099.0,2026-05-11T15:52:53.110172,2026-05-11T15:52:53.904347+00:00
2014,392,Japan,M,Import,251,Unknown,7108,Gold,96686.0,3.0,3.0,2026-05-11T15:52:53.110175,2026-05-11T15:52:53.904347+00:00
2014,392,Japan,M,Import,764,Thailand,7108,Gold,14987880.0,368.0,368.0,2026-05-11T15:52:53.110178,2026-05-11T15:52:53.904347+00:00
2014,392,Japan,M,Import,380,Italy,7108,Gold,86977.0,6.0,6.0,2026-05-11T15:52:53.110181,2026-05-11T15:52:53.904347+00:00
2014,392,Japan,M,Import,276,Germany,7108,Gold,790997.0,78.0,78.0,2026-05-11T15:52:53.110184,2026-05-11T15:52:53.904347+00:00
2014,392,Japan,M,Import,410,South Korea,7108,Gold,43017080.0,1163.0,1163.0,2026-05-11T15:52:53.110188,2026-05-11T15:52:53.904347+00:00
2014,392,Japan,M,Import,842,Unknown,7108,Gold,56853265.0,1602.0,1602.0,2026-05-11T15:52:53.110191,2026-05-11T15:52:53.904347+00:00
2016,392,Japan,X,Export,188,Unknown,7108,Gold,1873116.0,32.0,32.0,2026-05-11T15:52:53.110194,2026-05-11T15:52:53.904347+00:00
2016,392,Japan,X,Export,643,Russia,7108,Gold,7836.0,0.0,0.0,2026-05-11T15:52:53.110199,2026-05-11T15:52:53.904347+00:00
2016,392,Japan,X,Export,76,Brazil,7108,Gold,3729.0,0.0,0.0,2026-05-11T15:52:53.110202,2026-05-11T15:52:53.904347+00:00
2016,392,Japan,X,Export,484,Mexico,7108,Gold,1138492.0,33.0,33.0,2026-05-11T15:52:53.110205,2026-05-11T15:52:53.904347+00:00
2016,392,Japan,X,Export,124,Canada,7108,Gold,130139612.0,3453.0,3453.0,2026-05-11T15:52:53.110208,2026-05-11T15:52:53.904347+00:00
2016,392,Japan,X,Export,36,Australia,7108,Gold,56666817.0,1544.0,1544.0,2026-05-11T15:52:53.110211,2026-05-11T15:52:53.904347+00:00
2016,392,Japan,X,Export,826,United Kingdom,7108,Gold,2578762652.0,63919.0,63919.0,2026-05-11T15:52:53.110214,2026-05-11T15:52:53.904347+00:00
2016,392,Japan,X,Export,251,Unknown,7108,Gold,43287.0,15.0,15.0,2026-05-11T15:52:53.110217,2026-05-11T15:52:53.904347+00:00
2016,392,Japan,X,Export,276,Germany,7108,Gold,443951.0,83.0,83.0,2026-05-11T15:52:53.110221,2026-05-11T15:52:53.904347+00:00
2016,392,Japan,X,Export,699,Unknown,7108,Gold,1125398.0,28.0,28.0,2026-05-11T15:52:53.110224,2026-05-11T15:52:53.904347+00:00
2016,392,Japan,X,Export,608,Philippines,7108,Gold,16533290.0,656.0,656.0,2026-05-11T15:52:53.110227,2026-05-11T15:52:53.904347+00:00
2016,392,Japan,X,Export,40,Austria,7108,Gold,35810.0,20.0,20.0,2026-05-11T15:52:53.110232,2026-05-11T15:52:53.904347+00:00
2016,392,Japan,X,Export,380,Italy,7108,Gold,525397.0,20.0,20.0,2026-05-11T15:52:53.110235,2026-05-11T15:52:53.904347+00:00
2016,392,Japan,X,Export,458,Malaysia,7108,Gold,284233081.0,7053.0,7053.0,2026-05-11T15:52:53.110238,2026-05-11T15:52:53.904347+00:00
2016,392,Japan,X,Export,702,Unknown,7108,Gold,1594917148.0,40874.0,40874.0,2026-05-11T15:52:53.110241,2026-05-11T15:52:53.904347+00:00
2016,392,Japan,X,Export,528,Netherlands,7108,Gold,393085.0,11.0,11.0,2026-05-11T15:52:53.110244,2026-05-11T15:52:53.904347+00:00
2016,392,Japan,X,Export,360,Indonesia,7108,Gold,10104052.0,272.0,272.0,2026-05-11T15:52:53.110247,2026-05-11T15:52:53.904347+00:00
2016,392,Japan,X,Export,704,Vietnam,7108,Gold,11515168.0,2146.0,2146.0,2026-05-11T15:52:53.110250,2026-05-11T15:52:53.904347+00:00
2016,392,Japan,X,Export,842,Unknown,7108,Gold,279805015.0,7153.0,7153.0,2026-05-11T15:52:53.110253,2026-05-11T15:52:53.904347+00:00
2016,392,Japan,X,Export,764,Thailand,7108,Gold,246541842.0,9066.0,9066.0,2026-05-11T15:52:53.110256,2026-05-11T15:52:53.904347+00:00
2016,392,Japan,X,Export,344,Unknown,7108,Gold,1198341855.0,30679.0,30679.0,2026-05-11T15:52:53.110259,2026-05-11T15:52:53.904347+00:00
2016,392,Japan,X,Export,56,Belgium,7108,Gold,187302.0,6.0,6.0,2026-05-11T15:52:53.110264,2026-05-11T15:52:53.904347+00:00
2016,392,Japan,X,Export,203,Czech Republic,7108,Gold,17790.0,6.0,6.0,2026-05-11T15:52:53.110267,2026-05-11T15:52:53.904347+00:00
2016,392,Japan,X,Export,470,Unknown,7108,Gold,98527.0,6.0,6.0,2026-05-11T15:52:53.110270,2026-05-11T15:52:53.904347+00:00
2016,392,Japan,X,Export,410,South Korea,7108,Gold,104132659.0,2694.0,2694.0,2026-05-11T15:52:53.110273,2026-05-11T15:52:53.904347+00:00
2016,392,Japan,X,Export,490,Unknown,7108,Gold,237155821.0,10225.0,10225.0,2026-05-11T15:52:53.110276,2026-05-11T15:52:53.904347+00:00
2016,392,Japan,X,Export,50,Bangladesh,7108,Gold,2219.0,5.0,5.0,2026-05-11T15:52:53.110279,2026-05-11T15:52:53.904347+00:00
2016,392,Japan,X,Export,156,China,7108,Gold,59644133.0,2301.0,2301.0,2026-05-11T15:52:53.110282,2026-05-11T15:52:53.904347+00:00
2016,392,Japan,X,Export,316,Unknown,7108,Gold,91381.0,4.0,4.0,2026-05-11T15:52:53.110287,2026-05-11T15:52:53.904347+00:00
2016,392,Japan,X,Export,0,World,7108,Gold,7344793097.0,196574.0,196574.0,2026-05-11T15:52:53.110290,2026-05-11T15:52:53.904347+00:00
2016,392,Japan,M,Import,178,Unknown,7108,Gold,71218.0,2.0,2.0,2026-05-11T15:52:53.110293,2026-05-11T15:52:53.904347+00:00
2016,392,Japan,M,Import,710,South Africa,7108,Gold,158831.0,4.0,4.0,2026-05-11T15:52:53.110298,2026-05-11T15:52:53.904347+00:00
2016,392,Japan,M,Import,288,Ghana,7108,Gold,335371.0,9.0,9.0,2026-05-11T15:52:53.110301,2026-05-11T15:52:53.904347+00:00
2014,392,Japan,X,Export,579,Unknown,7108,Gold,2096.0,0.0,0.0,2026-05-11T15:52:53.110304,2026-05-11T15:52:53.904347+00:00
2014,392,Japan,X,Export,398,Kazakhstan,7108,Gold,4995.0,0.0,0.0,2026-05-11T15:52:53.110307,2026-05-11T15:52:53.904347+00:00
2014,392,Japan,X,Export,446,Unknown,7108,Gold,5288.0,0.0,0.0,2026-05-11T15:52:53.110310,2026-05-11T15:52:53.904347+00:00
2014,392,Japan,X,Export,414,Kuwait,7108,Gold,2276.0,0.0,0.0,2026-05-11T15:52:53.110313,2026-05-11T15:52:53.904347+00:00
2014,392,Japan,X,Export,757,Unknown,7108,Gold,272771886.0,6652.0,6652.0,2026-05-11T15:52:53.110316,2026-05-11T15:52:53.904347+00:00
2014,392,Japan,X,Export,554,New Zealand,7108,Gold,10236.0,0.0,0.0,2026-05-11T15:52:53.110319,2026-05-11T15:52:53.904347+00:00
2014,392,Japan,X,Export,188,Unknown,7108,Gold,2211758.0,38.0,38.0,2026-05-11T15:52:53.110322,2026-05-11T15:52:53.904347+00:00
2014,392,Japan,X,Export,50,Bangladesh,7108,Gold,135016.0,24.0,24.0,2026-05-11T15:52:53.110325,2026-05-11T15:52:53.904347+00:00
2014,392,Japan,X,Export,784,UAE,7108,Gold,2135648.0,72.0,72.0,2026-05-11T15:52:53.110330,2026-05-11T15:52:53.904347+00:00
2014,392,Japan,X,Export,484,Mexico,7108,Gold,1353663.0,34.0,34.0,2026-05-11T15:52:53.110332,2026-05-11T15:52:53.904347+00:00
2014,392,Japan,X,Export,528,Netherlands,7108,Gold,1581126.0,34.0,34.0,2026-05-11T15:52:53.110335,2026-05-11T15:52:53.904347+00:00
2014,392,Japan,X,Export,380,Italy,7108,Gold,814119.0,27.0,27.0,2026-05-11T15:52:53.110351,2026-05-11T15:52:53.904347+00:00
2014,392,Japan,X,Export,826,United Kingdom,7108,Gold,288099358.0,6969.0,6969.0,2026-05-11T15:52:53.110354,2026-05-11T15:52:53.904347+00:00
2014,392,Japan,X,Export,36,Australia,7108,Gold,2323.0,0.0,0.0,2026-05-11T15:52:53.110357,2026-05-11T15:52:53.904347+00:00
2014,392,Japan,X,Export,276,Germany,7108,Gold,602114.0,88.0,88.0,2026-05-11T15:52:53.110360,2026-05-11T15:52:53.904347+00:00
2014,392,Japan,X,Export,608,Philippines,7108,Gold,21479624.0,649.0,649.0,2026-05-11T15:52:53.110363,2026-05-11T15:52:53.904347+00:00
2014,392,Japan,X,Export,124,Canada,7108,Gold,129464.0,6.0,6.0,2026-05-11T15:52:53.110366,2026-05-11T15:52:53.904347+00:00
2014,392,Japan,X,Export,458,Malaysia,7108,Gold,243163010.0,5922.0,5922.0,2026-05-11T15:52:53.110369,2026-05-11T15:52:53.904347+00:00
2014,392,Japan,X,Export,702,Unknown,7108,Gold,779152025.0,19236.0,19236.0,2026-05-11T15:52:53.110374,2026-05-11T15:52:53.904347+00:00
2014,392,Japan,X,Export,360,Indonesia,7108,Gold,9712994.0,255.0,255.0,2026-05-11T15:52:53.110377,2026-05-11T15:52:53.904347+00:00
2014,392,Japan,X,Export,203,Czech Republic,7108,Gold,34080.0,9.0,9.0,2026-05-11T15:52:53.110379,2026-05-11T15:52:53.904347+00:00
2014,392,Japan,X,Export,704,Vietnam,7108,Gold,15621574.0,2668.0,2668.0,2026-05-11T15:52:53.110382,2026-05-11T15:52:53.904347+00:00
2014,392,Japan,X,Export,842,Unknown,7108,Gold,29767849.0,776.0,776.0,2026-05-11T15:52:53.110385,2026-05-11T15:52:53.904347+00:00
2014,392,Japan,X,Export,764,Thailand,7108,Gold,693556470.0,18480.0,18480.0,2026-05-11T15:52:53.110393,2026-05-11T15:52:53.904347+00:00
2014,392,Japan,X,Export,344,Unknown,7108,Gold,1567731298.0,39167.0,39167.0,2026-05-11T15:52:53.110396,2026-05-11T15:52:53.904347+00:00
2014,392,Japan,X,Export,620,Portugal,7108,Gold,30860.0,4.0,4.0,2026-05-11T15:52:53.110399,2026-05-11T15:52:53.904347+00:00
2014,392,Japan,X,Export,410,South Korea,7108,Gold,88555906.0,2318.0,2318.0,2026-05-11T15:52:53.110402,2026-05-11T15:52:53.904347+00:00
2015,392,Japan,X,Export,276,Germany,7108,Gold,402449.0,182.0,182.0,2026-05-11T15:52:53.110405,2026-05-11T15:52:53.904347+00:00
2015,392,Japan,X,Export,608,Philippines,7108,Gold,19802627.0,626.0,626.0,2026-05-11T15:52:53.110410,2026-05-11T15:52:53.904347+00:00
2015,392,Japan,X,Export,458,Malaysia,7108,Gold,223401010.0,5941.0,5941.0,2026-05-11T15:52:53.110413,2026-05-11T15:52:53.904347+00:00
2015,392,Japan,X,Export,56,Belgium,7108,Gold,258448.0,8.0,8.0,2026-05-11T15:52:53.110416,2026-05-11T15:52:53.904347+00:00
2015,392,Japan,X,Export,784,UAE,7108,Gold,5991.0,8.0,8.0,2026-05-11T15:52:53.110419,2026-05-11T15:52:53.904347+00:00
2015,392,Japan,X,Export,360,Indonesia,7108,Gold,8270264.0,224.0,224.0,2026-05-11T15:52:53.110422,2026-05-11T15:52:53.904347+00:00
2015,392,Japan,X,Export,702,Unknown,7108,Gold,1171594957.0,31681.0,31681.0,2026-05-11T15:52:53.110425,2026-05-11T15:52:53.904347+00:00
2015,392,Japan,X,Export,842,Unknown,7108,Gold,43610401.0,1153.0,1153.0,2026-05-11T15:52:53.110428,2026-05-11T15:52:53.904347+00:00
2015,392,Japan,X,Export,344,Unknown,7108,Gold,1393808422.0,37738.0,37738.0,2026-05-11T15:52:53.110431,2026-05-11T15:52:53.904347+00:00
2015,392,Japan,X,Export,704,Vietnam,7108,Gold,12077456.0,1924.0,1924.0,2026-05-11T15:52:53.110434,2026-05-11T15:52:53.904347+00:00
2015,392,Japan,X,Export,764,Thailand,7108,Gold,778537234.0,22071.0,22071.0,2026-05-11T15:52:53.110437,2026-05-11T15:52:53.904347+00:00
2015,392,Japan,X,Export,528,Netherlands,7108,Gold,276662.0,7.0,7.0,2026-05-11T15:52:53.110441,2026-05-11T15:52:53.904347+00:00
2015,392,Japan,X,Export,410,South Korea,7108,Gold,92793093.0,2583.0,2583.0,2026-05-11T15:52:53.110444,2026-05-11T15:52:53.904347+00:00
2015,392,Japan,X,Export,699,Unknown,7108,Gold,120935.0,3.0,3.0,2026-05-11T15:52:53.110447,2026-05-11T15:52:53.904347+00:00
2015,392,Japan,X,Export,490,Unknown,7108,Gold,355517495.0,10369.0,10369.0,2026-05-11T15:52:53.110450,2026-05-11T15:52:53.904347+00:00
2015,392,Japan,X,Export,156,China,7108,Gold,141664298.0,4939.0,4939.0,2026-05-11T15:52:53.110453,2026-05-11T15:52:53.904347+00:00
2015,392,Japan,X,Export,0,World,7108,Gold,4907749200.0,137121.0,137121.0,2026-05-11T15:52:53.110632,2026-05-11T15:52:53.904347+00:00
2015,392,Japan,X,Export,188,Unknown,7108,Gold,1669609.0,30.0,30.0,2026-05-11T15:52:53.110636,2026-05-11T15:52:53.904347+00:00
2015,392,Japan,X,Export,470,Unknown,7108,Gold,34337.0,2.0,2.0,2026-05-11T15:52:53.110641,2026-05-11T15:52:53.904347+00:00
2015,392,Japan,X,Export,682,Saudi Arabia,7108,Gold,5900.0,4.0,4.0,2026-05-11T15:52:53.110644,2026-05-11T15:52:53.904347+00:00
2015,392,Japan,X,Export,144,Sri Lanka,7108,Gold,39444.0,1.0,1.0,2026-05-11T15:52:53.110647,2026-05-11T15:52:53.904347+00:00
2015,392,Japan,X,Export,724,Spain,7108,Gold,21858.0,1.0,1.0,2026-05-11T15:52:53.110652,2026-05-11T15:52:53.904347+00:00
2015,392,Japan,M,Import,40,Austria,7108,Gold,41064.0,1.0,1.0,2026-05-11T15:52:53.110655,2026-05-11T15:52:53.904347+00:00
2015,392,Japan,M,Import,376,Israel,7108,Gold,2917.0,1.0,1.0,2026-05-11T15:52:53.110658,2026-05-11T15:52:53.904347+00:00
2015,392,Japan,M,Import,764,Thailand,7108,Gold,46278.0,2.0,2.0,2026-05-11T15:52:53.110661,2026-05-11T15:52:53.904347+00:00
2015,392,Japan,M,Import,620,Portugal,7108,Gold,337857.0,10.0,10.0,2026-05-11T15:52:53.110664,2026-05-11T15:52:53.904347+00:00
2015,392,Japan,M,Import,834,Unknown,7108,Gold,133662.0,5.0,5.0,2026-05-11T15:52:53.110667,2026-05-11T15:52:53.904347+00:00
2015,392,Japan,M,Import,458,Malaysia,7108,Gold,386714.0,20.0,20.0,2026-05-11T15:52:53.110670,2026-05-11T15:52:53.904347+00:00
2015,392,Japan,M,Import,180,Unknown,7108,Gold,117101.0,6.0,6.0,2026-05-11T15:52:53.110673,2026-05-11T15:52:53.904347+00:00
2015,392,Japan,M,Import,288,Ghana,7108,Gold,362459.0,13.0,13.0,2026-05-11T15:52:53.110676,2026-05-11T15:52:53.904347+00:00
2015,392,Japan,M,Import,748,Unknown,7108,Gold,8041.0,0.0,0.0,2026-05-11T15:52:53.110679,2026-05-11T15:52:53.904347+00:00
2015,392,Japan,M,Import,344,Unknown,7108,Gold,19271698.0,1495.0,1495.0,2026-05-11T15:52:53.110687,2026-05-11T15:52:53.904347+00:00
2015,392,Japan,M,Import,702,Unknown,7108,Gold,23878225.0,861.0,861.0,2026-05-11T15:52:53.110692,2026-05-11T15:52:53.904347+00:00
2015,392,Japan,M,Import,484,Mexico,7108,Gold,19759.0,0.0,0.0,2026-05-11T15:52:53.110695,2026-05-11T15:52:53.904347+00:00
2015,392,Japan,M,Import,608,Philippines,7108,Gold,388499.0,13.0,13.0,2026-05-11T15:52:53.110698,2026-05-11T15:52:53.904347+00:00
2015,392,Japan,M,Import,36,Australia,7108,Gold,48739163.0,1328.0,1328.0,2026-05-11T15:52:53.110701,2026-05-11T15:52:53.904347+00:00
2015,392,Japan,M,Import,757,Unknown,7108,Gold,77622835.0,2098.0,2098.0,2026-05-11T15:52:53.110711,2026-05-11T15:52:53.904347+00:00
2015,392,Japan,M,Import,124,Canada,7108,Gold,409580.0,13.0,13.0,2026-05-11T15:52:53.110714,2026-05-11T15:52:53.904347+00:00
2015,392,Japan,M,Import,704,Vietnam,7108,Gold,1145498.0,26.0,26.0,2026-05-11T15:52:53.110717,2026-05-11T15:52:53.904347+00:00
2015,392,Japan,M,Import,826,United Kingdom,7108,Gold,2444342.0,65.0,65.0,2026-05-11T15:52:53.110720,2026-05-11T15:52:53.904347+00:00
2015,392,Japan,M,Import,380,Italy,7108,Gold,150223.0,7.0,7.0,2026-05-11T15:52:53.110723,2026-05-11T15:52:53.904347+00:00
2015,392,Japan,M,Import,251,Unknown,7108,Gold,26470.0,2.0,2.0,2026-05-11T15:52:53.110742,2026-05-11T15:52:53.904347+00:00
2017,392,Japan,X,Export,528,Netherlands,7108,Gold,137670.68,3.186,3.186,2026-05-11T15:52:53.110745,2026-05-11T15:52:53.904347+00:00
2017,392,Japan,X,Export,804,Ukraine,7108,Gold,2612.87,0.003,0.003,2026-05-11T15:52:53.110748,2026-05-11T15:52:53.904347+00:00
2017,392,Japan,X,Export,826,United Kingdom,7108,Gold,1388290112.02,34385.146,34385.146,2026-05-11T15:52:53.110751,2026-05-11T15:52:53.904347+00:00
2017,392,Japan,X,Export,56,Belgium,7108,Gold,303601.39,27.365,27.365,2026-05-11T15:52:53.110755,2026-05-11T15:52:53.904347+00:00
2017,392,Japan,X,Export,156,China,7108,Gold,344332082.88,9097.885,9097.885,2026-05-11T15:52:53.110758,2026-05-11T15:52:53.904347+00:00
2017,392,Japan,X,Export,410,South Korea,7108,Gold,104826057.23,2765.799,2765.799,2026-05-11T15:52:53.110761,2026-05-11T15:52:53.904347+00:00
2017,392,Japan,X,Export,490,Unknown,7108,Gold,258559155.61,8350.589,8350.589,2026-05-11T15:52:53.110764,2026-05-11T15:52:53.904347+00:00
2017,392,Japan,X,Export,276,Germany,7108,Gold,1339662.89,127.644,127.644,2026-05-11T15:52:53.110767,2026-05-11T15:52:53.904347+00:00
2017,392,Japan,X,Export,724,Spain,7108,Gold,3130.1,0.076,0.076,2026-05-11T15:52:53.110771,2026-05-11T15:52:53.904347+00:00
2017,392,Japan,X,Export,704,Vietnam,7108,Gold,8958394.74,938.612,938.612,2026-05-11T15:52:53.110776,2026-05-11T15:52:53.904347+00:00
2017,392,Japan,X,Export,620,Portugal,7108,Gold,120887.66,45.326,45.326,2026-05-11T15:52:53.110779,2026-05-11T15:52:53.904347+00:00
2017,392,Japan,X,Export,470,Unknown,7108,Gold,39514.11,2.3,2.3,2026-05-11T15:52:53.110782,2026-05-11T15:52:53.904347+00:00
2017,392,Japan,X,Export,124,Canada,7108,Gold,1012987833.28,25155.3,25155.3,2026-05-11T15:52:53.110785,2026-05-11T15:52:53.904347+00:00
2017,392,Japan,X,Export,699,Unknown,7108,Gold,817971.45,19.543,19.543,2026-05-11T15:52:53.110788,2026-05-11T15:52:53.904347+00:00
2017,392,Japan,X,Export,757,Unknown,7108,Gold,1723273117.92,42700.186,42700.186,2026-05-11T15:52:53.110791,2026-05-11T15:52:53.904347+00:00
2017,392,Japan,X,Export,36,Australia,7108,Gold,38634051.02,955.955,955.955,2026-05-11T15:52:53.110794,2026-05-11T15:52:53.904347+00:00
2017,392,Japan,X,Export,842,Unknown,7108,Gold,54749814.08,1468.971,1468.971,2026-05-11T15:52:53.110797,2026-05-11T15:52:53.904347+00:00
2017,392,Japan,X,Export,764,Thailand,7108,Gold,243196077.88,6604.02,6604.02,2026-05-11T15:52:53.110800,2026-05-11T15:52:53.904347+00:00
2017,392,Japan,X,Export,440,Unknown,7108,Gold,114431.28,2.841,2.841,2026-05-11T15:52:53.110803,2026-05-11T15:52:53.904347+00:00
2017,392,Japan,X,Export,380,Italy,7108,Gold,950264.78,34.67,34.67,2026-05-11T15:52:53.110808,2026-05-11T15:52:53.904347+00:00
2017,392,Japan,X,Export,188,Unknown,7108,Gold,1486447.41,25.26,25.26,2026-05-11T15:52:53.110811,2026-05-11T15:52:53.904347+00:00
2017,392,Japan,X,Export,752,Sweden,7108,Gold,12493.63,0.227,0.227,2026-05-11T15:52:53.110814,2026-05-11T15:52:53.904347+00:00
2017,392,Japan,X,Export,100,Bulgaria,7108,Gold,2229.41,0.1,0.1,2026-05-11T15:52:53.110817,2026-05-11T15:52:53.904347+00:00
2017,392,Japan,X,Export,360,Indonesia,7108,Gold,12585880.74,321.057,321.057,2026-05-11T15:52:53.110820,2026-05-11T15:52:53.904347+00:00
2017,392,Japan,X,Export,0,World,7108,Gold,8436139178.58,214734.759,214734.759,2026-05-11T15:52:53.110823,2026-05-11T15:52:53.904347+00:00
2017,392,Japan,X,Export,702,Unknown,7108,Gold,1843974259.75,46729.56,46729.56,2026-05-11T15:52:53.110826,2026-05-11T15:52:53.904347+00:00
2017,392,Japan,X,Export,484,Mexico,7108,Gold,902885.31,22.936,22.936,2026-05-11T15:52:53.110829,2026-05-11T15:52:53.904347+00:00
2017,392,Japan,X,Export,40,Austria,7108,Gold,145081.25,40.02,40.02,2026-05-11T15:52:53.110834,2026-05-11T15:52:53.904347+00:00
2017,392,Japan,X,Export,784,UAE,7108,Gold,734127.7,16.929,16.929,2026-05-11T15:52:53.110837,2026-05-11T15:52:53.904347+00:00
2015,392,Japan,M,Import,490,Unknown,7108,Gold,30945515.0,825.0,825.0,2026-05-11T15:52:53.110841,2026-05-11T15:52:53.904347+00:00
2015,392,Japan,M,Import,276,Germany,7108,Gold,500022.0,18.0,18.0,2026-05-11T15:52:53.110844,2026-05-11T15:52:53.904347+00:00
2015,392,Japan,M,Import,410,South Korea,7108,Gold,35623245.0,1122.0,1122.0,2026-05-11T15:52:53.110847,2026-05-11T15:52:53.904347+00:00
2015,392,Japan,M,Import,842,Unknown,7108,Gold,40056261.0,1248.0,1248.0,2026-05-11T15:52:53.110850,2026-05-11T15:52:53.904347+00:00
2015,392,Japan,M,Import,156,China,7108,Gold,2187596.0,239.0,239.0,2026-05-11T15:52:53.110853,2026-05-11T15:52:53.904347+00:00
2015,392,Japan,M,Import,0,World,7108,Gold,284845023.0,9419.0,9419.0,2026-05-11T15:52:53.110856,2026-05-11T15:52:53.904347+00:00
2016,392,Japan,X,Export,446,Unknown,7108,Gold,10691.0,0.0,0.0,2026-05-11T15:52:53.110859,2026-05-11T15:52:53.904347+00:00
2016,392,Japan,X,Export,414,Kuwait,7108,Gold,2882.0,0.0,0.0,2026-05-11T15:52:53.110862,2026-05-11T15:52:53.904347+00:00
2016,392,Japan,X,Export,620,Portugal,7108,Gold,310212.0,482.0,482.0,2026-05-11T15:52:53.110865,2026-05-11T15:52:53.904347+00:00
2016,392,Japan,X,Export,752,Sweden,7108,Gold,6446.0,0.0,0.0,2026-05-11T15:52:53.110868,2026-05-11T15:52:53.904347+00:00
2016,392,Japan,X,Export,757,Unknown,7108,Gold,529982398.0,13789.0,13789.0,2026-05-11T15:52:53.110873,2026-05-11T15:52:53.904347+00:00
2017,392,Japan,M,Import,0,World,7108,Gold,171605733.77,4814.715,4814.715,2026-05-11T15:52:53.110876,2026-05-11T15:52:53.904347+00:00
2017,392,Japan,M,Import,288,Ghana,7108,Gold,980463.3,24.551,24.551,2026-05-11T15:52:53.110879,2026-05-11T15:52:53.904347+00:00
2017,392,Japan,M,Import,376,Israel,7108,Gold,17390.96,0.352,0.352,2026-05-11T15:52:53.110882,2026-05-11T15:52:53.904347+00:00
2017,392,Japan,M,Import,608,Philippines,7108,Gold,917094.6,29.323,29.323,2026-05-11T15:52:53.110885,2026-05-11T15:52:53.904347+00:00
2017,392,Japan,M,Import,490,Unknown,7108,Gold,27696650.95,727.209,727.209,2026-05-11T15:52:53.110888,2026-05-11T15:52:53.904347+00:00
2017,392,Japan,M,Import,324,Unknown,7108,Gold,105896.78,2.723,2.723,2026-05-11T15:52:53.110891,2026-05-11T15:52:53.904347+00:00
2017,392,Japan,M,Import,344,Unknown,7108,Gold,41484366.56,1023.996,1023.996,2026-05-11T15:52:53.110894,2026-05-11T15:52:53.904347+00:00
2017,392,Japan,M,Import,704,Vietnam,7108,Gold,1315999.2,28.707,28.707,2026-05-11T15:52:53.110897,2026-05-11T15:52:53.904347+00:00
2017,392,Japan,M,Import,40,Austria,7108,Gold,6391.24,0.15,0.15,2026-05-11T15:52:53.110900,2026-05-11T15:52:53.904347+00:00
2017,392,Japan,M,Import,834,Unknown,7108,Gold,4216.26,0.1,0.1,2026-05-11T15:52:53.110904,2026-05-11T15:52:53.904347+00:00
2017,392,Japan,M,Import,764,Thailand,7108,Gold,2443960.31,62.197,62.197,2026-05-11T15:52:53.110907,2026-05-11T15:52:53.904347+00:00
2017,392,Japan,M,Import,380,Italy,7108,Gold,68075.23,3.019,3.019,2026-05-11T15:52:53.110910,2026-05-11T15:52:53.904347+00:00
2017,392,Japan,M,Import,124,Canada,7108,Gold,201640.65,5.434,5.434,2026-05-11T15:52:53.110913,2026-05-11T15:52:53.904347+00:00
2017,392,Japan,M,Import,826,United Kingdom,7108,Gold,13985.86,5.188,5.188,2026-05-11T15:52:53.110916,2026-05-11T15:52:53.904347+00:00
2017,392,Japan,M,Import,842,Unknown,7108,Gold,10835762.77,351.954,351.954,2026-05-11T15:52:53.110919,2026-05-11T15:52:53.904347+00:00
2017,392,Japan,M,Import,710,South Africa,7108,Gold,44186.05,1.0,1.0,2026-05-11T15:52:53.110922,2026-05-11T15:52:53.904347+00:00
2017,392,Japan,M,Import,458,Malaysia,7108,Gold,3228024.31,80.445,80.445,2026-05-11T15:52:53.110925,2026-05-11T15:52:53.904347+00:00
2017,392,Japan,M,Import,36,Australia,7108,Gold,3316137.92,84.072,84.072,2026-05-11T15:52:53.110928,2026-05-11T15:52:53.904347+00:00
2017,392,Japan,M,Import,156,China,7108,Gold,3614039.45,203.634,203.634,2026-05-11T15:52:53.110931,2026-05-11T15:52:53.904347+00:00
2017,392,Japan,M,Import,702,Unknown,7108,Gold,4659458.13,118.329,118.329,2026-05-11T15:52:53.110936,2026-05-11T15:52:53.904347+00:00
2018,392,Japan,M,Import,0,World,7108,Gold,275827096.94,7368.06,7368.06,2026-05-11T15:52:53.110939,2026-05-11T15:52:53.904347+00:00
2018,392,Japan,M,Import,36,Australia,7108,Gold,138630.03,4.769,4.769,2026-05-11T15:52:53.110941,2026-05-11T15:52:53.904347+00:00
2018,392,Japan,M,Import,40,Austria,7108,Gold,87936.89,2.137,2.137,2026-05-11T15:52:53.110944,2026-05-11T15:52:53.904347+00:00
2018,392,Japan,M,Import,56,Belgium,7108,Gold,173230.97,4.203,4.203,2026-05-11T15:52:53.110947,2026-05-11T15:52:53.904347+00:00
2018,392,Japan,M,Import,124,Canada,7108,Gold,84515.72,1.973,1.973,2026-05-11T15:52:53.110950,2026-05-11T15:52:53.904347+00:00
2018,392,Japan,M,Import,156,China,7108,Gold,1077760.93,156.198,156.198,2026-05-11T15:52:53.110953,2026-05-11T15:52:53.904347+00:00
2018,392,Japan,M,Import,180,Unknown,7108,Gold,11132.4,0.3,0.3,2026-05-11T15:52:53.110957,2026-05-11T15:52:53.904347+00:00
2018,392,Japan,M,Import,251,Unknown,7108,Gold,66359.95,1.294,1.294,2026-05-11T15:52:53.110959,2026-05-11T15:52:53.904347+00:00
2018,392,Japan,M,Import,276,Germany,7108,Gold,4424567.02,114.511,114.511,2026-05-11T15:52:53.110962,2026-05-11T15:52:53.904347+00:00
2018,392,Japan,M,Import,288,Ghana,7108,Gold,41995.39,0.951,0.951,2026-05-11T15:52:53.110967,2026-05-11T15:52:53.904347+00:00
2018,392,Japan,M,Import,324,Unknown,7108,Gold,1498411.71,37.951,37.951,2026-05-11T15:52:53.110970,2026-05-11T15:52:53.904347+00:00
2018,392,Japan,M,Import,344,Unknown,7108,Gold,23898389.21,590.935,590.935,2026-05-11T15:52:53.110975,2026-05-11T15:52:53.904347+00:00
2018,392,Japan,M,Import,360,Indonesia,7108,Gold,223019.04,5.366,5.366,2026-05-11T15:52:53.110978,2026-05-11T15:52:53.904347+00:00
2018,392,Japan,M,Import,380,Italy,7108,Gold,115080.03,5.613,5.613,2026-05-11T15:52:53.110981,2026-05-11T15:52:53.904347+00:00
2018,392,Japan,M,Import,384,Unknown,7108,Gold,4317.2,0.1,0.1,2026-05-11T15:52:53.110984,2026-05-11T15:52:53.904347+00:00
2018,392,Japan,M,Import,410,South Korea,7108,Gold,53035458.6,1518.844,1518.844,2026-05-11T15:52:53.110987,2026-05-11T15:52:53.904347+00:00
2018,392,Japan,M,Import,417,Unknown,7108,Gold,37013838.26,970.243,970.243,2026-05-11T15:52:53.110989,2026-05-11T15:52:53.904347+00:00
2018,392,Japan,M,Import,458,Malaysia,7108,Gold,21205.86,0.406,0.406,2026-05-11T15:52:53.110992,2026-05-11T15:52:53.904347+00:00
2018,392,Japan,M,Import,490,Unknown,7108,Gold,14046597.2,409.787,409.787,2026-05-11T15:52:53.110997,2026-05-11T15:52:53.904347+00:00
2018,392,Japan,M,Import,604,Peru,7108,Gold,81673.79,2.0,2.0,2026-05-11T15:52:53.111001,2026-05-11T15:52:53.904347+00:00
2018,392,Japan,M,Import,608,Philippines,7108,Gold,693168.26,19.587,19.587,2026-05-11T15:52:53.111019,2026-05-11T15:52:53.904347+00:00
2018,392,Japan,M,Import,660,Unknown,7108,Gold,2543.26,0.06,0.06,2026-05-11T15:52:53.111022,2026-05-11T15:52:53.904347+00:00
2018,392,Japan,M,Import,686,Unknown,7108,Gold,123289.04,3.498,3.498,2026-05-11T15:52:53.111025,2026-05-11T15:52:53.904347+00:00
2018,392,Japan,M,Import,702,Unknown,7108,Gold,79864637.1,2008.096,2008.096,2026-05-11T15:52:53.111028,2026-05-11T15:52:53.904347+00:00
2018,392,Japan,M,Import,704,Vietnam,7108,Gold,1530885.73,31.494,31.494,2026-05-11T15:52:53.111031,2026-05-11T15:52:53.904347+00:00
2018,392,Japan,M,Import,757,Unknown,7108,Gold,42356176.45,1033.604,1033.604,2026-05-11T15:52:53.111034,2026-05-11T15:52:53.904347+00:00
2018,392,Japan,M,Import,764,Thailand,7108,Gold,5271679.14,135.452,135.452,2026-05-11T15:52:53.111037,2026-05-11T15:52:53.904347+00:00
2018,392,Japan,M,Import,784,UAE,7108,Gold,2452.75,0.05,0.05,2026-05-11T15:52:53.111039,2026-05-11T15:52:53.904347+00:00
2018,392,Japan,M,Import,826,United Kingdom,7108,Gold,14101.04,2.002,2.002,2026-05-11T15:52:53.111042,2026-05-11T15:52:53.904347+00:00
2018,392,Japan,M,Import,842,Unknown,7108,Gold,9924043.99,306.636,306.636,2026-05-11T15:52:53.111047,2026-05-11T15:52:53.904347+00:00
2018,392,Japan,X,Export,36,Australia,7108,Gold,356396144.06,8595.26,8595.26,2026-05-11T15:52:53.111050,2026-05-11T15:52:53.904347+00:00
2018,392,Japan,X,Export,40,Austria,7108,Gold,22939.84,0.52,0.52,2026-05-11T15:52:53.111053,2026-05-11T15:52:53.904347+00:00
2018,392,Japan,X,Export,56,Belgium,7108,Gold,92765.03,3.039,3.039,2026-05-11T15:52:53.111056,2026-05-11T15:52:53.904347+00:00
2018,392,Japan,X,Export,64,Bhutan,7108,Gold,547104.41,8.974,8.974,2026-05-11T15:52:53.111059,2026-05-11T15:52:53.904347+00:00
2018,392,Japan,X,Export,100,Bulgaria,7108,Gold,6432.58,0.252,0.252,2026-05-11T15:52:53.111062,2026-05-11T15:52:53.904347+00:00
2018,392,Japan,X,Export,124,Canada,7108,Gold,419179235.6,10116.1,10116.1,2026-05-11T15:52:53.111065,2026-05-11T15:52:53.904347+00:00
2018,392,Japan,X,Export,156,China,7108,Gold,217460752.13,5731.39,5731.39,2026-05-11T15:52:53.111068,2026-05-11T15:52:53.904347+00:00
2018,392,Japan,X,Export,188,Unknown,7108,Gold,1142299.14,18.826,18.826,2026-05-11T15:52:53.111071,2026-05-11T15:52:53.904347+00:00
2018,392,Japan,X,Export,203,Czech Republic,7108,Gold,60910.18,26.361,26.361,2026-05-11T15:52:53.111074,2026-05-11T15:52:53.904347+00:00
2018,392,Japan,X,Export,251,Unknown,7108,Gold,40869.52,3.75,3.75,2026-05-11T15:52:53.111079,2026-05-11T15:52:53.904347+00:00
2018,392,Japan,X,Export,276,Germany,7108,Gold,928248.29,219.377,219.377,2026-05-11T15:52:53.111082,2026-05-11T15:52:53.904347+00:00
2018,392,Japan,X,Export,344,Unknown,7108,Gold,1175167983.9,28808.726,28808.726,2026-05-11T15:52:53.111085,2026-05-11T15:52:53.904347+00:00
2018,392,Japan,X,Export,360,Indonesia,7108,Gold,13176793.19,384.059,384.059,2026-05-11T15:52:53.111088,2026-05-11T15:52:53.904347+00:00
2018,392,Japan,X,Export,364,Iran,7108,Gold,250145.77,5.5,5.5,2026-05-11T15:52:53.111091,2026-05-11T15:52:53.904347+00:00
2018,392,Japan,X,Export,380,Italy,7108,Gold,369393.1,9.4,9.4,2026-05-11T15:52:53.111094,2026-05-11T15:52:53.904347+00:00
2018,392,Japan,X,Export,410,South Korea,7108,Gold,92652444.58,2297.596,2297.596,2026-05-11T15:52:53.111097,2026-05-11T15:52:53.904347+00:00
2018,392,Japan,X,Export,440,Unknown,7108,Gold,249112.94,6.378,6.378,2026-05-11T15:52:53.111099,2026-05-11T15:52:53.904347+00:00
2018,392,Japan,X,Export,446,Unknown,7108,Gold,24543.46,0.296,0.296,2026-05-11T15:52:53.111102,2026-05-11T15:52:53.904347+00:00
2018,392,Japan,X,Export,458,Malaysia,7108,Gold,312186054.43,7676.99,7676.99,2026-05-11T15:52:53.111105,2026-05-11T15:52:53.904347+00:00
2018,392,Japan,X,Export,484,Mexico,7108,Gold,360251.59,8.968,8.968,2026-05-11T15:52:53.111112,2026-05-11T15:52:53.904347+00:00
2018,392,Japan,X,Export,490,Unknown,7108,Gold,202904859.37,5247.33,5247.33,2026-05-11T15:52:53.111115,2026-05-11T15:52:53.904347+00:00
2018,392,Japan,X,Export,528,Netherlands,7108,Gold,300591.68,6.319,6.319,2026-05-11T15:52:53.111118,2026-05-11T15:52:53.904347+00:00
2018,392,Japan,X,Export,554,New Zealand,7108,Gold,813630.61,21.0,21.0,2026-05-11T15:52:53.111121,2026-05-11T15:52:53.904347+00:00
2018,392,Japan,X,Export,608,Philippines,7108,Gold,12990701.4,404.982,404.982,2026-05-11T15:52:53.111124,2026-05-11T15:52:53.904347+00:00
2018,392,Japan,X,Export,616,Poland,7108,Gold,50590.87,2.84,2.84,2026-05-11T15:52:53.111127,2026-05-11T15:52:53.904347+00:00
2018,392,Japan,X,Export,620,Portugal,7108,Gold,77852.32,13.297,13.297,2026-05-11T15:52:53.111129,2026-05-11T15:52:53.904347+00:00
2018,392,Japan,X,Export,699,Unknown,7108,Gold,894019.72,21.78,21.78,2026-05-11T15:52:53.111132,2026-05-11T15:52:53.904347+00:00
2018,392,Japan,X,Export,702,Unknown,7108,Gold,1719325030.03,42447.3,42447.3,2026-05-11T15:52:53.111135,2026-05-11T15:52:53.904347+00:00
2018,392,Japan,X,Export,704,Vietnam,7108,Gold,10549854.89,803.169,803.169,2026-05-11T15:52:53.111138,2026-05-11T15:52:53.904347+00:00
2018,392,Japan,X,Export,752,Sweden,7108,Gold,9975.03,0.12,0.12,2026-05-11T15:52:53.111143,2026-05-11T15:52:53.904347+00:00
2019,392,Japan,X,Export,36,Australia,7108,Gold,149621660.98,3315.567,3315.567,2026-05-11T15:52:53.111146,2026-05-11T15:52:53.904347+00:00
2019,392,Japan,X,Export,40,Austria,7108,Gold,9071.8,1.999,1.999,2026-05-11T15:52:53.111149,2026-05-11T15:52:53.904347+00:00
2019,392,Japan,X,Export,56,Belgium,7108,Gold,21684.26,0.16,0.16,2026-05-11T15:52:53.111152,2026-05-11T15:52:53.904347+00:00
2019,392,Japan,X,Export,64,Bhutan,7108,Gold,200799.58,4.765,4.765,2026-05-11T15:52:53.111154,2026-05-11T15:52:53.904347+00:00
2019,392,Japan,X,Export,100,Bulgaria,7108,Gold,15226.68,4.14,4.14,2026-05-11T15:52:53.111157,2026-05-11T15:52:53.904347+00:00
2019,392,Japan,X,Export,124,Canada,7108,Gold,287353356.35,6387.0,6387.0,2026-05-11T15:52:53.111160,2026-05-11T15:52:53.904347+00:00
2019,392,Japan,X,Export,156,China,7108,Gold,233693675.92,5628.445,5628.445,2026-05-11T15:52:53.111163,2026-05-11T15:52:53.904347+00:00
2019,392,Japan,X,Export,188,Unknown,7108,Gold,522953.97,8.145,8.145,2026-05-11T15:52:53.111166,2026-05-11T15:52:53.904347+00:00
2019,392,Japan,X,Export,203,Czech Republic,7108,Gold,169942.61,29.753,29.753,2026-05-11T15:52:53.111169,2026-05-11T15:52:53.904347+00:00
2019,392,Japan,X,Export,246,Finland,7108,Gold,2540.84,8.0,8.0,2026-05-11T15:52:53.111174,2026-05-11T15:52:53.904347+00:00
2019,392,Japan,X,Export,251,Unknown,7108,Gold,58402.58,17.734,17.734,2026-05-11T15:52:53.111179,2026-05-11T15:52:53.904347+00:00
2019,392,Japan,X,Export,276,Germany,7108,Gold,2983347.29,214.798,214.798,2026-05-11T15:52:53.111182,2026-05-11T15:52:53.904347+00:00
2019,392,Japan,X,Export,344,Unknown,7108,Gold,945299615.62,20611.855,20611.855,2026-05-11T15:52:53.111185,2026-05-11T15:52:53.904347+00:00
2019,392,Japan,X,Export,360,Indonesia,7108,Gold,14349790.22,365.167,365.167,2026-05-11T15:52:53.111188,2026-05-11T15:52:53.904347+00:00
2019,392,Japan,X,Export,380,Italy,7108,Gold,698913.88,19.45,19.45,2026-05-11T15:52:53.111191,2026-05-11T15:52:53.904347+00:00
2019,392,Japan,X,Export,410,South Korea,7108,Gold,134673792.37,3677.05,3677.05,2026-05-11T15:52:53.111196,2026-05-11T15:52:53.904347+00:00
2019,392,Japan,X,Export,414,Kuwait,7108,Gold,9117.66,0.13,0.13,2026-05-11T15:52:53.111199,2026-05-11T15:52:53.904347+00:00
2019,392,Japan,X,Export,440,Unknown,7108,Gold,292333.95,6.766,6.766,2026-05-11T15:52:53.111202,2026-05-11T15:52:53.904347+00:00
2019,392,Japan,X,Export,446,Unknown,7108,Gold,49184.02,0.52,0.52,2026-05-11T15:52:53.111205,2026-05-11T15:52:53.904347+00:00
2019,392,Japan,X,Export,458,Malaysia,7108,Gold,308919676.58,6908.08,6908.08,2026-05-11T15:52:53.111209,2026-05-11T15:52:53.904347+00:00
2019,392,Japan,X,Export,470,Unknown,7108,Gold,161164.34,51.071,51.071,2026-05-11T15:52:53.111212,2026-05-11T15:52:53.904347+00:00
2019,392,Japan,X,Export,484,Mexico,7108,Gold,175235.26,4.047,4.047,2026-05-11T15:52:53.111215,2026-05-11T15:52:53.904347+00:00
2019,392,Japan,X,Export,490,Unknown,7108,Gold,227372355.58,5510.756,5510.756,2026-05-11T15:52:53.111218,2026-05-11T15:52:53.904347+00:00
2019,392,Japan,X,Export,528,Netherlands,7108,Gold,536731.37,13.131,13.131,2026-05-11T15:52:53.111221,2026-05-11T15:52:53.904347+00:00
2019,392,Japan,X,Export,608,Philippines,7108,Gold,17982693.1,651.221,651.221,2026-05-11T15:52:53.111224,2026-05-11T15:52:53.904347+00:00
2019,392,Japan,X,Export,620,Portugal,7108,Gold,174363.85,135.501,135.501,2026-05-11T15:52:53.111227,2026-05-11T15:52:53.904347+00:00
2019,392,Japan,X,Export,699,Unknown,7108,Gold,433070.68,9.468,9.468,2026-05-11T15:52:53.111230,2026-05-11T15:52:53.904347+00:00
2019,392,Japan,X,Export,702,Unknown,7108,Gold,1152554414.73,26395.54,26395.54,2026-05-11T15:52:53.111233,2026-05-11T15:52:53.904347+00:00
2019,392,Japan,X,Export,704,Vietnam,7108,Gold,11793606.4,670.572,670.572,2026-05-11T15:52:53.111236,2026-05-11T15:52:53.904347+00:00
2019,392,Japan,X,Export,757,Unknown,7108,Gold,945259677.68,20993.854,20993.854,2026-05-11T15:52:53.111240,2026-05-11T15:52:53.904347+00:00
2019,392,Japan,X,Export,764,Thailand,7108,Gold,175553415.9,4143.299,4143.299,2026-05-11T15:52:53.111243,2026-05-11T15:52:53.904347+00:00
2019,392,Japan,X,Export,784,UAE,7108,Gold,280501.17,6.4,6.4,2026-05-11T15:52:53.111246,2026-05-11T15:52:53.904347+00:00
2019,392,Japan,X,Export,826,United Kingdom,7108,Gold,1730387651.41,38595.949,38595.949,2026-05-11T15:52:53.111249,2026-05-11T15:52:53.904347+00:00
2019,392,Japan,X,Export,842,Unknown,7108,Gold,67114682.94,1914.073,1914.073,2026-05-11T15:52:53.111252,2026-05-11T15:52:53.904347+00:00
2019,392,Japan,X,Export,0,World,7108,Gold,6408724651.59,146304.406,146304.406,2026-05-11T15:52:53.111255,2026-05-11T15:52:53.904347+00:00
2019,392,Japan,M,Import,0,World,7108,Gold,124024353.24,3303.198,3303.198,2026-05-11T15:52:53.111258,2026-05-11T15:52:53.904347+00:00
2019,392,Japan,M,Import,36,Australia,7108,Gold,30301.95,0.556,0.556,2026-05-11T15:52:53.111261,2026-05-11T15:52:53.904347+00:00
2019,392,Japan,M,Import,40,Austria,7108,Gold,26953.42,0.605,0.605,2026-05-11T15:52:53.111264,2026-05-11T15:52:53.904347+00:00
2019,392,Japan,M,Import,76,Brazil,7108,Gold,45329.08,1.133,1.133,2026-05-11T15:52:53.111267,2026-05-11T15:52:53.904347+00:00
2019,392,Japan,M,Import,116,Cambodia,7108,Gold,40852.13,1.225,1.225,2026-05-11T15:52:53.111271,2026-05-11T15:52:53.904347+00:00
2019,392,Japan,M,Import,124,Canada,7108,Gold,108189.81,2.434,2.434,2026-05-11T15:52:53.111274,2026-05-11T15:52:53.904347+00:00
2019,392,Japan,M,Import,156,China,7108,Gold,4758259.84,201.763,201.763,2026-05-11T15:52:53.111277,2026-05-11T15:52:53.904347+00:00
2019,392,Japan,M,Import,180,Unknown,7108,Gold,7036.51,0.154,0.154,2026-05-11T15:52:53.111280,2026-05-11T15:52:53.904347+00:00
2019,392,Japan,M,Import,251,Unknown,7108,Gold,72218.28,1.812,1.812,2026-05-11T15:52:53.111283,2026-05-11T15:52:53.904347+00:00
2019,392,Japan,M,Import,276,Germany,7108,Gold,421832.91,17.952,17.952,2026-05-11T15:52:53.111286,2026-05-11T15:52:53.904347+00:00
2019,392,Japan,M,Import,288,Ghana,7108,Gold,93263.6,2.121,2.121,2026-05-11T15:52:53.111289,2026-05-11T15:52:53.904347+00:00
2019,392,Japan,M,Import,344,Unknown,7108,Gold,23914534.5,574.23,574.23,2026-05-11T15:52:53.111292,2026-05-11T15:52:53.904347+00:00
2019,392,Japan,M,Import,360,Indonesia,7108,Gold,23834.23,0.55,0.55,2026-05-11T15:52:53.111295,2026-05-11T15:52:53.904347+00:00
2019,392,Japan,M,Import,380,Italy,7108,Gold,172701.87,7.238,7.238,2026-05-11T15:52:53.111298,2026-05-11T15:52:53.904347+00:00
2019,392,Japan,M,Import,410,South Korea,7108,Gold,38334337.72,1104.767,1104.767,2026-05-11T15:52:53.111302,2026-05-11T15:52:53.904347+00:00
2019,392,Japan,M,Import,458,Malaysia,7108,Gold,10815054.25,261.175,261.175,2026-05-11T15:52:53.111305,2026-05-11T15:52:53.904347+00:00
2019,392,Japan,M,Import,490,Unknown,7108,Gold,10732377.53,285.866,285.866,2026-05-11T15:52:53.111308,2026-05-11T15:52:53.904347+00:00
2019,392,Japan,M,Import,608,Philippines,7108,Gold,2157255.04,57.162,57.162,2026-05-11T15:52:53.111311,2026-05-11T15:52:53.904347+00:00
2019,392,Japan,M,Import,694,Unknown,7108,Gold,141601.77,2.958,2.958,2026-05-11T15:52:53.111314,2026-05-11T15:52:53.904347+00:00
2019,392,Japan,M,Import,702,Unknown,7108,Gold,303560.8,7.089,7.089,2026-05-11T15:52:53.111317,2026-05-11T15:52:53.904347+00:00
2019,392,Japan,M,Import,704,Vietnam,7108,Gold,1589591.11,31.051,31.051,2026-05-11T15:52:53.111320,2026-05-11T15:52:53.904347+00:00
2019,392,Japan,M,Import,757,Unknown,7108,Gold,16077420.06,381.843,381.843,2026-05-11T15:52:53.111323,2026-05-11T15:52:53.904347+00:00
2019,392,Japan,M,Import,764,Thailand,7108,Gold,747833.49,17.596,17.596,2026-05-11T15:52:53.111326,2026-05-11T15:52:53.904347+00:00
2019,392,Japan,M,Import,800,Uganda,7108,Gold,251864.92,6.019,6.019,2026-05-11T15:52:53.111329,2026-05-11T15:52:53.904347+00:00
2019,392,Japan,M,Import,826,United Kingdom,7108,Gold,2980077.38,62.6,62.6,2026-05-11T15:52:53.111342,2026-05-11T15:52:53.904347+00:00
2019,392,Japan,M,Import,842,Unknown,7108,Gold,10178071.05,273.299,273.299,2026-05-11T15:52:53.111346,2026-05-11T15:52:53.904347+00:00
2020,392,Japan,X,Export,344,Unknown,7108,Gold,2301049121.9,39943.544,39943.544,2026-05-11T15:52:53.111349,2026-05-11T15:52:53.904347+00:00
2020,392,Japan,X,Export,40,Austria,7108,Gold,110948.6,24.003,24.003,2026-05-11T15:52:53.111352,2026-05-11T15:52:53.904347+00:00
2020,392,Japan,X,Export,124,Canada,7108,Gold,280097620.94,4883.5,4883.5,2026-05-11T15:52:53.111355,2026-05-11T15:52:53.904347+00:00
2020,392,Japan,X,Export,757,Unknown,7108,Gold,1232188591.61,20804.421,20804.421,2026-05-11T15:52:53.111358,2026-05-11T15:52:53.904347+00:00
2020,392,Japan,X,Export,410,South Korea,7108,Gold,273820568.31,5097.476,5097.476,2026-05-11T15:52:53.111361,2026-05-11T15:52:53.904347+00:00
2020,392,Japan,X,Export,458,Malaysia,7108,Gold,320201931.01,5767.57,5767.57,2026-05-11T15:52:53.111364,2026-05-11T15:52:53.904347+00:00
2020,392,Japan,X,Export,64,Bhutan,7108,Gold,204458.94,2.807,2.807,2026-05-11T15:52:53.111367,2026-05-11T15:52:53.904347+00:00
2020,392,Japan,X,Export,608,Philippines,7108,Gold,24379759.91,648.632,648.632,2026-05-11T15:52:53.111370,2026-05-11T15:52:53.904347+00:00
2020,392,Japan,X,Export,554,New Zealand,7108,Gold,7456451.08,129.573,129.573,2026-05-11T15:52:53.111375,2026-05-11T15:52:53.904347+00:00
2020,392,Japan,X,Export,620,Portugal,7108,Gold,243226.26,67.507,67.507,2026-05-11T15:52:53.111378,2026-05-11T15:52:53.904347+00:00
2020,392,Japan,X,Export,203,Czech Republic,7108,Gold,119742.74,6.433,6.433,2026-05-11T15:52:53.111380,2026-05-11T15:52:53.904347+00:00
2020,392,Japan,X,Export,446,Unknown,7108,Gold,13163.08,0.146,0.146,2026-05-11T15:52:53.111383,2026-05-11T15:52:53.904347+00:00
2020,392,Japan,X,Export,842,Unknown,7108,Gold,143553230.91,2787.344,2787.344,2026-05-11T15:52:53.111386,2026-05-11T15:52:53.904347+00:00
2020,392,Japan,X,Export,764,Thailand,7108,Gold,79436395.74,1543.154,1543.154,2026-05-11T15:52:53.111389,2026-05-11T15:52:53.904347+00:00
2020,392,Japan,X,Export,490,Unknown,7108,Gold,275367614.09,5457.478,5457.478,2026-05-11T15:52:53.111392,2026-05-11T15:52:53.904347+00:00
2020,392,Japan,X,Export,702,Unknown,7108,Gold,1542938318.64,27589.38,27589.38,2026-05-11T15:52:53.111395,2026-05-11T15:52:53.904347+00:00
2020,392,Japan,X,Export,188,Unknown,7108,Gold,1136618.46,14.621,14.621,2026-05-11T15:52:53.111398,2026-05-11T15:52:53.904347+00:00
2020,392,Japan,X,Export,380,Italy,7108,Gold,580928.53,12.33,12.33,2026-05-11T15:52:53.111401,2026-05-11T15:52:53.904347+00:00
2020,392,Japan,X,Export,0,World,7108,Gold,8324742799.71,148377.757,148377.757,2026-05-11T15:52:53.111407,2026-05-11T15:52:53.904347+00:00
2020,392,Japan,X,Export,440,Unknown,7108,Gold,97382.38,1.925,1.925,2026-05-11T15:52:53.111410,2026-05-11T15:52:53.904347+00:00
2020,392,Japan,X,Export,699,Unknown,7108,Gold,301194.42,5.159,5.159,2026-05-11T15:52:53.111413,2026-05-11T15:52:53.904347+00:00
2020,392,Japan,X,Export,376,Israel,7108,Gold,8784.76,0.034,0.034,2026-05-11T15:52:53.111415,2026-05-11T15:52:53.904347+00:00
2020,392,Japan,X,Export,251,Unknown,7108,Gold,488486.99,30.943,30.943,2026-05-11T15:52:53.111418,2026-05-11T15:52:53.904347+00:00
2020,392,Japan,X,Export,528,Netherlands,7108,Gold,198889.95,3.305,3.305,2026-05-11T15:52:53.111421,2026-05-11T15:52:53.904347+00:00
2020,392,Japan,X,Export,470,Unknown,7108,Gold,68496.74,5.557,5.557,2026-05-11T15:52:53.111424,2026-05-11T15:52:53.904347+00:00
2020,392,Japan,X,Export,484,Mexico,7108,Gold,154553.63,2.754,2.754,2026-05-11T15:52:53.111427,2026-05-11T15:52:53.904347+00:00
2020,392,Japan,X,Export,704,Vietnam,7108,Gold,12164763.23,392.97,392.97,2026-05-11T15:52:53.111430,2026-05-11T15:52:53.904347+00:00
2020,392,Japan,X,Export,56,Belgium,7108,Gold,16885.11,0.115,0.115,2026-05-11T15:52:53.111433,2026-05-11T15:52:53.904347+00:00
2020,392,Japan,X,Export,246,Finland,7108,Gold,2925.13,0.55,0.55,2026-05-11T15:52:53.111438,2026-05-11T15:52:53.904347+00:00
2020,392,Japan,X,Export,360,Indonesia,7108,Gold,17961288.6,323.209,323.209,2026-05-11T15:52:53.111440,2026-05-11T15:52:53.904347+00:00
2020,392,Japan,X,Export,826,United Kingdom,7108,Gold,1728387650.47,30910.469,30910.469,2026-05-11T15:52:53.111443,2026-05-11T15:52:53.904347+00:00
2020,392,Japan,X,Export,276,Germany,7108,Gold,2560302.59,134.832,134.832,2026-05-11T15:52:53.111446,2026-05-11T15:52:53.904347+00:00
2020,392,Japan,X,Export,156,China,7108,Gold,73921507.69,1680.21,1680.21,2026-05-11T15:52:53.111449,2026-05-11T15:52:53.904347+00:00
2020,392,Japan,X,Export,752,Sweden,7108,Gold,2146.97,0.034,0.034,2026-05-11T15:52:53.111452,2026-05-11T15:52:53.904347+00:00
2020,392,Japan,X,Export,36,Australia,7108,Gold,5508850.28,105.772,105.772,2026-05-11T15:52:53.111455,2026-05-11T15:52:53.904347+00:00
2021,392,Japan,X,Export,40,Austria,7108,Gold,56152.63,61.275,61.275,2026-05-11T15:52:53.111458,2026-05-11T15:52:53.904347+00:00
2021,392,Japan,X,Export,56,Belgium,7108,Gold,13056.42,0.088,0.088,2026-05-11T15:52:53.111461,2026-05-11T15:52:53.904347+00:00
2021,392,Japan,X,Export,64,Bhutan,7108,Gold,805543.84,11.368,11.368,2026-05-11T15:52:53.111465,2026-05-11T15:52:53.904347+00:00
2021,392,Japan,X,Export,124,Canada,7108,Gold,17092.71,0.221,0.221,2026-05-11T15:52:53.111471,2026-05-11T15:52:53.904347+00:00
2021,392,Japan,X,Export,156,China,7108,Gold,173888069.58,4198.594,4198.594,2026-05-11T15:52:53.111474,2026-05-11T15:52:53.904347+00:00
2021,392,Japan,X,Export,188,Unknown,7108,Gold,579411.72,7.354,7.354,2026-05-11T15:52:53.111477,2026-05-11T15:52:53.904347+00:00
2021,392,Japan,X,Export,203,Czech Republic,7108,Gold,85554.64,22.358,22.358,2026-05-11T15:52:53.111480,2026-05-11T15:52:53.904347+00:00
2021,392,Japan,X,Export,246,Finland,7108,Gold,3808.5,8.639,8.639,2026-05-11T15:52:53.111483,2026-05-11T15:52:53.904347+00:00
2021,392,Japan,X,Export,251,Unknown,7108,Gold,85891.75,5.324,5.324,2026-05-11T15:52:53.111486,2026-05-11T15:52:53.904347+00:00
2021,392,Japan,X,Export,276,Germany,7108,Gold,1798916.09,95.92,95.92,2026-05-11T15:52:53.111489,2026-05-11T15:52:53.904347+00:00
2021,392,Japan,X,Export,344,Unknown,7108,Gold,2255825796.4,39978.886,39978.886,2026-05-11T15:52:53.111492,2026-05-11T15:52:53.904347+00:00
2021,392,Japan,X,Export,360,Indonesia,7108,Gold,15296549.62,278.983,278.983,2026-05-11T15:52:53.111495,2026-05-11T15:52:53.904347+00:00
2021,392,Japan,X,Export,372,Ireland,7108,Gold,78156.3,0.287,0.287,2026-05-11T15:52:53.111498,2026-05-11T15:52:53.904347+00:00
2021,392,Japan,X,Export,376,Israel,7108,Gold,3471.39,0.4,0.4,2026-05-11T15:52:53.111502,2026-05-11T15:52:53.904347+00:00
2021,392,Japan,X,Export,380,Italy,7108,Gold,699826.0,50.69,50.69,2026-05-11T15:52:53.111505,2026-05-11T15:52:53.904347+00:00
2021,392,Japan,X,Export,410,South Korea,7108,Gold,351616840.82,6426.454,6426.454,2026-05-11T15:52:53.111510,2026-05-11T15:52:53.904347+00:00
2021,392,Japan,X,Export,446,Unknown,7108,Gold,62831.18,0.968,0.968,2026-05-11T15:52:53.111513,2026-05-11T15:52:53.904347+00:00
2021,392,Japan,X,Export,458,Malaysia,7108,Gold,474134935.78,8265.11,8265.11,2026-05-11T15:52:53.111516,2026-05-11T15:52:53.904347+00:00
2021,392,Japan,X,Export,470,Unknown,7108,Gold,48198.51,3.893,3.893,2026-05-11T15:52:53.111519,2026-05-11T15:52:53.904347+00:00
2021,392,Japan,X,Export,484,Mexico,7108,Gold,226205.0,13.252,13.252,2026-05-11T15:52:53.111522,2026-05-11T15:52:53.904347+00:00
2021,392,Japan,X,Export,490,Unknown,7108,Gold,791469714.46,42856.35,42856.35,2026-05-11T15:52:53.111525,2026-05-11T15:52:53.904347+00:00
2021,392,Japan,X,Export,528,Netherlands,7108,Gold,262650.0,14.93,14.93,2026-05-11T15:52:53.111527,2026-05-11T15:52:53.904347+00:00
2021,392,Japan,X,Export,554,New Zealand,7108,Gold,1450419.89,26.0,26.0,2026-05-11T15:52:53.111530,2026-05-11T15:52:53.904347+00:00
2021,392,Japan,X,Export,608,Philippines,7108,Gold,14700992.76,619.628,619.628,2026-05-11T15:52:53.111535,2026-05-11T15:52:53.904347+00:00
2021,392,Japan,X,Export,620,Portugal,7108,Gold,1614941.73,1215.91,1215.91,2026-05-11T15:52:53.111538,2026-05-11T15:52:53.904347+00:00
2021,392,Japan,X,Export,682,Saudi Arabia,7108,Gold,4573.85,0.12,0.12,2026-05-11T15:52:53.111541,2026-05-11T15:52:53.904347+00:00
2021,392,Japan,X,Export,699,Unknown,7108,Gold,4626747.42,42.253,42.253,2026-05-11T15:52:53.111544,2026-05-11T15:52:53.904347+00:00
2021,392,Japan,X,Export,702,Unknown,7108,Gold,1850216298.53,32205.27,32205.27,2026-05-11T15:52:53.111547,2026-05-11T15:52:53.904347+00:00
2021,392,Japan,X,Export,704,Vietnam,7108,Gold,15541778.91,397.308,397.308,2026-05-11T15:52:53.111550,2026-05-11T15:52:53.904347+00:00
2021,392,Japan,X,Export,724,Spain,7108,Gold,4418.96,0.04,0.04,2026-05-11T15:52:53.111553,2026-05-11T15:52:53.904347+00:00
2021,392,Japan,X,Export,752,Sweden,7108,Gold,127156.6,11.33,11.33,2026-05-11T15:52:53.111556,2026-05-11T15:52:53.904347+00:00
2021,392,Japan,X,Export,757,Unknown,7108,Gold,790471677.24,13675.473,13675.473,2026-05-11T15:52:53.111559,2026-05-11T15:52:53.904347+00:00
2021,392,Japan,X,Export,764,Thailand,7108,Gold,84670545.58,1639.182,1639.182,2026-05-11T15:52:53.111562,2026-05-11T15:52:53.904347+00:00
2021,392,Japan,X,Export,784,UAE,7108,Gold,2132.03,2.98,2.98,2026-05-11T15:52:53.111566,2026-05-11T15:52:53.904347+00:00
2021,392,Japan,X,Export,818,Egypt,7108,Gold,5730.98,0.05,0.05,2026-05-11T15:52:53.111569,2026-05-11T15:52:53.904347+00:00
2021,392,Japan,X,Export,826,United Kingdom,7108,Gold,676741738.25,11704.621,11704.621,2026-05-11T15:52:53.111572,2026-05-11T15:52:53.904347+00:00
2021,392,Japan,X,Export,842,Unknown,7108,Gold,125470786.86,2677.632,2677.632,2026-05-11T15:52:53.111575,2026-05-11T15:52:53.904347+00:00
2021,392,Japan,X,Export,0,World,7108,Gold,7632708612.94,166519.141,166519.141,2026-05-11T15:52:53.111578,2026-05-11T15:52:53.904347+00:00
2021,392,Japan,M,Import,0,World,7108,Gold,298365903.3,5313.85,5313.85,2026-05-11T15:52:53.111581,2026-05-11T15:52:53.904347+00:00
2021,392,Japan,M,Import,36,Australia,7108,Gold,63815.2,1.043,1.043,2026-05-11T15:52:53.111584,2026-05-11T15:52:53.904347+00:00
2021,392,Japan,M,Import,40,Austria,7108,Gold,29511.34,0.672,0.672,2026-05-11T15:52:53.111587,2026-05-11T15:52:53.904347+00:00
2021,392,Japan,M,Import,124,Canada,7108,Gold,286157.03,6.198,6.198,2026-05-11T15:52:53.111590,2026-05-11T15:52:53.904347+00:00
2021,392,Japan,M,Import,152,Chile,7108,Gold,538046.65,9.073,9.073,2026-05-11T15:52:53.111592,2026-05-11T15:52:53.904347+00:00
2021,392,Japan,M,Import,156,China,7108,Gold,7502640.59,191.207,191.207,2026-05-11T15:52:53.111597,2026-05-11T15:52:53.904347+00:00
2021,392,Japan,M,Import,180,Unknown,7108,Gold,59842.69,1.145,1.145,2026-05-11T15:52:53.111600,2026-05-11T15:52:53.904347+00:00
2021,392,Japan,M,Import,251,Unknown,7108,Gold,155519.93,2.28,2.28,2026-05-11T15:52:53.111603,2026-05-11T15:52:53.904347+00:00
2021,392,Japan,M,Import,276,Germany,7108,Gold,1503793.59,35.632,35.632,2026-05-11T15:52:53.111606,2026-05-11T15:52:53.904347+00:00
2021,392,Japan,M,Import,288,Ghana,7108,Gold,143055.74,2.503,2.503,2026-05-11T15:52:53.111610,2026-05-11T15:52:53.904347+00:00
2021,392,Japan,M,Import,344,Unknown,7108,Gold,12599820.07,203.26,203.26,2026-05-11T15:52:53.111613,2026-05-11T15:52:53.904347+00:00
2021,392,Japan,M,Import,380,Italy,7108,Gold,49710.98,1.83,1.83,2026-05-11T15:52:53.111616,2026-05-11T15:52:53.904347+00:00
2021,392,Japan,M,Import,404,Kenya,7108,Gold,1840.47,0.03,0.03,2026-05-11T15:52:53.111620,2026-05-11T15:52:53.904347+00:00
2021,392,Japan,M,Import,410,South Korea,7108,Gold,34901444.92,621.089,621.089,2026-05-11T15:52:53.111623,2026-05-11T15:52:53.904347+00:00
2021,392,Japan,M,Import,458,Malaysia,7108,Gold,43928935.19,738.037,738.037,2026-05-11T15:52:53.111626,2026-05-11T15:52:53.904347+00:00
2021,392,Japan,M,Import,484,Mexico,7108,Gold,6286.76,0.1,0.1,2026-05-11T15:52:53.111631,2026-05-11T15:52:53.904347+00:00
2017,392,Japan,M,Import,276,Germany,7108,Gold,901406.19,24.885,24.885,2026-05-11T15:52:53.111634,2026-05-11T15:52:53.904347+00:00
2017,392,Japan,M,Import,410,South Korea,7108,Gold,50087231.64,1549.331,1549.331,2026-05-11T15:52:53.111637,2026-05-11T15:52:53.904347+00:00
2017,392,Japan,M,Import,360,Indonesia,7108,Gold,232696.58,5.45,5.45,2026-05-11T15:52:53.111640,2026-05-11T15:52:53.904347+00:00
2017,392,Japan,M,Import,792,Turkey,7108,Gold,243901.31,6.0,6.0,2026-05-11T15:52:53.111643,2026-05-11T15:52:53.904347+00:00
2017,392,Japan,M,Import,699,Unknown,7108,Gold,2602.85,0.059,0.059,2026-05-11T15:52:53.111646,2026-05-11T15:52:53.904347+00:00
2017,392,Japan,M,Import,251,Unknown,7108,Gold,51085.39,1.356,1.356,2026-05-11T15:52:53.111649,2026-05-11T15:52:53.904347+00:00
2017,392,Japan,M,Import,178,Unknown,7108,Gold,40896.84,1.0,1.0,2026-05-11T15:52:53.111652,2026-05-11T15:52:53.904347+00:00
2017,392,Japan,M,Import,757,Unknown,7108,Gold,19092172.46,474.251,474.251,2026-05-11T15:52:53.111655,2026-05-11T15:52:53.904347+00:00
2022,392,Japan,M,Import,380,Italy,7108,Gold,127507.5,8.727,8.727,2026-05-11T15:52:53.111658,2026-05-11T15:52:53.904347+00:00
2022,392,Japan,M,Import,251,Unknown,7108,Gold,99849.32,2.059,2.059,2026-05-11T15:52:53.111662,2026-05-11T15:52:53.904347+00:00
2022,392,Japan,X,Export,490,Unknown,7108,Gold,557239388.27,10880.289,10880.289,2026-05-11T15:52:53.111665,2026-05-11T15:52:53.904347+00:00
2022,392,Japan,M,Import,458,Malaysia,7108,Gold,33410836.27,579.086,579.086,2026-05-11T15:52:53.111668,2026-05-11T15:52:53.904347+00:00
2022,392,Japan,X,Export,784,UAE,7108,Gold,5297626.05,100.127,100.127,2026-05-11T15:52:53.111673,2026-05-11T15:52:53.904347+00:00
2022,392,Japan,X,Export,446,Unknown,7108,Gold,93149.6,6.888,6.888,2026-05-11T15:52:53.111676,2026-05-11T15:52:53.904347+00:00
2022,392,Japan,X,Export,682,Saudi Arabia,7108,Gold,20935.66,0.197,0.197,2026-05-11T15:52:53.111679,2026-05-11T15:52:53.904347+00:00
2022,392,Japan,M,Import,124,Canada,7108,Gold,85187.51,1.237,1.237,2026-05-11T15:52:53.111682,2026-05-11T15:52:53.904347+00:00
2022,392,Japan,X,Export,410,South Korea,7108,Gold,395866290.84,7287.284,7287.284,2026-05-11T15:52:53.111685,2026-05-11T15:52:53.904347+00:00
2022,392,Japan,X,Export,251,Unknown,7108,Gold,99499.5,40.85,40.85,2026-05-11T15:52:53.111688,2026-05-11T15:52:53.904347+00:00
2022,392,Japan,X,Export,380,Italy,7108,Gold,313015.82,9.95,9.95,2026-05-11T15:52:53.111691,2026-05-11T15:52:53.904347+00:00
2022,392,Japan,X,Export,484,Mexico,7108,Gold,207645.51,3.684,3.684,2026-05-11T15:52:53.111695,2026-05-11T15:52:53.904347+00:00
2022,392,Japan,X,Export,842,Unknown,7108,Gold,136130345.95,38059.209,38059.209,2026-05-11T15:52:53.111698,2026-05-11T15:52:53.904347+00:00
2022,392,Japan,X,Export,752,Sweden,7108,Gold,752451.68,13.829,13.829,2026-05-11T15:52:53.111701,2026-05-11T15:52:53.904347+00:00
2022,392,Japan,X,Export,156,China,7108,Gold,378683615.02,7203.8,7203.8,2026-05-11T15:52:53.111704,2026-05-11T15:52:53.904347+00:00
2022,392,Japan,X,Export,36,Australia,7108,Gold,1574.17,0.045,0.045,2026-05-11T15:52:53.111707,2026-05-11T15:52:53.904347+00:00
2022,392,Japan,M,Import,288,Ghana,7108,Gold,107263.87,2.004,2.004,2026-05-11T15:52:53.111710,2026-05-11T15:52:53.904347+00:00
2022,392,Japan,M,Import,276,Germany,7108,Gold,1125833.37,24.001,24.001,2026-05-11T15:52:53.111713,2026-05-11T15:52:53.904347+00:00
2022,392,Japan,X,Export,699,Unknown,7108,Gold,24070255.86,410.821,410.821,2026-05-11T15:52:53.111716,2026-05-11T15:52:53.904347+00:00
2022,392,Japan,X,Export,64,Bhutan,7108,Gold,369115.47,5.301,5.301,2026-05-11T15:52:53.111719,2026-05-11T15:52:53.904347+00:00
2022,392,Japan,M,Import,784,UAE,7108,Gold,7301403.36,145.0,145.0,2026-05-11T15:52:53.111722,2026-05-11T15:52:53.904347+00:00
2022,392,Japan,X,Export,554,New Zealand,7108,Gold,605316.52,10.185,10.185,2026-05-11T15:52:53.111738,2026-05-11T15:52:53.904347+00:00
2018,392,Japan,X,Export,757,Unknown,7108,Gold,804848659.15,19492.919,19492.919,2026-05-11T15:52:53.111741,2026-05-11T15:52:53.904347+00:00
2018,392,Japan,X,Export,764,Thailand,7108,Gold,349734330.0,8878.38,8878.38,2026-05-11T15:52:53.111744,2026-05-11T15:52:53.904347+00:00
2018,392,Japan,X,Export,792,Turkey,7108,Gold,526574.52,12.939,12.939,2026-05-11T15:52:53.111747,2026-05-11T15:52:53.904347+00:00
2018,392,Japan,X,Export,826,United Kingdom,7108,Gold,513701295.6,12347.033,12347.033,2026-05-11T15:52:53.111750,2026-05-11T15:52:53.904347+00:00
2018,392,Japan,X,Export,842,Unknown,7108,Gold,72408005.04,1911.978,1911.978,2026-05-11T15:52:53.111753,2026-05-11T15:52:53.904347+00:00
2018,392,Japan,X,Export,0,World,7108,Gold,6279450393.95,155533.148,155533.148,2026-05-11T15:52:53.111756,2026-05-11T15:52:53.904347+00:00
2022,392,Japan,X,Export,100,Bulgaria,7108,Gold,263585.47,8.32,8.32,2026-05-11T15:52:53.111759,2026-05-11T15:52:53.904347+00:00
2022,392,Japan,M,Import,764,Thailand,7108,Gold,125210.89,3.155,3.155,2026-05-11T15:52:53.111762,2026-05-11T15:52:53.904347+00:00
2022,392,Japan,X,Export,504,Morocco,7108,Gold,20023.1,1.68,1.68,2026-05-11T15:52:53.111765,2026-05-11T15:52:53.904347+00:00
2022,392,Japan,M,Import,40,Austria,7108,Gold,18692.28,0.272,0.272,2026-05-11T15:52:53.111770,2026-05-11T15:52:53.904347+00:00
2022,392,Japan,X,Export,203,Czech Republic,7108,Gold,157317.81,12.458,12.458,2026-05-11T15:52:53.111773,2026-05-11T15:52:53.904347+00:00
2022,392,Japan,X,Export,608,Philippines,7108,Gold,16050484.94,537.682,537.682,2026-05-11T15:52:53.111776,2026-05-11T15:52:53.904347+00:00
2022,392,Japan,X,Export,188,Unknown,7108,Gold,178633.7,2.334,2.334,2026-05-11T15:52:53.111779,2026-05-11T15:52:53.904347+00:00
2022,392,Japan,X,Export,764,Thailand,7108,Gold,470542036.14,8295.16,8295.16,2026-05-11T15:52:53.111782,2026-05-11T15:52:53.904347+00:00
2022,392,Japan,X,Export,124,Canada,7108,Gold,186693051.52,3200.239,3200.239,2026-05-11T15:52:53.111785,2026-05-11T15:52:53.904347+00:00
2022,392,Japan,M,Import,344,Unknown,7108,Gold,294734.2,5.0,5.0,2026-05-11T15:52:53.111788,2026-05-11T15:52:53.904347+00:00
2022,392,Japan,X,Export,40,Austria,7108,Gold,632115.38,9.6,9.6,2026-05-11T15:52:53.111791,2026-05-11T15:52:53.904347+00:00
2022,392,Japan,M,Import,156,China,7108,Gold,6993026.39,148.435,148.435,2026-05-11T15:52:53.111793,2026-05-11T15:52:53.904347+00:00
2022,392,Japan,M,Import,702,Unknown,7108,Gold,849342.78,14.428,14.428,2026-05-11T15:52:53.111796,2026-05-11T15:52:53.904347+00:00
2022,392,Japan,M,Import,826,United Kingdom,7108,Gold,3941355.97,66.189,66.189,2026-05-11T15:52:53.111801,2026-05-11T15:52:53.904347+00:00
2022,392,Japan,X,Export,704,Vietnam,7108,Gold,14495200.65,396.582,396.582,2026-05-11T15:52:53.111804,2026-05-11T15:52:53.904347+00:00
2022,392,Japan,X,Export,458,Malaysia,7108,Gold,474082086.07,8355.85,8355.85,2026-05-11T15:52:53.111807,2026-05-11T15:52:53.904347+00:00
2022,392,Japan,X,Export,616,Poland,7108,Gold,64289.88,125.281,125.281,2026-05-11T15:52:53.111811,2026-05-11T15:52:53.904347+00:00
2022,392,Japan,M,Import,704,Vietnam,7108,Gold,7839312.09,129.484,129.484,2026-05-11T15:52:53.111814,2026-05-11T15:52:53.904347+00:00
2022,392,Japan,X,Export,344,Unknown,7108,Gold,4203067268.22,71021.724,71021.724,2026-05-11T15:52:53.111817,2026-05-11T15:52:53.904347+00:00
2022,392,Japan,X,Export,757,Unknown,7108,Gold,811786491.91,13983.21,13983.21,2026-05-11T15:52:53.111819,2026-05-11T15:52:53.904347+00:00
2022,392,Japan,X,Export,360,Indonesia,7108,Gold,13271175.78,251.329,251.329,2026-05-11T15:52:53.111824,2026-05-11T15:52:53.904347+00:00
2022,392,Japan,X,Export,0,World,7108,Gold,10799925448.67,224654.143,224654.143,2026-05-11T15:52:53.111827,2026-05-11T15:52:53.904347+00:00
2022,392,Japan,M,Import,36,Australia,7108,Gold,339472.47,6.845,6.845,2026-05-11T15:52:53.111830,2026-05-11T15:52:53.904347+00:00
2022,392,Japan,X,Export,705,Unknown,7108,Gold,24844.46,2.0,2.0,2026-05-11T15:52:53.111836,2026-05-11T15:52:53.904347+00:00
2024,392,Japan,X,Export,36,Australia,7108,Gold,10431.65,0.117,0.117,2026-05-11T15:52:53.111839,2026-05-11T15:52:53.904347+00:00
2024,392,Japan,X,Export,0,World,7108,Gold,17837697074.4,228849.43,228849.43,2026-05-11T15:52:53.111842,2026-05-11T15:52:53.904347+00:00
2024,392,Japan,X,Export,826,United Kingdom,7108,Gold,649274784.54,8415.783,8415.783,2026-05-11T15:52:53.111845,2026-05-11T15:52:53.904347+00:00
2024,392,Japan,X,Export,764,Thailand,7108,Gold,324620212.09,4628.191,4628.191,2026-05-11T15:52:53.111848,2026-05-11T15:52:53.904347+00:00
2024,392,Japan,X,Export,724,Spain,7108,Gold,17388.28,0.27,0.27,2026-05-11T15:52:53.111853,2026-05-11T15:52:53.904347+00:00
2024,392,Japan,X,Export,699,Unknown,7108,Gold,580446.21,7.885,7.885,2026-05-11T15:52:53.111856,2026-05-11T15:52:53.904347+00:00
2024,392,Japan,X,Export,682,Saudi Arabia,7108,Gold,7267.14,0.048,0.048,2026-05-11T15:52:53.111859,2026-05-11T15:52:53.904347+00:00
2024,392,Japan,X,Export,579,Unknown,7108,Gold,900325.85,23.822,23.822,2026-05-11T15:52:53.111862,2026-05-11T15:52:53.904347+00:00
2024,392,Japan,X,Export,446,Unknown,7108,Gold,304189.23,10.819,10.819,2026-05-11T15:52:53.111865,2026-05-11T15:52:53.904347+00:00
2024,392,Japan,X,Export,380,Italy,7108,Gold,522626.21,13.098,13.098,2026-05-11T15:52:53.111870,2026-05-11T15:52:53.904347+00:00
2024,392,Japan,X,Export,360,Indonesia,7108,Gold,21728322.8,299.62,299.62,2026-05-11T15:52:53.111873,2026-05-11T15:52:53.904347+00:00
2024,392,Japan,X,Export,251,Unknown,7108,Gold,67498.51,47.306,47.306,2026-05-11T15:52:53.111876,2026-05-11T15:52:53.904347+00:00
2024,392,Japan,X,Export,144,Sri Lanka,7108,Gold,1600660.04,28.347,28.347,2026-05-11T15:52:53.111879,2026-05-11T15:52:53.904347+00:00
2024,392,Japan,X,Export,124,Canada,7108,Gold,790140200.93,10544.915,10544.915,2026-05-11T15:52:53.111882,2026-05-11T15:52:53.904347+00:00
2024,392,Japan,X,Export,76,Brazil,7108,Gold,47573.33,6.3,6.3,2026-05-11T15:52:53.111885,2026-05-11T15:52:53.904347+00:00
2024,392,Japan,X,Export,757,Unknown,7108,Gold,2452187167.38,31778.85,31778.85,2026-05-11T15:52:53.111887,2026-05-11T15:52:53.904347+00:00
2024,392,Japan,X,Export,704,Vietnam,7108,Gold,14301670.09,250.293,250.293,2026-05-11T15:52:53.111890,2026-05-11T15:52:53.904347+00:00
2024,392,Japan,X,Export,528,Netherlands,7108,Gold,72981.9,0.702,0.702,2026-05-11T15:52:53.111893,2026-05-11T15:52:53.904347+00:00
2024,392,Japan,X,Export,490,Unknown,7108,Gold,1012275083.18,13685.755,13685.755,2026-05-11T15:52:53.111896,2026-05-11T15:52:53.904347+00:00
2024,392,Japan,X,Export,410,South Korea,7108,Gold,484575986.42,6828.479,6828.479,2026-05-11T15:52:53.111901,2026-05-11T15:52:53.904347+00:00
2024,392,Japan,X,Export,376,Israel,7108,Gold,19865.72,0.72,0.72,2026-05-11T15:52:53.111904,2026-05-11T15:52:53.904347+00:00
2024,392,Japan,X,Export,348,Unknown,7108,Gold,1631.8,0.02,0.02,2026-05-11T15:52:53.111907,2026-05-11T15:52:53.904347+00:00
2024,392,Japan,X,Export,276,Germany,7108,Gold,2346288.32,81.994,81.994,2026-05-11T15:52:53.111910,2026-05-11T15:52:53.904347+00:00
2024,392,Japan,X,Export,246,Finland,7108,Gold,8542.19,21.076,21.076,2026-05-11T15:52:53.111913,2026-05-11T15:52:53.904347+00:00
2024,392,Japan,X,Export,156,China,7108,Gold,71995176.11,1511.151,1511.151,2026-05-11T15:52:53.111916,2026-05-11T15:52:53.904347+00:00
2024,392,Japan,X,Export,116,Cambodia,7108,Gold,53677.73,3.8,3.8,2026-05-11T15:52:53.111919,2026-05-11T15:52:53.904347+00:00
2024,392,Japan,X,Export,64,Bhutan,7108,Gold,113354.16,1.16,1.16,2026-05-11T15:52:53.111922,2026-05-11T15:52:53.904347+00:00
2024,392,Japan,X,Export,705,Unknown,7108,Gold,14527.67,2.0,2.0,2026-05-11T15:52:53.111924,2026-05-11T15:52:53.904347+00:00
2024,392,Japan,X,Export,620,Portugal,7108,Gold,52766.04,5.859,5.859,2026-05-11T15:52:53.111927,2026-05-11T15:52:53.904347+00:00
2024,392,Japan,X,Export,470,Unknown,7108,Gold,2880.43,0.223,0.223,2026-05-11T15:52:53.111932,2026-05-11T15:52:53.904347+00:00
2024,392,Japan,X,Export,344,Unknown,7108,Gold,9353430131.87,114961.83,114961.83,2026-05-11T15:52:53.111935,2026-05-11T15:52:53.904347+00:00
2017,392,Japan,X,Export,251,Unknown,7108,Gold,20269.82,6.302,6.302,2026-05-11T15:52:53.111938,2026-05-11T15:52:53.904347+00:00
2017,392,Japan,X,Export,458,Malaysia,7108,Gold,314495516.52,7766.449,7766.449,2026-05-11T15:52:53.111941,2026-05-11T15:52:53.904347+00:00
2017,392,Japan,X,Export,344,Unknown,7108,Gold,1067478937.41,26634.015,26634.015,2026-05-11T15:52:53.111944,2026-05-11T15:52:53.904347+00:00
2017,392,Japan,X,Export,446,Unknown,7108,Gold,1872.71,0.024,0.024,2026-05-11T15:52:53.111947,2026-05-11T15:52:53.904347+00:00
