period,reporter_code,reporter_name,flow_code,flow_type,partner_code,partner_name,cmd_code,cmd_desc,trade_value_usd,net_weight_kg,quantity,scraped_at,cleaned_at
2014,156,China,X,Export,28,Antigua and Barbuda,8471,Computers & Laptops,1314529.0,6587.0,2282.0,2026-05-11T15:01:00.606521,2026-05-11T15:14:35.674066+00:00
2014,156,China,X,Export,64,Bhutan,8471,Computers & Laptops,106139.0,570.0,108476.0,2026-05-11T15:01:00.606543,2026-05-11T15:14:35.674066+00:00
2014,156,China,X,Export,92,Unknown,8471,Computers & Laptops,320036.0,4242.0,27272.0,2026-05-11T15:01:00.606551,2026-05-11T15:14:35.674066+00:00
2014,156,China,X,Export,108,Unknown,8471,Computers & Laptops,178369.0,1023.0,267.0,2026-05-11T15:01:00.606556,2026-05-11T15:14:35.674066+00:00
2014,156,China,X,Export,140,Unknown,8471,Computers & Laptops,264508.0,1696.0,306.0,2026-05-11T15:01:00.606562,2026-05-11T15:14:35.674066+00:00
2014,156,China,X,Export,136,Unknown,8471,Computers & Laptops,71794.0,401.0,609.0,2026-05-11T15:01:00.606574,2026-05-11T15:14:35.674066+00:00
2014,156,China,X,Export,296,Unknown,8471,Computers & Laptops,7420.0,98.0,1694.0,2026-05-11T15:01:00.606580,2026-05-11T15:14:35.674066+00:00
2014,156,China,X,Export,304,Unknown,8471,Computers & Laptops,11078.0,48.0,256.0,2026-05-11T15:01:00.606590,2026-05-11T15:14:35.674066+00:00
2014,156,China,X,Export,308,Unknown,8471,Computers & Laptops,410286.0,2553.0,308.0,2026-05-11T15:01:00.606595,2026-05-11T15:14:35.674066+00:00
2014,156,China,X,Export,535,Unknown,8471,Computers & Laptops,35751.0,179.0,66.0,2026-05-11T15:01:00.606601,2026-05-11T15:14:35.674066+00:00
2014,156,China,X,Export,624,Unknown,8471,Computers & Laptops,312174.0,2210.0,402.0,2026-05-11T15:01:00.606606,2026-05-11T15:14:35.674066+00:00
2014,156,China,X,Export,670,Unknown,8471,Computers & Laptops,2537994.0,12681.0,12539.0,2026-05-11T15:01:00.606611,2026-05-11T15:14:35.674066+00:00
2014,156,China,X,Export,690,Unknown,8471,Computers & Laptops,243183.0,1254.0,968.0,2026-05-11T15:01:00.606616,2026-05-11T15:14:35.674066+00:00
2014,156,China,X,Export,728,Unknown,8471,Computers & Laptops,734733.0,4010.0,324.0,2026-05-11T15:01:00.606622,2026-05-11T15:14:35.674066+00:00
2014,156,China,X,Export,854,Unknown,8471,Computers & Laptops,228817.0,1143.0,946.0,2026-05-11T15:01:00.606627,2026-05-11T15:14:35.674066+00:00
2014,156,China,X,Export,442,Unknown,8471,Computers & Laptops,1018094521.0,5123051.0,2388417.0,2026-05-11T15:01:00.606632,2026-05-11T15:14:35.674066+00:00
2014,156,China,X,Export,626,Unknown,8471,Computers & Laptops,25219.0,139.0,2336.0,2026-05-11T15:01:00.606637,2026-05-11T15:14:35.674066+00:00
2014,156,China,X,Export,148,Unknown,8471,Computers & Laptops,1372752.0,9331.0,417.0,2026-05-11T15:01:00.606646,2026-05-11T15:14:35.674066+00:00
2014,156,China,X,Export,662,Unknown,8471,Computers & Laptops,398452.0,2197.0,135105.0,2026-05-11T15:01:00.606652,2026-05-11T15:14:35.674066+00:00
2014,156,China,X,Export,882,Unknown,8471,Computers & Laptops,977390.0,5251.0,12648.0,2026-05-11T15:01:00.606657,2026-05-11T15:14:35.674066+00:00
2014,156,China,X,Export,174,Unknown,8471,Computers & Laptops,97434.0,866.0,36776.0,2026-05-11T15:01:00.606662,2026-05-11T15:14:35.674066+00:00
2014,156,China,X,Export,52,Unknown,8471,Computers & Laptops,143631.0,791.0,237.0,2026-05-11T15:01:00.606668,2026-05-11T15:14:35.674066+00:00
2014,156,China,X,Export,426,Unknown,8471,Computers & Laptops,110147.0,944.0,102176.0,2026-05-11T15:01:00.606673,2026-05-11T15:14:35.674066+00:00
2014,156,China,X,Export,548,Unknown,8471,Computers & Laptops,16270.0,86.0,208.0,2026-05-11T15:01:00.606678,2026-05-11T15:14:35.674066+00:00
2014,156,China,X,Export,212,Unknown,8471,Computers & Laptops,102030.0,855.0,17731.0,2026-05-11T15:01:00.606684,2026-05-11T15:14:35.674066+00:00
2014,156,China,X,Export,531,Unknown,8471,Computers & Laptops,19627.0,104.0,155.0,2026-05-11T15:01:00.606690,2026-05-11T15:14:35.674066+00:00
2014,156,China,X,Export,275,Unknown,8471,Computers & Laptops,656001.0,4150.0,26650.0,2026-05-11T15:01:00.606695,2026-05-11T15:14:35.674066+00:00
2014,156,China,X,Export,646,Unknown,8471,Computers & Laptops,321564.0,1899.0,1133.0,2026-05-11T15:01:00.606704,2026-05-11T15:14:35.674066+00:00
2014,156,China,X,Export,84,Unknown,8471,Computers & Laptops,60191.0,299.0,491.0,2026-05-11T15:01:00.606710,2026-05-11T15:14:35.674066+00:00
2014,156,China,X,Export,562,Unknown,8471,Computers & Laptops,536081.0,3867.0,2187.0,2026-05-11T15:01:00.606715,2026-05-11T15:14:35.674066+00:00
2014,156,China,X,Export,44,Unknown,8471,Computers & Laptops,190416.0,1746.0,111973.0,2026-05-11T15:01:00.606721,2026-05-11T15:14:35.674066+00:00
2014,156,China,X,Export,4,Afghanistan,8471,Computers & Laptops,1024140.0,6987.0,67110.0,2026-05-11T15:01:00.606747,2026-05-11T15:14:35.674066+00:00
2014,156,China,X,Export,706,Unknown,8471,Computers & Laptops,268614.0,1266.0,350.0,2026-05-11T15:01:00.606754,2026-05-11T15:14:35.674066+00:00
2014,156,China,X,Export,807,Unknown,8471,Computers & Laptops,6528884.0,32898.0,45141.0,2026-05-11T15:01:00.606761,2026-05-11T15:14:35.674066+00:00
2014,156,China,X,Export,352,Unknown,8471,Computers & Laptops,5013075.0,25161.0,111895.0,2026-05-11T15:01:00.606765,2026-05-11T15:14:35.674066+00:00
2014,156,China,X,Export,694,Unknown,8471,Computers & Laptops,36925.0,308.0,128.0,2026-05-11T15:01:00.606768,2026-05-11T15:14:35.674066+00:00
2014,156,China,X,Export,132,Unknown,8471,Computers & Laptops,587720.0,3523.0,107009.0,2026-05-11T15:01:00.606771,2026-05-11T15:14:35.674066+00:00
2014,156,China,X,Export,466,Unknown,8471,Computers & Laptops,595498.0,3564.0,640.0,2026-05-11T15:01:00.606777,2026-05-11T15:14:35.674066+00:00
2014,156,China,X,Export,499,Unknown,8471,Computers & Laptops,314456.0,1597.0,1129.0,2026-05-11T15:01:00.606780,2026-05-11T15:14:35.674066+00:00
2014,156,China,X,Export,70,Unknown,8471,Computers & Laptops,3178667.0,16060.0,26579.0,2026-05-11T15:01:00.606785,2026-05-11T15:14:35.674066+00:00
2014,156,China,X,Export,462,Unknown,8471,Computers & Laptops,79171.0,430.0,529.0,2026-05-11T15:01:00.606788,2026-05-11T15:14:35.674066+00:00
2014,156,China,X,Export,332,Unknown,8471,Computers & Laptops,327119.0,1625.0,1558.0,2026-05-11T15:01:00.606791,2026-05-11T15:14:35.674066+00:00
2014,156,China,X,Export,418,Unknown,8471,Computers & Laptops,11664850.0,67771.0,19239.0,2026-05-11T15:01:00.606794,2026-05-11T15:14:35.674066+00:00
2014,156,China,X,Export,226,Unknown,8471,Computers & Laptops,638634.0,4031.0,27163.0,2026-05-11T15:01:00.606797,2026-05-11T15:14:35.674066+00:00
2014,156,China,X,Export,51,Unknown,8471,Computers & Laptops,1811711.0,9327.0,11337.0,2026-05-11T15:01:00.606800,2026-05-11T15:14:35.674066+00:00
2014,156,China,X,Export,430,Unknown,8471,Computers & Laptops,778615.0,4504.0,24425.0,2026-05-11T15:01:00.606803,2026-05-11T15:14:35.674066+00:00
2014,156,China,X,Export,540,Unknown,8471,Computers & Laptops,214667.0,1075.0,1337.0,2026-05-11T15:01:00.606806,2026-05-11T15:14:35.674066+00:00
2014,156,China,X,Export,328,Unknown,8471,Computers & Laptops,295120.0,1765.0,9536.0,2026-05-11T15:01:00.606810,2026-05-11T15:14:35.674066+00:00
2014,156,China,X,Export,454,Unknown,8471,Computers & Laptops,228761.0,1525.0,45418.0,2026-05-11T15:01:00.606813,2026-05-11T15:14:35.674066+00:00
2014,156,China,X,Export,72,Unknown,8471,Computers & Laptops,713130.0,3921.0,30471.0,2026-05-11T15:01:00.606816,2026-05-11T15:14:35.674066+00:00
2014,156,China,X,Export,740,Unknown,8471,Computers & Laptops,61577.0,374.0,46082.0,2026-05-11T15:01:00.606819,2026-05-11T15:14:35.674066+00:00
2014,156,China,X,Export,558,Unknown,8471,Computers & Laptops,3123724.0,17000.0,47665.0,2026-05-11T15:01:00.606822,2026-05-11T15:14:35.674066+00:00
2014,156,China,X,Export,800,Uganda,8471,Computers & Laptops,8508736.0,44621.0,23923.0,2026-05-11T15:01:00.606825,2026-05-11T15:14:35.674066+00:00
2014,156,China,X,Export,780,Unknown,8471,Computers & Laptops,2609357.0,16375.0,14982.0,2026-05-11T15:01:00.606829,2026-05-11T15:14:35.674066+00:00
2014,156,China,X,Export,266,Unknown,8471,Computers & Laptops,558978.0,3503.0,5125.0,2026-05-11T15:01:00.606832,2026-05-11T15:14:35.674066+00:00
2014,156,China,X,Export,498,Unknown,8471,Computers & Laptops,8766414.0,44225.0,31208.0,2026-05-11T15:01:00.606835,2026-05-11T15:14:35.674066+00:00
2014,156,China,X,Export,324,Unknown,8471,Computers & Laptops,1750617.0,10086.0,118530.0,2026-05-11T15:01:00.606838,2026-05-11T15:14:35.674066+00:00
2014,156,China,X,Export,894,Zambia,8471,Computers & Laptops,15320564.0,88436.0,1920.0,2026-05-11T15:01:00.606843,2026-05-11T15:14:35.674066+00:00
2014,156,China,X,Export,795,Unknown,8471,Computers & Laptops,33408706.0,196246.0,128011.0,2026-05-11T15:01:00.606846,2026-05-11T15:14:35.674066+00:00
2014,156,China,X,Export,478,Unknown,8471,Computers & Laptops,302152.0,1673.0,9703.0,2026-05-11T15:01:00.606849,2026-05-11T15:14:35.674066+00:00
2014,156,China,X,Export,716,Zimbabwe,8471,Computers & Laptops,8435384.0,51244.0,34860.0,2026-05-11T15:01:00.606852,2026-05-11T15:14:35.674066+00:00
2014,156,China,X,Export,388,Jamaica,8471,Computers & Laptops,4489833.0,25585.0,84279.0,2026-05-11T15:01:00.606855,2026-05-11T15:14:35.674066+00:00
2014,156,China,X,Export,516,Unknown,8471,Computers & Laptops,1949699.0,10687.0,87428.0,2026-05-11T15:01:00.606858,2026-05-11T15:14:35.674066+00:00
2014,156,China,X,Export,204,Unknown,8471,Computers & Laptops,1454998.0,15287.0,273680.0,2026-05-11T15:01:00.606861,2026-05-11T15:14:35.674066+00:00
2014,156,China,X,Export,242,Unknown,8471,Computers & Laptops,834580.0,4286.0,35939.0,2026-05-11T15:01:00.606864,2026-05-11T15:14:35.674066+00:00
2014,156,China,X,Export,31,Unknown,8471,Computers & Laptops,17164513.0,91536.0,77373.0,2026-05-11T15:01:00.606867,2026-05-11T15:14:35.674066+00:00
2014,156,China,X,Export,178,Unknown,8471,Computers & Laptops,1183057.0,7459.0,3413.0,2026-05-11T15:01:00.606870,2026-05-11T15:14:35.674066+00:00
2014,156,China,X,Export,762,Unknown,8471,Computers & Laptops,2416924.0,13244.0,36769.0,2026-05-11T15:01:00.606874,2026-05-11T15:14:35.674066+00:00
2014,156,China,X,Export,222,Unknown,8471,Computers & Laptops,7413262.0,47258.0,338131.0,2026-05-11T15:01:00.606877,2026-05-11T15:14:35.674066+00:00
2014,156,China,X,Export,524,Unknown,8471,Computers & Laptops,4587213.0,30885.0,527501.0,2026-05-11T15:01:00.606880,2026-05-11T15:14:35.674066+00:00
2014,156,China,X,Export,192,Unknown,8471,Computers & Laptops,7078990.0,41750.0,55633.0,2026-05-11T15:01:00.606883,2026-05-11T15:14:35.674066+00:00
2014,156,China,X,Export,68,Bolivia,8471,Computers & Laptops,38504326.0,295520.0,815217.0,2026-05-11T15:01:00.606886,2026-05-11T15:14:35.674066+00:00
2014,156,China,X,Export,760,Unknown,8471,Computers & Laptops,1374010.0,9385.0,471129.0,2026-05-11T15:01:00.606889,2026-05-11T15:14:35.674066+00:00
2014,156,China,X,Export,688,Unknown,8471,Computers & Laptops,30693090.0,157579.0,211563.0,2026-05-11T15:01:00.606892,2026-05-11T15:14:35.674066+00:00
2014,156,China,X,Export,686,Unknown,8471,Computers & Laptops,1402089.0,10724.0,102131.0,2026-05-11T15:01:00.606895,2026-05-11T15:14:35.674066+00:00
2014,156,China,X,Export,496,Unknown,8471,Computers & Laptops,7033797.0,36835.0,21103.0,2026-05-11T15:01:00.606898,2026-05-11T15:14:35.674066+00:00
2014,156,China,X,Export,512,Unknown,8471,Computers & Laptops,6880929.0,38337.0,168029.0,2026-05-11T15:01:00.606901,2026-05-11T15:14:35.674066+00:00
2014,156,China,X,Export,768,Unknown,8471,Computers & Laptops,2847835.0,19356.0,182186.0,2026-05-11T15:01:00.606906,2026-05-11T15:14:35.674066+00:00
2014,156,China,X,Export,340,Unknown,8471,Computers & Laptops,1598030.0,8903.0,30101.0,2026-05-11T15:01:00.606909,2026-05-11T15:14:35.674066+00:00
2014,156,China,X,Export,598,Unknown,8471,Computers & Laptops,6161990.0,53888.0,48865.0,2026-05-11T15:01:00.606912,2026-05-11T15:14:35.674066+00:00
2014,156,China,X,Export,112,Unknown,8471,Computers & Laptops,21381454.0,108389.0,100300.0,2026-05-11T15:01:00.606915,2026-05-11T15:14:35.674066+00:00
2014,156,China,X,Export,8,Albania,8471,Computers & Laptops,806218.0,6667.0,81739.0,2026-05-11T15:01:00.606918,2026-05-11T15:14:35.674066+00:00
2014,156,China,X,Export,417,Unknown,8471,Computers & Laptops,543684.0,5486.0,89475.0,2026-05-11T15:01:00.606921,2026-05-11T15:14:35.674066+00:00
2014,156,China,X,Export,214,Unknown,8471,Computers & Laptops,1624490.0,13450.0,197845.0,2026-05-11T15:01:00.606924,2026-05-11T15:14:35.674066+00:00
2014,156,China,X,Export,120,Unknown,8471,Computers & Laptops,13188973.0,75312.0,282615.0,2026-05-11T15:01:00.606927,2026-05-11T15:14:35.674066+00:00
2014,156,China,X,Export,446,Unknown,8471,Computers & Laptops,2881183.0,17113.0,37812.0,2026-05-11T15:01:00.606929,2026-05-11T15:14:35.674066+00:00
2014,156,China,X,Export,180,Unknown,8471,Computers & Laptops,3506046.0,21026.0,32949.0,2026-05-11T15:01:00.606932,2026-05-11T15:14:35.674066+00:00
2014,156,China,X,Export,48,Unknown,8471,Computers & Laptops,6675214.0,38515.0,535651.0,2026-05-11T15:01:00.606937,2026-05-11T15:14:35.674066+00:00
2014,156,China,X,Export,703,Unknown,8471,Computers & Laptops,304540313.0,1394959.0,2185193.0,2026-05-11T15:01:00.606941,2026-05-11T15:14:35.674066+00:00
2014,156,China,X,Export,480,Unknown,8471,Computers & Laptops,11074461.0,56830.0,87074.0,2026-05-11T15:01:00.606944,2026-05-11T15:14:35.674066+00:00
2014,156,China,X,Export,262,Unknown,8471,Computers & Laptops,241890.0,2013.0,113240.0,2026-05-11T15:01:00.606948,2026-05-11T15:14:35.674066+00:00
2014,156,China,X,Export,384,Unknown,8471,Computers & Laptops,2911420.0,16220.0,98292.0,2026-05-11T15:01:00.606951,2026-05-11T15:14:35.674066+00:00
2014,156,China,X,Export,96,Unknown,8471,Computers & Laptops,3979905.0,46806.0,1249760.0,2026-05-11T15:01:00.606954,2026-05-11T15:14:35.674066+00:00
2014,156,China,X,Export,450,Unknown,8471,Computers & Laptops,846547.0,6194.0,120122.0,2026-05-11T15:01:00.606957,2026-05-11T15:14:35.674066+00:00
2014,156,China,X,Export,470,Unknown,8471,Computers & Laptops,6350712.0,80307.0,723483.0,2026-05-11T15:01:00.606960,2026-05-11T15:14:35.674066+00:00
2014,156,China,X,Export,196,Cyprus,8471,Computers & Laptops,3239846.0,17142.0,40343.0,2026-05-11T15:01:00.606963,2026-05-11T15:14:35.674066+00:00
2014,156,China,X,Export,320,Unknown,8471,Computers & Laptops,13364739.0,73934.0,240051.0,2026-05-11T15:01:00.606966,2026-05-11T15:14:35.674066+00:00
2014,156,China,X,Export,116,Cambodia,8471,Computers & Laptops,13232928.0,72913.0,259045.0,2026-05-11T15:01:00.606971,2026-05-11T15:14:35.674066+00:00
2014,156,China,X,Export,268,Unknown,8471,Computers & Laptops,40311622.0,206253.0,234753.0,2026-05-11T15:01:00.606974,2026-05-11T15:14:35.674066+00:00
2014,156,China,X,Export,188,Unknown,8471,Computers & Laptops,8691595.0,48235.0,222594.0,2026-05-11T15:01:00.606977,2026-05-11T15:14:35.674066+00:00
2014,156,China,X,Export,729,Unknown,8471,Computers & Laptops,3250467.0,22884.0,375147.0,2026-05-11T15:01:00.606980,2026-05-11T15:14:35.674066+00:00
2014,156,China,X,Export,231,Ethiopia,8471,Computers & Laptops,51287799.0,275422.0,46067.0,2026-05-11T15:01:00.606983,2026-05-11T15:14:35.674066+00:00
2014,156,China,X,Export,508,Unknown,8471,Computers & Laptops,38987399.0,217284.0,183229.0,2026-05-11T15:01:00.606986,2026-05-11T15:14:35.674066+00:00
2014,156,China,X,Export,233,Unknown,8471,Computers & Laptops,10133512.0,95891.0,1367861.0,2026-05-11T15:01:00.606989,2026-05-11T15:14:35.674066+00:00
2014,156,China,X,Export,191,Croatia,8471,Computers & Laptops,28912471.0,161215.0,492199.0,2026-05-11T15:01:00.606992,2026-05-11T15:14:35.674066+00:00
2014,156,China,X,Export,600,Unknown,8471,Computers & Laptops,58283556.0,310666.0,372528.0,2026-05-11T15:01:00.606995,2026-05-11T15:14:35.674066+00:00
2014,156,China,X,Export,788,Unknown,8471,Computers & Laptops,44391774.0,234865.0,652885.0,2026-05-11T15:01:00.606998,2026-05-11T15:14:35.674066+00:00
2014,156,China,X,Export,634,Qatar,8471,Computers & Laptops,23333453.0,124923.0,581753.0,2026-05-11T15:01:00.607002,2026-05-11T15:14:35.674066+00:00
2014,156,China,X,Export,887,Yemen,8471,Computers & Laptops,3315852.0,34955.0,1001062.0,2026-05-11T15:01:00.607005,2026-05-11T15:14:35.674066+00:00
2014,156,China,X,Export,100,Bulgaria,8471,Computers & Laptops,61335122.0,315020.0,585252.0,2026-05-11T15:01:00.607008,2026-05-11T15:14:35.674066+00:00
2014,156,China,X,Export,860,Unknown,8471,Computers & Laptops,5148080.0,42237.0,418140.0,2026-05-11T15:01:00.607011,2026-05-11T15:14:35.674066+00:00
2014,156,China,X,Export,428,Unknown,8471,Computers & Laptops,22730785.0,127324.0,639890.0,2026-05-11T15:01:00.607014,2026-05-11T15:14:35.674066+00:00
2014,156,China,X,Export,372,Ireland,8471,Computers & Laptops,428957920.0,2486999.0,1790476.0,2026-05-11T15:01:00.607017,2026-05-11T15:14:35.674066+00:00
2014,156,China,X,Export,434,Unknown,8471,Computers & Laptops,1597690.0,14716.0,164366.0,2026-05-11T15:01:00.607020,2026-05-11T15:14:35.674066+00:00
2014,156,China,X,Export,348,Unknown,8471,Computers & Laptops,243171392.0,1331216.0,5949636.0,2026-05-11T15:01:00.607023,2026-05-11T15:14:35.674066+00:00
2014,156,China,X,Export,862,Unknown,8471,Computers & Laptops,210921942.0,1067454.0,1977850.0,2026-05-11T15:01:00.607026,2026-05-11T15:14:35.674066+00:00
2014,156,China,X,Export,591,Unknown,8471,Computers & Laptops,117133289.0,829124.0,4404038.0,2026-05-11T15:01:00.607029,2026-05-11T15:14:35.674066+00:00
2014,156,China,X,Export,834,Unknown,8471,Computers & Laptops,14813629.0,84570.0,407123.0,2026-05-11T15:01:00.607036,2026-05-11T15:14:35.674066+00:00
2014,156,China,X,Export,504,Morocco,8471,Computers & Laptops,38607705.0,214523.0,888184.0,2026-05-11T15:01:00.607039,2026-05-11T15:14:35.674066+00:00
2014,156,China,X,Export,400,Jordan,8471,Computers & Laptops,12530708.0,73499.0,503635.0,2026-05-11T15:01:00.607042,2026-05-11T15:14:35.674066+00:00
2014,156,China,X,Export,705,Unknown,8471,Computers & Laptops,23483543.0,134927.0,920228.0,2026-05-11T15:01:00.607045,2026-05-11T15:14:35.674066+00:00
2014,156,China,X,Export,40,Austria,8471,Computers & Laptops,43555101.0,221384.0,452332.0,2026-05-11T15:01:00.607048,2026-05-11T15:14:35.674066+00:00
2014,156,China,X,Export,408,North Korea,8471,Computers & Laptops,37257331.0,208381.0,251538.0,2026-05-11T15:01:00.607051,2026-05-11T15:14:35.674066+00:00
2014,156,China,X,Export,579,Unknown,8471,Computers & Laptops,68047359.0,350713.0,190357.0,2026-05-11T15:01:00.607053,2026-05-11T15:14:35.674066+00:00
2014,156,China,X,Export,642,Romania,8471,Computers & Laptops,109577942.0,581119.0,1572039.0,2026-05-11T15:01:00.607056,2026-05-11T15:14:35.674066+00:00
2014,156,China,X,Export,104,Unknown,8471,Computers & Laptops,28240091.0,161698.0,937644.0,2026-05-11T15:01:00.607059,2026-05-11T15:14:35.674066+00:00
2014,156,China,X,Export,620,Portugal,8471,Computers & Laptops,122746491.0,642367.0,1190249.0,2026-05-11T15:01:00.607062,2026-05-11T15:14:35.674066+00:00
2014,156,China,X,Export,218,Ecuador,8471,Computers & Laptops,57032704.0,322949.0,1365306.0,2026-05-11T15:01:00.607067,2026-05-11T15:14:35.674066+00:00
2014,156,China,X,Export,144,Sri Lanka,8471,Computers & Laptops,41610521.0,229938.0,914772.0,2026-05-11T15:01:00.607070,2026-05-11T15:14:35.674066+00:00
2014,156,China,X,Export,414,Kuwait,8471,Computers & Laptops,17028995.0,92514.0,510047.0,2026-05-11T15:01:00.607073,2026-05-11T15:14:35.674066+00:00
2014,156,China,X,Export,440,Unknown,8471,Computers & Laptops,75342283.0,397784.0,975404.0,2026-05-11T15:01:00.607076,2026-05-11T15:14:35.674066+00:00
2014,156,China,X,Export,288,Ghana,8471,Computers & Laptops,10210388.0,58474.0,728402.0,2026-05-11T15:01:00.607079,2026-05-11T15:14:35.674066+00:00
2014,156,China,X,Export,757,Unknown,8471,Computers & Laptops,196361678.0,1006552.0,723671.0,2026-05-11T15:01:00.607082,2026-05-11T15:14:35.674066+00:00
2014,156,China,X,Export,300,Greece,8471,Computers & Laptops,721879855.0,3657323.0,3677034.0,2026-05-11T15:01:00.607085,2026-05-11T15:14:35.674066+00:00
2014,156,China,X,Export,203,Czech Republic,8471,Computers & Laptops,1821484782.0,9835709.0,35371883.0,2026-05-11T15:01:00.607088,2026-05-11T15:14:35.674066+00:00
2014,156,China,X,Export,422,Lebanon,8471,Computers & Laptops,19474541.0,107409.0,292613.0,2026-05-11T15:01:00.607090,2026-05-11T15:14:35.674066+00:00
2014,156,China,X,Export,368,Iraq,8471,Computers & Laptops,32115026.0,198983.0,200573.0,2026-05-11T15:01:00.607095,2026-05-11T15:14:35.674066+00:00
2014,156,China,X,Export,858,Unknown,8471,Computers & Laptops,77183623.0,518429.0,3370629.0,2026-05-11T15:01:00.607100,2026-05-11T15:14:35.674066+00:00
2014,156,China,X,Export,404,Kenya,8471,Computers & Laptops,19509916.0,108435.0,476331.0,2026-05-11T15:01:00.607103,2026-05-11T15:14:35.674066+00:00
2014,156,China,X,Export,24,Angola,8471,Computers & Laptops,10903070.0,74079.0,991272.0,2026-05-11T15:01:00.607106,2026-05-11T15:14:35.674066+00:00
2014,156,China,X,Export,208,Denmark,8471,Computers & Laptops,207970274.0,1116734.0,1388971.0,2026-05-11T15:01:00.607109,2026-05-11T15:14:35.674066+00:00
2014,156,China,X,Export,50,Bangladesh,8471,Computers & Laptops,53954629.0,327361.0,2819902.0,2026-05-11T15:01:00.607113,2026-05-11T15:14:35.674066+00:00
2014,156,China,X,Export,752,Sweden,8471,Computers & Laptops,326365052.0,1721463.0,2859399.0,2026-05-11T15:01:00.607117,2026-05-11T15:14:35.674066+00:00
2014,156,China,X,Export,246,Finland,8471,Computers & Laptops,937392596.0,4920948.0,8248675.0,2026-05-11T15:01:00.607119,2026-05-11T15:14:35.674066+00:00
2014,156,China,X,Export,804,Ukraine,8471,Computers & Laptops,103211067.0,560428.0,2044508.0,2026-05-11T15:01:00.607122,2026-05-11T15:14:35.674066+00:00
2014,156,China,X,Export,376,Israel,8471,Computers & Laptops,232188247.0,1249257.0,2282348.0,2026-05-11T15:01:00.607125,2026-05-11T15:14:35.674066+00:00
2014,156,China,X,Export,170,Colombia,8471,Computers & Laptops,625023082.0,3319887.0,5432996.0,2026-05-11T15:01:00.607128,2026-05-11T15:14:35.674066+00:00
2014,156,China,X,Export,32,Argentina,8471,Computers & Laptops,148740392.0,911548.0,5333312.0,2026-05-11T15:01:00.607133,2026-05-11T15:14:35.674066+00:00
2014,156,China,X,Export,586,Pakistan,8471,Computers & Laptops,121457289.0,647533.0,1717397.0,2026-05-11T15:01:00.607136,2026-05-11T15:14:35.674066+00:00
2014,156,China,X,Export,604,Peru,8471,Computers & Laptops,236962882.0,1270140.0,4790142.0,2026-05-11T15:01:00.607139,2026-05-11T15:14:35.674066+00:00
2014,156,China,X,Export,12,Algeria,8471,Computers & Laptops,64310376.0,386053.0,2767800.0,2026-05-11T15:01:00.607142,2026-05-11T15:14:35.674066+00:00
2014,156,China,X,Export,566,Nigeria,8471,Computers & Laptops,57926725.0,330066.0,1611108.0,2026-05-11T15:01:00.607145,2026-05-11T15:14:35.674066+00:00
2014,156,China,X,Export,554,New Zealand,8471,Computers & Laptops,241612981.0,1278968.0,1068198.0,2026-05-11T15:01:00.607148,2026-05-11T15:14:35.674066+00:00
2014,156,China,X,Export,56,Belgium,8471,Computers & Laptops,211559905.0,1213487.0,4297134.0,2026-05-11T15:01:00.607151,2026-05-11T15:14:35.674066+00:00
2014,156,China,X,Export,616,Poland,8471,Computers & Laptops,861288885.0,4530056.0,20961508.0,2026-05-11T15:01:00.607153,2026-05-11T15:14:35.674066+00:00
2014,156,China,X,Export,818,Egypt,8471,Computers & Laptops,58653693.0,556479.0,9749472.0,2026-05-11T15:01:00.607156,2026-05-11T15:14:35.674066+00:00
2014,156,China,X,Export,398,Kazakhstan,8471,Computers & Laptops,157494428.0,875171.0,2195427.0,2026-05-11T15:01:00.607159,2026-05-11T15:14:35.674066+00:00
2014,156,China,X,Export,724,Spain,8471,Computers & Laptops,527178860.0,2847535.0,7366197.0,2026-05-11T15:01:00.607164,2026-05-11T15:14:35.674066+00:00
2014,156,China,X,Export,682,Saudi Arabia,8471,Computers & Laptops,226026527.0,1244924.0,2969125.0,2026-05-11T15:01:00.607167,2026-05-11T15:14:35.674066+00:00
2014,156,China,X,Export,124,Canada,8471,Computers & Laptops,2078065201.0,11494802.0,9982086.0,2026-05-11T15:01:00.607170,2026-05-11T15:14:35.674066+00:00
2014,156,China,X,Export,792,Turkey,8471,Computers & Laptops,1054753250.0,5622827.0,14262397.0,2026-05-11T15:01:00.607173,2026-05-11T15:14:35.674066+00:00
2014,156,China,X,Export,490,Unknown,8471,Computers & Laptops,1670136627.0,9249900.0,43450862.0,2026-05-11T15:01:00.607176,2026-05-11T15:14:35.674066+00:00
2014,156,China,X,Export,484,Mexico,8471,Computers & Laptops,2057168073.0,10736575.0,32836295.0,2026-05-11T15:01:00.607179,2026-05-11T15:14:35.674066+00:00
2014,156,China,X,Export,528,Netherlands,8471,Computers & Laptops,15571199551.0,84064301.0,108667201.0,2026-05-11T15:01:00.607182,2026-05-11T15:14:35.674066+00:00
2014,156,China,X,Export,76,Brazil,8471,Computers & Laptops,535540382.0,3944575.0,40346480.0,2026-05-11T15:01:00.607185,2026-05-11T15:14:35.674066+00:00
2014,156,China,X,Export,710,South Africa,8471,Computers & Laptops,539360221.0,2805179.0,4535066.0,2026-05-11T15:01:00.607188,2026-05-11T15:14:35.674066+00:00
2014,156,China,X,Export,152,Chile,8471,Computers & Laptops,401900242.0,2162282.0,5013568.0,2026-05-11T15:01:00.607191,2026-05-11T15:14:35.674066+00:00
2014,156,China,X,Export,364,Iran,8471,Computers & Laptops,60749406.0,477300.0,6587907.0,2026-05-11T15:01:00.607196,2026-05-11T15:14:35.674066+00:00
2014,156,China,X,Export,251,Unknown,8471,Computers & Laptops,1432103550.0,7412590.0,13232090.0,2026-05-11T15:01:00.607198,2026-05-11T15:14:35.674066+00:00
2014,156,China,X,Export,784,UAE,8471,Computers & Laptops,3365478703.0,17421084.0,21409382.0,2026-05-11T15:01:00.607202,2026-05-11T15:14:35.674066+00:00
2014,156,China,X,Export,764,Thailand,8471,Computers & Laptops,1027280745.0,5348993.0,19136470.0,2026-05-11T15:01:00.607204,2026-05-11T15:14:35.674066+00:00
2014,156,China,X,Export,410,South Korea,8471,Computers & Laptops,3063191916.0,17774182.0,37374101.0,2026-05-11T15:01:00.607208,2026-05-11T15:14:35.674066+00:00
2014,156,China,X,Export,392,Japan,8471,Computers & Laptops,9642970926.0,51682395.0,63289183.0,2026-05-11T15:01:00.607211,2026-05-11T15:14:35.674066+00:00
2014,156,China,X,Export,344,Unknown,8471,Computers & Laptops,30032867019.0,165661188.0,565213351.0,2026-05-11T15:01:00.607214,2026-05-11T15:14:35.674066+00:00
2014,156,China,X,Export,702,Unknown,8471,Computers & Laptops,3942223126.0,19478806.0,83608229.0,2026-05-11T15:01:00.607217,2026-05-11T15:14:35.674066+00:00
2014,156,China,X,Export,608,Philippines,8471,Computers & Laptops,364758461.0,2016325.0,6419443.0,2026-05-11T15:01:00.607220,2026-05-11T15:14:35.674066+00:00
2014,156,China,X,Export,826,United Kingdom,8471,Computers & Laptops,5116343938.0,26823874.0,27029933.0,2026-05-11T15:01:00.607223,2026-05-11T15:14:35.674066+00:00
2014,156,China,X,Export,380,Italy,8471,Computers & Laptops,1638215439.0,8730545.0,8549323.0,2026-05-11T15:01:00.607227,2026-05-11T15:14:35.674066+00:00
2014,156,China,X,Export,276,Germany,8471,Computers & Laptops,8707594663.0,45040081.0,46110608.0,2026-05-11T15:01:00.607230,2026-05-11T15:14:35.674066+00:00
2014,156,China,X,Export,36,Australia,8471,Computers & Laptops,3328585345.0,17596010.0,13712221.0,2026-05-11T15:01:00.607233,2026-05-11T15:14:35.674066+00:00
2014,156,China,X,Export,704,Vietnam,8471,Computers & Laptops,747815714.0,5313888.0,22560853.0,2026-05-11T15:01:00.607236,2026-05-11T15:14:35.674066+00:00
2014,156,China,X,Export,699,Unknown,8471,Computers & Laptops,2401303061.0,13069794.0,89379100.0,2026-05-11T15:01:00.607239,2026-05-11T15:14:35.674066+00:00
2014,156,China,X,Export,360,Indonesia,8471,Computers & Laptops,722824375.0,3853199.0,15037761.0,2026-05-11T15:01:00.607242,2026-05-11T15:14:35.674066+00:00
2014,156,China,X,Export,458,Malaysia,8471,Computers & Laptops,700808257.0,3787976.0,19243062.0,2026-05-11T15:01:00.607245,2026-05-11T15:14:35.674066+00:00
2014,156,China,X,Export,643,Russia,8471,Computers & Laptops,1711759338.0,9130139.0,16353069.0,2026-05-11T15:01:00.607248,2026-05-11T15:14:35.674066+00:00
2014,156,China,X,Export,842,Unknown,8471,Computers & Laptops,49405991982.0,261809682.0,298454219.0,2026-05-11T15:01:00.607251,2026-05-11T15:14:35.674066+00:00
2014,156,China,X,Export,0,World,8471,Computers & Laptops,163425396565.0,877882561.0,1814102962.0,2026-05-11T15:01:00.607254,2026-05-11T15:14:35.674066+00:00
2014,156,China,X,Export,60,Unknown,8471,Computers & Laptops,1305.0,7.0,24.0,2026-05-11T15:01:00.607259,2026-05-11T15:14:35.674066+00:00
2014,156,China,X,Export,533,Unknown,8471,Computers & Laptops,13499.0,70.0,53.0,2026-05-11T15:01:00.607262,2026-05-11T15:14:35.674066+00:00
2014,156,China,X,Export,678,Unknown,8471,Computers & Laptops,10241.0,49.0,17.0,2026-05-11T15:01:00.607265,2026-05-11T15:14:35.674066+00:00
2014,156,China,X,Export,90,Unknown,8471,Computers & Laptops,11094.0,72.0,19.0,2026-05-11T15:01:00.607267,2026-05-11T15:14:35.674066+00:00
2014,156,China,X,Export,270,Unknown,8471,Computers & Laptops,273648.0,1503.0,29.0,2026-05-11T15:01:00.607270,2026-05-11T15:14:35.674066+00:00
2014,156,China,X,Export,776,Unknown,8471,Computers & Laptops,16746.0,85.0,29.0,2026-05-11T15:01:00.607274,2026-05-11T15:14:35.674066+00:00
2014,156,China,X,Export,232,Unknown,8471,Computers & Laptops,1352203.0,8520.0,60.0,2026-05-11T15:01:00.607284,2026-05-11T15:14:35.674066+00:00
2014,156,China,X,Export,637,Unknown,8471,Computers & Laptops,4344.0,58.0,10.0,2026-05-11T15:01:00.607288,2026-05-11T15:14:35.674066+00:00
2014,156,China,X,Export,258,Unknown,8471,Computers & Laptops,428.0,2.0,6.0,2026-05-11T15:01:00.607291,2026-05-11T15:14:35.674066+00:00
2014,156,China,X,Export,473,Unknown,8471,Computers & Laptops,3774.0,21.0,6.0,2026-05-11T15:01:00.607294,2026-05-11T15:14:35.674066+00:00
2014,156,China,X,Export,659,Unknown,8471,Computers & Laptops,2674.0,15.0,6.0,2026-05-11T15:01:00.607298,2026-05-11T15:14:35.674066+00:00
2014,156,China,X,Export,748,Unknown,8471,Computers & Laptops,1510.0,13.0,4.0,2026-05-11T15:01:00.607301,2026-05-11T15:14:35.674066+00:00
2014,156,China,X,Export,583,Unknown,8471,Computers & Laptops,648.0,2.0,2.0,2026-05-11T15:01:00.607306,2026-05-11T15:14:35.674066+00:00
2014,156,China,X,Export,796,Unknown,8471,Computers & Laptops,228.0,1.0,1.0,2026-05-11T15:01:00.607309,2026-05-11T15:14:35.674066+00:00
2014,156,China,RM,Export,0,World,8471,Computers & Laptops,10942655572.0,0.0,312557044.0,2026-05-11T15:01:00.607312,2026-05-11T15:14:35.674066+00:00
2014,156,China,RM,Export,156,China,8471,Computers & Laptops,10942655572.0,0.0,312557044.0,2026-05-11T15:01:00.607315,2026-05-11T15:14:35.674066+00:00
2014,156,China,X,Export,234,Unknown,8471,Computers & Laptops,40.0,0.0,4.0,2026-05-11T15:01:00.607318,2026-05-11T15:14:35.674066+00:00
2014,156,China,X,Export,674,Unknown,8471,Computers & Laptops,89.0,0.0,4.0,2026-05-11T15:01:00.607321,2026-05-11T15:14:35.674066+00:00
2014,156,China,M,Import,586,Pakistan,8471,Computers & Laptops,432.0,2.0,1.0,2026-05-11T15:01:00.607324,2026-05-11T15:14:35.674066+00:00
2014,156,China,M,Import,729,Unknown,8471,Computers & Laptops,16181.0,87.0,1.0,2026-05-11T15:01:00.607327,2026-05-11T15:14:35.674066+00:00
2014,156,China,M,Import,795,Unknown,8471,Computers & Laptops,3193.0,17.0,1.0,2026-05-11T15:01:00.607332,2026-05-11T15:14:35.674066+00:00
2014,156,China,M,Import,32,Argentina,8471,Computers & Laptops,34179.0,310.0,1.0,2026-05-11T15:01:00.607335,2026-05-11T15:14:35.674066+00:00
2014,156,China,M,Import,152,Chile,8471,Computers & Laptops,2000.0,11.0,1.0,2026-05-11T15:01:00.607338,2026-05-11T15:14:35.674066+00:00
2014,156,China,M,Import,191,Croatia,8471,Computers & Laptops,934.0,5.0,1.0,2026-05-11T15:01:00.607341,2026-05-11T15:14:35.674066+00:00
2014,156,China,M,Import,231,Ethiopia,8471,Computers & Laptops,739.0,4.0,1.0,2026-05-11T15:01:00.607344,2026-05-11T15:14:35.674066+00:00
2014,156,China,M,Import,266,Unknown,8471,Computers & Laptops,299.0,2.0,1.0,2026-05-11T15:01:00.607347,2026-05-11T15:14:35.674066+00:00
2014,156,China,M,Import,308,Unknown,8471,Computers & Laptops,300.0,2.0,1.0,2026-05-11T15:01:00.607349,2026-05-11T15:14:35.674066+00:00
2014,156,China,M,Import,64,Bhutan,8471,Computers & Laptops,82616.0,408.0,6211.0,2026-05-11T15:01:00.607352,2026-05-11T15:14:35.674066+00:00
2014,156,China,M,Import,120,Unknown,8471,Computers & Laptops,173.0,1.0,40.0,2026-05-11T15:01:00.607355,2026-05-11T15:14:35.674066+00:00
2014,156,China,M,Import,148,Unknown,8471,Computers & Laptops,5037.0,23.0,27.0,2026-05-11T15:01:00.607358,2026-05-11T15:14:35.674066+00:00
2014,156,China,M,Import,188,Unknown,8471,Computers & Laptops,2562183.0,13659.0,13369.0,2026-05-11T15:01:00.607363,2026-05-11T15:14:35.674066+00:00
2014,156,China,M,Import,512,Unknown,8471,Computers & Laptops,22149.0,110.0,504.0,2026-05-11T15:01:00.607366,2026-05-11T15:14:35.674066+00:00
2014,156,China,M,Import,76,Brazil,8471,Computers & Laptops,1612064.0,8048.0,97971.0,2026-05-11T15:01:00.607369,2026-05-11T15:14:35.674066+00:00
2014,156,China,M,Import,504,Morocco,8471,Computers & Laptops,12717.0,68.0,102.0,2026-05-11T15:01:00.607372,2026-05-11T15:14:35.674066+00:00
2014,156,China,M,Import,788,Unknown,8471,Computers & Laptops,17361.0,81.0,81.0,2026-05-11T15:01:00.607375,2026-05-11T15:14:35.674066+00:00
2014,156,China,M,Import,428,Unknown,8471,Computers & Laptops,489.0,2.0,18.0,2026-05-11T15:01:00.607377,2026-05-11T15:14:35.674066+00:00
2014,156,China,M,Import,352,Unknown,8471,Computers & Laptops,235790.0,1672.0,15.0,2026-05-11T15:01:00.607380,2026-05-11T15:14:35.674066+00:00
2014,156,China,M,Import,480,Unknown,8471,Computers & Laptops,1386.0,6.0,9.0,2026-05-11T15:01:00.607383,2026-05-11T15:14:35.674066+00:00
2014,156,China,M,Import,807,Unknown,8471,Computers & Laptops,6683.0,36.0,7.0,2026-05-11T15:01:00.607386,2026-05-11T15:14:35.674066+00:00
2014,156,China,M,Import,388,Jamaica,8471,Computers & Laptops,3688.0,18.0,10.0,2026-05-11T15:01:00.607389,2026-05-11T15:14:35.674066+00:00
2014,156,China,M,Import,688,Unknown,8471,Computers & Laptops,113237.0,1026.0,10.0,2026-05-11T15:01:00.607395,2026-05-11T15:14:35.674066+00:00
2014,156,China,M,Import,196,Cyprus,8471,Computers & Laptops,140.0,1.0,4.0,2026-05-11T15:01:00.607398,2026-05-11T15:14:35.674066+00:00
2014,156,China,M,Import,446,Unknown,8471,Computers & Laptops,500.0,3.0,4.0,2026-05-11T15:01:00.607401,2026-05-11T15:14:35.674066+00:00
2014,156,China,M,Import,796,Unknown,8471,Computers & Laptops,13130.0,70.0,4.0,2026-05-11T15:01:00.607404,2026-05-11T15:14:35.674066+00:00
2014,156,China,M,Import,218,Ecuador,8471,Computers & Laptops,168.0,1.0,2.0,2026-05-11T15:01:00.607407,2026-05-11T15:14:35.674066+00:00
2014,156,China,M,Import,268,Unknown,8471,Computers & Laptops,181.0,1.0,2.0,2026-05-11T15:01:00.607410,2026-05-11T15:14:35.674066+00:00
2014,156,China,M,Import,270,Unknown,8471,Computers & Laptops,181.0,1.0,2.0,2026-05-11T15:01:00.607413,2026-05-11T15:14:35.674066+00:00
2014,156,China,M,Import,50,Bangladesh,8471,Computers & Laptops,90.0,0.0,1.0,2026-05-11T15:01:00.607416,2026-05-11T15:14:35.674066+00:00
2014,156,China,M,Import,520,Unknown,8471,Computers & Laptops,69.0,0.0,1.0,2026-05-11T15:01:00.607419,2026-05-11T15:14:35.674066+00:00
2014,156,China,M,Import,776,Unknown,8471,Computers & Laptops,75.0,0.0,1.0,2026-05-11T15:01:00.607422,2026-05-11T15:14:35.674066+00:00
2014,156,China,M,Import,818,Egypt,8471,Computers & Laptops,20.0,0.0,1.0,2026-05-11T15:01:00.607426,2026-05-11T15:14:35.674066+00:00
2014,156,China,M,Import,450,Unknown,8471,Computers & Laptops,249.0,0.0,2.0,2026-05-11T15:01:00.607429,2026-05-11T15:14:35.674066+00:00
2014,156,China,M,Import,0,World,8471,Computers & Laptops,28724624853.0,0.0,753163244.0,2026-05-11T15:01:00.607432,2026-05-11T15:14:35.674066+00:00
2014,156,China,M,Import,156,China,8471,Computers & Laptops,10942655572.0,0.0,312557043.0,2026-05-11T15:01:00.607435,2026-05-11T15:14:35.674066+00:00
2014,156,China,M,Import,276,Germany,8471,Computers & Laptops,251151987.0,0.0,214208.0,2026-05-11T15:01:00.607438,2026-05-11T15:14:35.674066+00:00
2014,156,China,M,Import,36,Australia,8471,Computers & Laptops,19215959.0,0.0,5733.0,2026-05-11T15:01:00.607441,2026-05-11T15:14:35.674066+00:00
2014,156,China,M,Import,40,Austria,8471,Computers & Laptops,15806742.0,0.0,11825.0,2026-05-11T15:01:00.607446,2026-05-11T15:14:35.674066+00:00
2014,156,China,M,Import,56,Belgium,8471,Computers & Laptops,2860919.0,0.0,1452.0,2026-05-11T15:01:00.607449,2026-05-11T15:14:35.674066+00:00
2014,156,China,M,Import,100,Bulgaria,8471,Computers & Laptops,266008.0,0.0,686.0,2026-05-11T15:01:00.607465,2026-05-11T15:14:35.674066+00:00
2014,156,China,M,Import,124,Canada,8471,Computers & Laptops,26485964.0,0.0,16634.0,2026-05-11T15:01:00.607469,2026-05-11T15:14:35.674066+00:00
2014,156,China,M,Import,144,Sri Lanka,8471,Computers & Laptops,148.0,0.0,25.0,2026-05-11T15:01:00.607474,2026-05-11T15:14:35.674066+00:00
2014,156,China,M,Import,203,Czech Republic,8471,Computers & Laptops,17236236.0,0.0,74370.0,2026-05-11T15:01:00.607478,2026-05-11T15:14:35.674066+00:00
2014,156,China,M,Import,208,Denmark,8471,Computers & Laptops,8429339.0,0.0,26795.0,2026-05-11T15:01:00.607481,2026-05-11T15:14:35.674066+00:00
2014,156,China,M,Import,233,Unknown,8471,Computers & Laptops,5449.0,0.0,11.0,2026-05-11T15:01:00.607484,2026-05-11T15:14:35.674066+00:00
2014,156,China,M,Import,246,Finland,8471,Computers & Laptops,7305379.0,0.0,1568.0,2026-05-11T15:01:00.607487,2026-05-11T15:14:35.674066+00:00
2014,156,China,M,Import,300,Greece,8471,Computers & Laptops,67586.0,0.0,59.0,2026-05-11T15:01:00.607489,2026-05-11T15:14:35.674066+00:00
2014,156,China,M,Import,344,Unknown,8471,Computers & Laptops,12738256.0,0.0,261962.0,2026-05-11T15:01:00.607493,2026-05-11T15:14:35.674066+00:00
2014,156,China,M,Import,348,Unknown,8471,Computers & Laptops,156627266.0,0.0,59572.0,2026-05-11T15:01:00.607495,2026-05-11T15:14:35.674066+00:00
2014,156,China,M,Import,360,Indonesia,8471,Computers & Laptops,97023376.0,0.0,1556509.0,2026-05-11T15:01:00.607498,2026-05-11T15:14:35.674066+00:00
2014,156,China,M,Import,364,Iran,8471,Computers & Laptops,2002.0,0.0,452.0,2026-05-11T15:01:00.607501,2026-05-11T15:14:35.674066+00:00
2014,156,China,M,Import,372,Ireland,8471,Computers & Laptops,229048046.0,0.0,42953.0,2026-05-11T15:01:00.607506,2026-05-11T15:14:35.674066+00:00
2014,156,China,M,Import,376,Israel,8471,Computers & Laptops,25439765.0,0.0,75261.0,2026-05-11T15:01:00.607509,2026-05-11T15:14:35.674066+00:00
2014,156,China,M,Import,442,Unknown,8471,Computers & Laptops,80658.0,0.0,8.0,2026-05-11T15:01:00.607512,2026-05-11T15:14:35.674066+00:00
2014,156,China,M,Import,458,Malaysia,8471,Computers & Laptops,2122541748.0,0.0,53887136.0,2026-05-11T15:01:00.607515,2026-05-11T15:14:35.674066+00:00
2014,156,China,M,Import,470,Unknown,8471,Computers & Laptops,69298.0,0.0,207.0,2026-05-11T15:01:00.607518,2026-05-11T15:14:35.674066+00:00
2014,156,China,M,Import,484,Mexico,8471,Computers & Laptops,448197950.0,0.0,376592.0,2026-05-11T15:01:00.607521,2026-05-11T15:14:35.674066+00:00
2014,156,China,M,Import,528,Netherlands,8471,Computers & Laptops,19448563.0,0.0,38234.0,2026-05-11T15:01:00.607526,2026-05-11T15:14:35.674066+00:00
2014,156,China,M,Import,554,New Zealand,8471,Computers & Laptops,438522.0,0.0,660.0,2026-05-11T15:01:00.607529,2026-05-11T15:14:35.674066+00:00
2014,156,China,M,Import,579,Unknown,8471,Computers & Laptops,22434168.0,0.0,19070.0,2026-05-11T15:01:00.607532,2026-05-11T15:14:35.674066+00:00
2014,156,China,M,Import,608,Philippines,8471,Computers & Laptops,2301345549.0,0.0,75673399.0,2026-05-11T15:01:00.607535,2026-05-11T15:14:35.674066+00:00
2014,156,China,M,Import,616,Poland,8471,Computers & Laptops,11203527.0,0.0,1891.0,2026-05-11T15:01:00.607539,2026-05-11T15:14:35.674066+00:00
2014,156,China,M,Import,620,Portugal,8471,Computers & Laptops,337984.0,0.0,4324.0,2026-05-11T15:01:00.607542,2026-05-11T15:14:35.674066+00:00
2014,156,China,M,Import,642,Romania,8471,Computers & Laptops,2536636.0,0.0,32506.0,2026-05-11T15:01:00.607545,2026-05-11T15:14:35.674066+00:00
2014,156,China,M,Import,643,Russia,8471,Computers & Laptops,192132.0,0.0,151.0,2026-05-11T15:01:00.607548,2026-05-11T15:14:35.674066+00:00
2014,156,China,M,Import,674,Unknown,8471,Computers & Laptops,18070.0,0.0,1551.0,2026-05-11T15:01:00.607551,2026-05-11T15:14:35.674066+00:00
2014,156,China,M,Import,699,Unknown,8471,Computers & Laptops,2717123.0,0.0,37723.0,2026-05-11T15:01:00.607554,2026-05-11T15:14:35.674066+00:00
2014,156,China,M,Import,702,Unknown,8471,Computers & Laptops,868431468.0,0.0,949109.0,2026-05-11T15:01:00.607557,2026-05-11T15:14:35.674066+00:00
2014,156,China,M,Import,703,Unknown,8471,Computers & Laptops,2714143.0,0.0,5788.0,2026-05-11T15:01:00.607560,2026-05-11T15:14:35.674066+00:00
2014,156,China,M,Import,704,Vietnam,8471,Computers & Laptops,181962867.0,0.0,29916829.0,2026-05-11T15:01:00.607563,2026-05-11T15:14:35.674066+00:00
2014,156,China,M,Import,705,Unknown,8471,Computers & Laptops,111184.0,0.0,409.0,2026-05-11T15:01:00.607566,2026-05-11T15:14:35.674066+00:00
2014,156,China,M,Import,710,South Africa,8471,Computers & Laptops,142002.0,0.0,187.0,2026-05-11T15:01:00.607571,2026-05-11T15:14:35.674066+00:00
2014,156,China,M,Import,724,Spain,8471,Computers & Laptops,8138737.0,0.0,27595.0,2026-05-11T15:01:00.607574,2026-05-11T15:14:35.674066+00:00
2014,156,China,M,Import,752,Sweden,8471,Computers & Laptops,18448884.0,0.0,256230.0,2026-05-11T15:01:00.607576,2026-05-11T15:14:35.674066+00:00
2014,156,China,M,Import,764,Thailand,8471,Computers & Laptops,4151151363.0,0.0,94841811.0,2026-05-11T15:01:00.607579,2026-05-11T15:14:35.674066+00:00
2014,156,China,M,Import,784,UAE,8471,Computers & Laptops,55044.0,0.0,33.0,2026-05-11T15:01:00.607582,2026-05-11T15:14:35.674066+00:00
2014,156,China,M,Import,792,Turkey,8471,Computers & Laptops,103988.0,0.0,139.0,2026-05-11T15:01:00.607585,2026-05-11T15:14:35.674066+00:00
2014,156,China,M,Import,804,Ukraine,8471,Computers & Laptops,9660.0,0.0,9.0,2026-05-11T15:01:00.607588,2026-05-11T15:14:35.674066+00:00
2014,156,China,M,Import,899,Unknown,8471,Computers & Laptops,750058.0,0.0,233948.0,2026-05-11T15:01:00.607591,2026-05-11T15:14:35.674066+00:00
2014,156,China,M,Import,757,Unknown,8471,Computers & Laptops,3730821.0,0.0,18724.0,2026-05-11T15:01:00.607594,2026-05-11T15:14:35.674066+00:00
2014,156,China,M,Import,826,United Kingdom,8471,Computers & Laptops,21162579.0,0.0,237923.0,2026-05-11T15:01:00.607597,2026-05-11T15:14:35.674066+00:00
2014,156,China,M,Import,251,Unknown,8471,Computers & Laptops,69072069.0,0.0,34834.0,2026-05-11T15:01:00.607602,2026-05-11T15:14:35.674066+00:00
2014,156,China,M,Import,410,South Korea,8471,Computers & Laptops,2874005142.0,0.0,32165459.0,2026-05-11T15:01:00.607605,2026-05-11T15:14:35.674066+00:00
2014,156,China,M,Import,380,Italy,8471,Computers & Laptops,23251532.0,0.0,22665.0,2026-05-11T15:01:00.607608,2026-05-11T15:14:35.674066+00:00
2014,156,China,M,Import,490,Unknown,8471,Computers & Laptops,2091432637.0,0.0,95788589.0,2026-05-11T15:01:00.607611,2026-05-11T15:14:35.674066+00:00
2014,156,China,M,Import,842,Unknown,8471,Computers & Laptops,806633720.0,0.0,712465.0,2026-05-11T15:01:00.607614,2026-05-11T15:14:35.674066+00:00
2014,156,China,M,Import,392,Japan,8471,Computers & Laptops,854637567.0,0.0,52851514.0,2026-05-11T15:01:00.607617,2026-05-11T15:14:35.674066+00:00
2014,156,China,M,Import,242,Unknown,8471,Computers & Laptops,80.0,0.0,4.0,2026-05-11T15:01:00.607620,2026-05-11T15:14:35.674066+00:00
2014,156,China,M,Import,682,Saudi Arabia,8471,Computers & Laptops,2748.0,0.0,3.0,2026-05-11T15:01:00.607624,2026-05-11T15:14:35.674066+00:00
2015,156,China,X,Export,392,Japan,8471,Computers & Laptops,7024780718.0,0.0,0.0,2026-05-11T15:01:00.607628,2026-05-11T15:14:35.674066+00:00
2015,156,China,X,Export,446,Unknown,8471,Computers & Laptops,6319893.0,0.0,0.0,2026-05-11T15:01:00.607631,2026-05-11T15:14:35.674066+00:00
2015,156,China,X,Export,616,Poland,8471,Computers & Laptops,792224176.0,0.0,0.0,2026-05-11T15:01:00.607635,2026-05-11T15:14:35.674066+00:00
2015,156,China,X,Export,764,Thailand,8471,Computers & Laptops,1018181706.0,0.0,0.0,2026-05-11T15:01:00.607638,2026-05-11T15:14:35.674066+00:00
2015,156,China,X,Export,842,Unknown,8471,Computers & Laptops,42350595011.0,0.0,0.0,2026-05-11T15:01:00.607641,2026-05-11T15:14:35.674066+00:00
2015,156,China,X,Export,344,Unknown,8471,Computers & Laptops,1493.0,8.127,0.0,2026-05-11T15:01:00.607673,2026-05-11T15:14:35.674066+00:00
2015,156,China,X,Export,348,Unknown,8471,Computers & Laptops,2190.0,28.008,0.0,2026-05-11T15:01:00.607676,2026-05-11T15:14:35.674066+00:00
2015,156,China,X,Export,364,Iran,8471,Computers & Laptops,70820.0,905.721,0.0,2026-05-11T15:01:00.607684,2026-05-11T15:14:35.674066+00:00
2015,156,China,X,Export,400,Jordan,8471,Computers & Laptops,21.0,0.082,0.0,2026-05-11T15:01:00.607687,2026-05-11T15:14:35.674066+00:00
2015,156,China,X,Export,410,South Korea,8471,Computers & Laptops,17694.0,97.635,0.0,2026-05-11T15:01:00.607690,2026-05-11T15:14:35.674066+00:00
2015,156,China,X,Export,426,Unknown,8471,Computers & Laptops,5579.0,49.446,0.0,2026-05-11T15:01:00.607693,2026-05-11T15:14:35.674066+00:00
2015,156,China,X,Export,458,Malaysia,8471,Computers & Laptops,28931.0,133.234,0.0,2026-05-11T15:01:00.607698,2026-05-11T15:14:35.674066+00:00
2015,156,China,X,Export,473,Unknown,8471,Computers & Laptops,224.0,1.219,0.0,2026-05-11T15:01:00.607701,2026-05-11T15:14:35.674066+00:00
2015,156,China,X,Export,484,Mexico,8471,Computers & Laptops,249098.0,973.607,0.0,2026-05-11T15:01:00.607704,2026-05-11T15:14:35.674066+00:00
2015,156,China,X,Export,500,Unknown,8471,Computers & Laptops,4130.0,21.392,0.0,2026-05-11T15:01:00.607707,2026-05-11T15:14:35.674066+00:00
2015,156,China,X,Export,520,Unknown,8471,Computers & Laptops,546.0,2.972,0.0,2026-05-11T15:01:00.607710,2026-05-11T15:14:35.674066+00:00
2015,156,China,X,Export,528,Netherlands,8471,Computers & Laptops,42005.0,536.735,0.0,2026-05-11T15:01:00.607713,2026-05-11T15:14:35.674066+00:00
2015,156,China,X,Export,531,Unknown,8471,Computers & Laptops,162973.0,1045.201,0.0,2026-05-11T15:01:00.607763,2026-05-11T15:14:35.674066+00:00
2015,156,China,X,Export,533,Unknown,8471,Computers & Laptops,1749.0,9.059,0.0,2026-05-11T15:01:00.607767,2026-05-11T15:14:35.674066+00:00
2015,156,China,X,Export,535,Unknown,8471,Computers & Laptops,425.0,2.201,0.0,2026-05-11T15:01:00.607770,2026-05-11T15:14:35.674066+00:00
2015,156,China,X,Export,608,Philippines,8471,Computers & Laptops,184.0,0.719,0.0,2026-05-11T15:01:00.607773,2026-05-11T15:14:35.674066+00:00
2015,156,China,X,Export,642,Romania,8471,Computers & Laptops,1441.0,18.429,0.0,2026-05-11T15:01:00.607776,2026-05-11T15:14:35.674066+00:00
2015,156,China,X,Export,643,Russia,8471,Computers & Laptops,1623.0,20.757,0.0,2026-05-11T15:01:00.607779,2026-05-11T15:14:35.674066+00:00
2015,156,China,X,Export,659,Unknown,8471,Computers & Laptops,359.0,2.318,0.0,2026-05-11T15:01:00.607785,2026-05-11T15:14:35.674066+00:00
2015,156,China,X,Export,670,Unknown,8471,Computers & Laptops,1336.0,7.272,0.0,2026-05-11T15:01:00.607788,2026-05-11T15:14:35.674066+00:00
2015,156,China,X,Export,702,Unknown,8471,Computers & Laptops,83786.0,455.797,0.0,2026-05-11T15:01:00.607792,2026-05-11T15:14:35.674066+00:00
2015,156,China,X,Export,705,Unknown,8471,Computers & Laptops,28652.0,157.247,0.0,2026-05-11T15:01:00.607806,2026-05-11T15:14:35.674066+00:00
2015,156,China,X,Export,757,Unknown,8471,Computers & Laptops,96002.0,619.9,0.0,2026-05-11T15:01:00.607809,2026-05-11T15:14:35.674066+00:00
2015,156,China,X,Export,776,Unknown,8471,Computers & Laptops,56826.0,371.108,0.0,2026-05-11T15:01:00.607818,2026-05-11T15:14:35.674066+00:00
2015,156,China,X,Export,784,UAE,8471,Computers & Laptops,237308.0,1532.334,0.0,2026-05-11T15:01:00.607821,2026-05-11T15:14:35.674066+00:00
2015,156,China,X,Export,796,Unknown,8471,Computers & Laptops,9251.0,47.916,0.0,2026-05-11T15:01:00.607824,2026-05-11T15:14:35.674066+00:00
2015,156,China,X,Export,826,United Kingdom,8471,Computers & Laptops,14280.0,182.628,0.0,2026-05-11T15:01:00.607829,2026-05-11T15:14:35.674066+00:00
2015,156,China,X,Export,894,Zambia,8471,Computers & Laptops,818640.0,6045.005,0.0,2026-05-11T15:01:00.607832,2026-05-11T15:14:35.674066+00:00
2015,156,China,X,Export,380,Italy,8471,Computers & Laptops,183848.0,1202.197,0.0,2026-05-11T15:01:00.607837,2026-05-11T15:14:35.674066+00:00
2015,156,China,X,Export,703,Unknown,8471,Computers & Laptops,11795.0,77.128,0.0,2026-05-11T15:01:00.607845,2026-05-11T15:14:35.674066+00:00
2015,156,China,X,Export,699,Unknown,8471,Computers & Laptops,1490.0,9.621,0.0,2026-05-11T15:01:00.607855,2026-05-11T15:14:35.674066+00:00
2015,156,China,X,Export,862,Unknown,8471,Computers & Laptops,4050.0,26.151,0.0,2026-05-11T15:01:00.607894,2026-05-11T15:14:35.674066+00:00
2015,156,China,X,Export,384,Unknown,8471,Computers & Laptops,800161.0,3913.546,0.0,2026-05-11T15:01:00.607899,2026-05-11T15:14:35.674066+00:00
2015,156,China,X,Export,388,Jamaica,8471,Computers & Laptops,7113.0,39.334,0.0,2026-05-11T15:01:00.607902,2026-05-11T15:14:35.674066+00:00
2015,156,China,X,Export,454,Unknown,8471,Computers & Laptops,3516.0,18.142,0.0,2026-05-11T15:01:00.607905,2026-05-11T15:14:35.674066+00:00
2015,156,China,X,Export,462,Unknown,8471,Computers & Laptops,2466.0,13.323,0.0,2026-05-11T15:01:00.607908,2026-05-11T15:14:35.674066+00:00
2015,156,China,X,Export,466,Unknown,8471,Computers & Laptops,35496.0,170.965,0.0,2026-05-11T15:01:00.607911,2026-05-11T15:14:35.674066+00:00
2015,156,China,X,Export,470,Unknown,8471,Computers & Laptops,70.0,0.363,0.0,2026-05-11T15:01:00.607914,2026-05-11T15:14:35.674066+00:00
2015,156,China,X,Export,516,Unknown,8471,Computers & Laptops,653266.0,3132.243,0.0,2026-05-11T15:01:00.607917,2026-05-11T15:14:35.674066+00:00
2015,156,China,X,Export,540,Unknown,8471,Computers & Laptops,9028.0,49.14,0.0,2026-05-11T15:01:00.607920,2026-05-11T15:14:35.674066+00:00
2015,156,China,X,Export,562,Unknown,8471,Computers & Laptops,27189.0,144.555,0.0,2026-05-11T15:01:00.607923,2026-05-11T15:14:35.674066+00:00
2015,156,China,X,Export,600,Unknown,8471,Computers & Laptops,151809.0,820.271,0.0,2026-05-11T15:01:00.607926,2026-05-11T15:14:35.674066+00:00
2015,156,China,X,Export,662,Unknown,8471,Computers & Laptops,10592.0,57.653,0.0,2026-05-11T15:01:00.607930,2026-05-11T15:14:35.674066+00:00
2015,156,China,X,Export,678,Unknown,8471,Computers & Laptops,7308.0,39.778,0.0,2026-05-11T15:01:00.607933,2026-05-11T15:14:35.674066+00:00
2015,156,China,X,Export,686,Unknown,8471,Computers & Laptops,88201.0,443.309,0.0,2026-05-11T15:01:00.607936,2026-05-11T15:14:35.674066+00:00
2015,156,China,X,Export,694,Unknown,8471,Computers & Laptops,66057.0,423.311,0.0,2026-05-11T15:01:00.607939,2026-05-11T15:14:35.674066+00:00
2015,156,China,X,Export,728,Unknown,8471,Computers & Laptops,13292.0,72.35,0.0,2026-05-11T15:01:00.607942,2026-05-11T15:14:35.674066+00:00
2015,156,China,X,Export,740,Unknown,8471,Computers & Laptops,3649.0,19.862,0.0,2026-05-11T15:01:00.607945,2026-05-11T15:14:35.674066+00:00
2015,156,China,X,Export,748,Unknown,8471,Computers & Laptops,28507.0,155.167,0.0,2026-05-11T15:01:00.607948,2026-05-11T15:14:35.674066+00:00
2015,156,China,X,Export,762,Unknown,8471,Computers & Laptops,1275970.0,6945.243,0.0,2026-05-11T15:01:00.607951,2026-05-11T15:14:35.674066+00:00
2015,156,China,X,Export,858,Unknown,8471,Computers & Laptops,2517309.0,28252.737,0.0,2026-05-11T15:01:00.607954,2026-05-11T15:14:35.674066+00:00
2015,156,China,X,Export,860,Unknown,8471,Computers & Laptops,55737.0,299.632,0.0,2026-05-11T15:01:00.607957,2026-05-11T15:14:35.674066+00:00
2015,156,China,X,Export,887,Yemen,8471,Computers & Laptops,317.0,1.239,0.0,2026-05-11T15:01:00.607962,2026-05-11T15:14:35.674066+00:00
2015,156,China,X,Export,340,Unknown,8471,Computers & Laptops,612123.0,2958.396,1686.969,2026-05-11T15:01:00.608133,2026-05-11T15:14:35.674066+00:00
2015,156,China,X,Export,360,Indonesia,8471,Computers & Laptops,42306726.0,206972.701,123210.758,2026-05-11T15:01:00.608142,2026-05-11T15:14:35.674066+00:00
2015,156,China,X,Export,368,Iraq,8471,Computers & Laptops,1402412.0,7006.797,3181.686,2026-05-11T15:01:00.608148,2026-05-11T15:14:35.674066+00:00
2015,156,China,X,Export,372,Ireland,8471,Computers & Laptops,14020829.0,124180.88,80761.693,2026-05-11T15:01:00.608156,2026-05-11T15:14:35.674066+00:00
2015,156,China,X,Export,376,Israel,8471,Computers & Laptops,21648473.0,115036.041,27738.159,2026-05-11T15:01:00.608158,2026-05-11T15:14:35.674066+00:00
2015,156,China,X,Export,398,Kazakhstan,8471,Computers & Laptops,215211.0,1088.111,499.751,2026-05-11T15:01:00.608167,2026-05-11T15:14:35.674066+00:00
2015,156,China,X,Export,404,Kenya,8471,Computers & Laptops,4378185.0,21525.492,12028.922,2026-05-11T15:01:00.608173,2026-05-11T15:14:35.674066+00:00
2015,156,China,X,Export,414,Kuwait,8471,Computers & Laptops,5957221.0,29292.003,15365.344,2026-05-11T15:01:00.608181,2026-05-11T15:14:35.674066+00:00
2015,156,China,X,Export,418,Unknown,8471,Computers & Laptops,66333.0,318.417,190.728,2026-05-11T15:01:00.608184,2026-05-11T15:14:35.674066+00:00
2015,156,China,X,Export,422,Lebanon,8471,Computers & Laptops,978316.0,4889.912,2242.07,2026-05-11T15:01:00.608190,2026-05-11T15:14:35.674066+00:00
2015,156,China,X,Export,428,Unknown,8471,Computers & Laptops,362648.0,2208.75,1151.614,2026-05-11T15:01:00.608199,2026-05-11T15:14:35.674066+00:00
2015,156,China,X,Export,440,Unknown,8471,Computers & Laptops,4885052.0,26458.32,14468.419,2026-05-11T15:01:00.608206,2026-05-11T15:14:35.674066+00:00
2015,156,China,X,Export,442,Unknown,8471,Computers & Laptops,57423.0,242.845,361.78,2026-05-11T15:01:00.608212,2026-05-11T15:14:35.674066+00:00
2015,156,China,X,Export,450,Unknown,8471,Computers & Laptops,605221.0,2970.675,1501.704,2026-05-11T15:01:00.608217,2026-05-11T15:14:35.674066+00:00
2015,156,China,X,Export,480,Unknown,8471,Computers & Laptops,361269.0,2000.393,773.462,2026-05-11T15:01:00.608228,2026-05-11T15:14:35.674066+00:00
2015,156,China,X,Export,490,Unknown,8471,Computers & Laptops,259879008.0,1150062.83,1178224.824,2026-05-11T15:01:00.608239,2026-05-11T15:14:35.674066+00:00
2015,156,China,X,Export,498,Unknown,8471,Computers & Laptops,325470.0,1587.443,849.347,2026-05-11T15:01:00.608244,2026-05-11T15:14:35.674066+00:00
2015,156,China,X,Export,499,Unknown,8471,Computers & Laptops,7744.0,37.173,22.266,2026-05-11T15:01:00.608252,2026-05-11T15:14:35.674066+00:00
2015,156,China,X,Export,504,Morocco,8471,Computers & Laptops,2023640.0,10537.446,4451.919,2026-05-11T15:01:00.608258,2026-05-11T15:14:35.674066+00:00
2015,156,China,X,Export,508,Unknown,8471,Computers & Laptops,856610.0,4094.263,2569.867,2026-05-11T15:01:00.608263,2026-05-11T15:14:35.674066+00:00
2015,156,China,X,Export,512,Unknown,8471,Computers & Laptops,2841881.0,14910.105,3739.322,2026-05-11T15:01:00.608268,2026-05-11T15:14:35.674066+00:00
2015,156,China,X,Export,524,Unknown,8471,Computers & Laptops,287162.0,1378.13,827.186,2026-05-11T15:01:00.608274,2026-05-11T15:14:35.674066+00:00
2015,156,China,X,Export,548,Unknown,8471,Computers & Laptops,80807.0,387.896,232.345,2026-05-11T15:01:00.608284,2026-05-11T15:14:35.674066+00:00
2015,156,China,X,Export,554,New Zealand,8471,Computers & Laptops,9737606.0,46687.216,24941.341,2026-05-11T15:01:00.608290,2026-05-11T15:14:35.674066+00:00
2015,156,China,X,Export,558,Unknown,8471,Computers & Laptops,348567.0,1673.177,1002.197,2026-05-11T15:01:00.608296,2026-05-11T15:14:35.674066+00:00
2015,156,China,X,Export,566,Nigeria,8471,Computers & Laptops,6997260.0,34955.887,15741.041,2026-05-11T15:01:00.608301,2026-05-11T15:14:35.674066+00:00
2015,156,China,X,Export,579,Unknown,8471,Computers & Laptops,4558839.0,25065.188,4111.638,2026-05-11T15:01:00.608309,2026-05-11T15:14:35.674066+00:00
2015,156,China,X,Export,586,Pakistan,8471,Computers & Laptops,5029171.0,30857.423,14628.915,2026-05-11T15:01:00.608315,2026-05-11T15:14:35.674066+00:00
2015,156,China,X,Export,591,Unknown,8471,Computers & Laptops,5012875.0,24914.171,30664.821,2026-05-11T15:01:00.608321,2026-05-11T15:14:35.674066+00:00
2015,156,China,X,Export,598,Unknown,8471,Computers & Laptops,1175110.0,5640.857,3378.805,2026-05-11T15:01:00.608327,2026-05-11T15:14:35.674066+00:00
2015,156,China,X,Export,604,Peru,8471,Computers & Laptops,6317016.0,32142.981,13550.519,2026-05-11T15:01:00.608332,2026-05-11T15:14:35.674066+00:00
2015,156,China,X,Export,620,Portugal,8471,Computers & Laptops,3127917.0,16502.398,4662.837,2026-05-11T15:01:00.608348,2026-05-11T15:14:35.674066+00:00
2015,156,China,X,Export,634,Qatar,8471,Computers & Laptops,11058098.0,55751.847,19755.512,2026-05-11T15:01:00.608354,2026-05-11T15:14:35.674066+00:00
2015,156,China,X,Export,646,Unknown,8471,Computers & Laptops,74420.0,374.831,154.199,2026-05-11T15:01:00.608374,2026-05-11T15:14:35.674066+00:00
2015,156,China,X,Export,682,Saudi Arabia,8471,Computers & Laptops,24719396.0,122422.241,53086.906,2026-05-11T15:01:00.608380,2026-05-11T15:14:35.674066+00:00
2015,156,China,X,Export,688,Unknown,8471,Computers & Laptops,1672123.0,9106.187,5108.225,2026-05-11T15:01:00.608386,2026-05-11T15:14:35.674066+00:00
2015,156,China,X,Export,704,Vietnam,8471,Computers & Laptops,21986914.0,121598.672,61659.856,2026-05-11T15:01:00.608409,2026-05-11T15:14:35.674066+00:00
2015,156,China,X,Export,710,South Africa,8471,Computers & Laptops,32392866.0,160469.049,85252.554,2026-05-11T15:01:00.608420,2026-05-11T15:14:35.674066+00:00
2015,156,China,X,Export,716,Zimbabwe,8471,Computers & Laptops,1054459.0,5101.194,2967.991,2026-05-11T15:01:00.608429,2026-05-11T15:14:35.674066+00:00
2015,156,China,X,Export,724,Spain,8471,Computers & Laptops,50210453.0,250782.898,117342.336,2026-05-11T15:01:00.608438,2026-05-11T15:14:35.674066+00:00
2015,156,China,X,Export,729,Unknown,8471,Computers & Laptops,360.0,1.728,1.035,2026-05-11T15:01:00.608444,2026-05-11T15:14:35.674066+00:00
2014,156,China,X,Export,490,Unknown,8517,Phones & Communication Devices,2293219608.0,0.0,0.0,2026-05-11T15:01:02.501017,2026-05-11T15:14:35.674066+00:00
2014,156,China,RM,Export,156,China,8517,Phones & Communication Devices,23465791286.0,56045312.0,0.0,2026-05-11T15:01:02.501029,2026-05-11T15:14:35.674066+00:00
2014,156,China,RM,Export,0,World,8517,Phones & Communication Devices,23465791286.0,56045312.0,0.0,2026-05-11T15:01:02.501035,2026-05-11T15:14:35.674066+00:00
2014,156,China,X,Export,583,Unknown,8517,Phones & Communication Devices,19064.0,402.0,0.0,2026-05-11T15:01:02.501038,2026-05-11T15:14:35.674066+00:00
2014,156,China,X,Export,0,World,8517,Phones & Communication Devices,195292422819.0,671363874.0,0.0,2026-05-11T15:01:02.501042,2026-05-11T15:14:35.674066+00:00
2014,156,China,X,Export,4,Afghanistan,8517,Phones & Communication Devices,38210315.0,272230.0,0.0,2026-05-11T15:01:02.501045,2026-05-11T15:14:35.674066+00:00
2014,156,China,X,Export,8,Albania,8517,Phones & Communication Devices,5459295.0,30987.0,0.0,2026-05-11T15:01:02.501048,2026-05-11T15:14:35.674066+00:00
2014,156,China,X,Export,12,Algeria,8517,Phones & Communication Devices,273097791.0,1935911.0,0.0,2026-05-11T15:01:02.501056,2026-05-11T15:14:35.674066+00:00
2014,156,China,X,Export,20,Unknown,8517,Phones & Communication Devices,18583.0,79.0,0.0,2026-05-11T15:01:02.501059,2026-05-11T15:14:35.674066+00:00
2014,156,China,X,Export,24,Angola,8517,Phones & Communication Devices,90329279.0,413726.0,0.0,2026-05-11T15:01:02.501062,2026-05-11T15:14:35.674066+00:00
2014,156,China,X,Export,28,Antigua and Barbuda,8517,Phones & Communication Devices,1230102.0,6079.0,0.0,2026-05-11T15:01:02.501065,2026-05-11T15:14:35.674066+00:00
2014,156,China,X,Export,31,Unknown,8517,Phones & Communication Devices,43967726.0,212447.0,0.0,2026-05-11T15:01:02.501068,2026-05-11T15:14:35.674066+00:00
2014,156,China,X,Export,32,Argentina,8517,Phones & Communication Devices,693635820.0,2346110.0,0.0,2026-05-11T15:01:02.501071,2026-05-11T15:14:35.674066+00:00
2014,156,China,X,Export,36,Australia,8517,Phones & Communication Devices,1560100677.0,9639804.0,0.0,2026-05-11T15:01:02.501074,2026-05-11T15:14:35.674066+00:00
2014,156,China,X,Export,40,Austria,8517,Phones & Communication Devices,337305616.0,1071348.0,0.0,2026-05-11T15:01:02.501077,2026-05-11T15:14:35.674066+00:00
2014,156,China,X,Export,44,Unknown,8517,Phones & Communication Devices,2175420.0,20224.0,0.0,2026-05-11T15:01:02.501080,2026-05-11T15:14:35.674066+00:00
2014,156,China,X,Export,48,Unknown,8517,Phones & Communication Devices,62815297.0,605759.0,0.0,2026-05-11T15:01:02.501083,2026-05-11T15:14:35.674066+00:00
2014,156,China,X,Export,50,Bangladesh,8517,Phones & Communication Devices,267228126.0,1781476.0,0.0,2026-05-11T15:01:02.501088,2026-05-11T15:14:35.674066+00:00
2014,156,China,X,Export,51,Unknown,8517,Phones & Communication Devices,12184078.0,55597.0,0.0,2026-05-11T15:01:02.501091,2026-05-11T15:14:35.674066+00:00
2014,156,China,X,Export,52,Unknown,8517,Phones & Communication Devices,3330794.0,15825.0,0.0,2026-05-11T15:01:02.501093,2026-05-11T15:14:35.674066+00:00
2014,156,China,X,Export,56,Belgium,8517,Phones & Communication Devices,197007059.0,1166135.0,0.0,2026-05-11T15:01:02.501096,2026-05-11T15:14:35.674066+00:00
2014,156,China,X,Export,60,Unknown,8517,Phones & Communication Devices,16296.0,102.0,0.0,2026-05-11T15:01:02.501099,2026-05-11T15:14:35.674066+00:00
2014,156,China,X,Export,64,Bhutan,8517,Phones & Communication Devices,158246.0,661.0,0.0,2026-05-11T15:01:02.501102,2026-05-11T15:14:35.674066+00:00
2014,156,China,X,Export,68,Bolivia,8517,Phones & Communication Devices,38549987.0,331344.0,0.0,2026-05-11T15:01:02.501105,2026-05-11T15:14:35.674066+00:00
2014,156,China,X,Export,70,Unknown,8517,Phones & Communication Devices,20066524.0,58928.0,0.0,2026-05-11T15:01:02.501108,2026-05-11T15:14:35.674066+00:00
2014,156,China,X,Export,72,Unknown,8517,Phones & Communication Devices,9963057.0,56047.0,0.0,2026-05-11T15:01:02.501111,2026-05-11T15:14:35.674066+00:00
2014,156,China,X,Export,76,Brazil,8517,Phones & Communication Devices,1807115068.0,11202858.0,0.0,2026-05-11T15:01:02.501114,2026-05-11T15:14:35.674066+00:00
2014,156,China,X,Export,84,Unknown,8517,Phones & Communication Devices,4084746.0,9723.0,0.0,2026-05-11T15:01:02.501119,2026-05-11T15:14:35.674066+00:00
2014,156,China,X,Export,90,Unknown,8517,Phones & Communication Devices,1039094.0,6140.0,0.0,2026-05-11T15:01:02.501122,2026-05-11T15:14:35.674066+00:00
2014,156,China,X,Export,92,Unknown,8517,Phones & Communication Devices,2309844.0,10008.0,0.0,2026-05-11T15:01:02.501125,2026-05-11T15:14:35.674066+00:00
2014,156,China,X,Export,96,Unknown,8517,Phones & Communication Devices,6292720.0,230637.0,0.0,2026-05-11T15:01:02.501128,2026-05-11T15:14:35.674066+00:00
2014,156,China,X,Export,100,Bulgaria,8517,Phones & Communication Devices,63321590.0,207450.0,0.0,2026-05-11T15:01:02.501131,2026-05-11T15:14:35.674066+00:00
2014,156,China,X,Export,104,Unknown,8517,Phones & Communication Devices,957157315.0,3489164.0,0.0,2026-05-11T15:01:02.501134,2026-05-11T15:14:35.674066+00:00
2014,156,China,X,Export,108,Unknown,8517,Phones & Communication Devices,13249675.0,128139.0,0.0,2026-05-11T15:01:02.501137,2026-05-11T15:14:35.674066+00:00
2014,156,China,X,Export,112,Unknown,8517,Phones & Communication Devices,83369925.0,292192.0,0.0,2026-05-11T15:01:02.501140,2026-05-11T15:14:35.674066+00:00
2014,156,China,X,Export,116,Cambodia,8517,Phones & Communication Devices,69053431.0,394847.0,0.0,2026-05-11T15:01:02.501143,2026-05-11T15:14:35.674066+00:00
2014,156,China,X,Export,120,Unknown,8517,Phones & Communication Devices,107494183.0,634539.0,0.0,2026-05-11T15:01:02.501146,2026-05-11T15:14:35.674066+00:00
2014,156,China,X,Export,124,Canada,8517,Phones & Communication Devices,1875368641.0,5621875.0,0.0,2026-05-11T15:01:02.501151,2026-05-11T15:14:35.674066+00:00
2014,156,China,X,Export,132,Unknown,8517,Phones & Communication Devices,2771526.0,12987.0,0.0,2026-05-11T15:01:02.501154,2026-05-11T15:14:35.674066+00:00
2014,156,China,X,Export,140,Unknown,8517,Phones & Communication Devices,1041385.0,4030.0,0.0,2026-05-11T15:01:02.501157,2026-05-11T15:14:35.674066+00:00
2014,156,China,X,Export,136,Unknown,8517,Phones & Communication Devices,212404.0,1424.0,0.0,2026-05-11T15:01:02.501160,2026-05-11T15:14:35.674066+00:00
2014,156,China,X,Export,144,Sri Lanka,8517,Phones & Communication Devices,115933644.0,599143.0,0.0,2026-05-11T15:01:02.501163,2026-05-11T15:14:35.674066+00:00
2014,156,China,X,Export,148,Unknown,8517,Phones & Communication Devices,5162484.0,54451.0,0.0,2026-05-11T15:01:02.501166,2026-05-11T15:14:35.674066+00:00
2014,156,China,X,Export,152,Chile,8517,Phones & Communication Devices,570809463.0,2123719.0,0.0,2026-05-11T15:01:02.501169,2026-05-11T15:14:35.674066+00:00
2014,156,China,X,Export,170,Colombia,8517,Phones & Communication Devices,634628055.0,1964083.0,0.0,2026-05-11T15:01:02.501174,2026-05-11T15:14:35.674066+00:00
2014,156,China,X,Export,174,Unknown,8517,Phones & Communication Devices,586116.0,16045.0,0.0,2026-05-11T15:01:02.501177,2026-05-11T15:14:35.674066+00:00
2014,156,China,X,Export,178,Unknown,8517,Phones & Communication Devices,12313591.0,81912.0,0.0,2026-05-11T15:01:02.501180,2026-05-11T15:14:35.674066+00:00
2014,156,China,X,Export,180,Unknown,8517,Phones & Communication Devices,29393264.0,219097.0,0.0,2026-05-11T15:01:02.501184,2026-05-11T15:14:35.674066+00:00
2014,156,China,X,Export,184,Unknown,8517,Phones & Communication Devices,25121.0,103.0,0.0,2026-05-11T15:01:02.501187,2026-05-11T15:14:35.674066+00:00
2014,156,China,X,Export,188,Unknown,8517,Phones & Communication Devices,76022927.0,253277.0,0.0,2026-05-11T15:01:02.501190,2026-05-11T15:14:35.674066+00:00
2014,156,China,X,Export,191,Croatia,8517,Phones & Communication Devices,44251845.0,266591.0,0.0,2026-05-11T15:01:02.501193,2026-05-11T15:14:35.674066+00:00
2014,156,China,X,Export,192,Unknown,8517,Phones & Communication Devices,31537611.0,165603.0,0.0,2026-05-11T15:01:02.501196,2026-05-11T15:14:35.674066+00:00
2014,156,China,X,Export,196,Cyprus,8517,Phones & Communication Devices,36700467.0,82356.0,0.0,2026-05-11T15:01:02.501199,2026-05-11T15:14:35.674066+00:00
2014,156,China,X,Export,203,Czech Republic,8517,Phones & Communication Devices,1125293012.0,5415930.0,0.0,2026-05-11T15:01:02.501202,2026-05-11T15:14:35.674066+00:00
2014,156,China,X,Export,204,Unknown,8517,Phones & Communication Devices,7374194.0,31577.0,0.0,2026-05-11T15:01:02.501205,2026-05-11T15:14:35.674066+00:00
2014,156,China,X,Export,208,Denmark,8517,Phones & Communication Devices,80598914.0,654434.0,0.0,2026-05-11T15:01:02.501208,2026-05-11T15:14:35.674066+00:00
2014,156,China,X,Export,212,Unknown,8517,Phones & Communication Devices,817172.0,5796.0,0.0,2026-05-11T15:01:02.501210,2026-05-11T15:14:35.674066+00:00
2014,156,China,X,Export,214,Unknown,8517,Phones & Communication Devices,63418020.0,236299.0,0.0,2026-05-11T15:01:02.501215,2026-05-11T15:14:35.674066+00:00
2014,156,China,X,Export,218,Ecuador,8517,Phones & Communication Devices,105882540.0,593682.0,0.0,2026-05-11T15:01:02.501218,2026-05-11T15:14:35.674066+00:00
2014,156,China,X,Export,222,Unknown,8517,Phones & Communication Devices,25097246.0,119264.0,0.0,2026-05-11T15:01:02.501221,2026-05-11T15:14:35.674066+00:00
2014,156,China,X,Export,226,Unknown,8517,Phones & Communication Devices,14218967.0,63471.0,0.0,2026-05-11T15:01:02.501224,2026-05-11T15:14:35.674066+00:00
2014,156,China,X,Export,231,Ethiopia,8517,Phones & Communication Devices,275618630.0,1768262.0,0.0,2026-05-11T15:01:02.501227,2026-05-11T15:14:35.674066+00:00
2014,156,China,X,Export,232,Unknown,8517,Phones & Communication Devices,248164.0,379.0,0.0,2026-05-11T15:01:02.501230,2026-05-11T15:14:35.674066+00:00
2014,156,China,X,Export,233,Unknown,8517,Phones & Communication Devices,202242564.0,7677628.0,0.0,2026-05-11T15:01:02.501233,2026-05-11T15:14:35.674066+00:00
2014,156,China,X,Export,234,Unknown,8517,Phones & Communication Devices,1350.0,5.0,0.0,2026-05-11T15:01:02.501236,2026-05-11T15:14:35.674066+00:00
2014,156,China,X,Export,242,Unknown,8517,Phones & Communication Devices,15223858.0,106726.0,0.0,2026-05-11T15:01:02.501239,2026-05-11T15:14:35.674066+00:00
2014,156,China,X,Export,246,Finland,8517,Phones & Communication Devices,407466539.0,4164202.0,0.0,2026-05-11T15:01:02.501242,2026-05-11T15:14:35.674066+00:00
2014,156,China,X,Export,251,Unknown,8517,Phones & Communication Devices,1596415962.0,9194833.0,0.0,2026-05-11T15:01:02.501246,2026-05-11T15:14:35.674066+00:00
2014,156,China,X,Export,258,Unknown,8517,Phones & Communication Devices,202829.0,1014.0,0.0,2026-05-11T15:01:02.501249,2026-05-11T15:14:35.674066+00:00
2014,156,China,X,Export,262,Unknown,8517,Phones & Communication Devices,7034168.0,113147.0,0.0,2026-05-11T15:01:02.501252,2026-05-11T15:14:35.674066+00:00
2014,156,China,X,Export,266,Unknown,8517,Phones & Communication Devices,7413896.0,70097.0,0.0,2026-05-11T15:01:02.501255,2026-05-11T15:14:35.674066+00:00
2014,156,China,X,Export,268,Unknown,8517,Phones & Communication Devices,38954244.0,238443.0,0.0,2026-05-11T15:01:02.501258,2026-05-11T15:14:35.674066+00:00
2014,156,China,X,Export,270,Unknown,8517,Phones & Communication Devices,6122601.0,22623.0,0.0,2026-05-11T15:01:02.501261,2026-05-11T15:14:35.674066+00:00
2014,156,China,X,Export,275,Unknown,8517,Phones & Communication Devices,519640.0,4903.0,0.0,2026-05-11T15:01:02.501264,2026-05-11T15:14:35.674066+00:00
2014,156,China,X,Export,276,Germany,8517,Phones & Communication Devices,3077953884.0,13881567.0,0.0,2026-05-11T15:01:02.501267,2026-05-11T15:14:35.674066+00:00
2014,156,China,X,Export,288,Ghana,8517,Phones & Communication Devices,74333488.0,533780.0,0.0,2026-05-11T15:01:02.501271,2026-05-11T15:14:35.674066+00:00
2014,156,China,X,Export,292,Unknown,8517,Phones & Communication Devices,59305.0,2523.0,0.0,2026-05-11T15:01:02.501274,2026-05-11T15:14:35.674066+00:00
2014,156,China,X,Export,296,Unknown,8517,Phones & Communication Devices,20639.0,446.0,0.0,2026-05-11T15:01:02.501279,2026-05-11T15:14:35.674066+00:00
2014,156,China,X,Export,300,Greece,8517,Phones & Communication Devices,125178714.0,692758.0,0.0,2026-05-11T15:01:02.501282,2026-05-11T15:14:35.674066+00:00
2014,156,China,X,Export,304,Unknown,8517,Phones & Communication Devices,654729.0,2693.0,0.0,2026-05-11T15:01:02.501285,2026-05-11T15:14:35.674066+00:00
2014,156,China,X,Export,308,Unknown,8517,Phones & Communication Devices,403624.0,1975.0,0.0,2026-05-11T15:01:02.501288,2026-05-11T15:14:35.674066+00:00
2014,156,China,X,Export,320,Unknown,8517,Phones & Communication Devices,98243156.0,330824.0,0.0,2026-05-11T15:01:02.501291,2026-05-11T15:14:35.674066+00:00
2014,156,China,X,Export,324,Unknown,8517,Phones & Communication Devices,35797577.0,223942.0,0.0,2026-05-11T15:01:02.501294,2026-05-11T15:14:35.674066+00:00
2014,156,China,X,Export,328,Unknown,8517,Phones & Communication Devices,1134822.0,10765.0,0.0,2026-05-11T15:01:02.501297,2026-05-11T15:14:35.674066+00:00
2014,156,China,X,Export,332,Unknown,8517,Phones & Communication Devices,12999797.0,29483.0,0.0,2026-05-11T15:01:02.501299,2026-05-11T15:14:35.674066+00:00
2014,156,China,X,Export,340,Unknown,8517,Phones & Communication Devices,32388631.0,133246.0,0.0,2026-05-11T15:01:02.501302,2026-05-11T15:14:35.674066+00:00
2014,156,China,X,Export,344,Unknown,8517,Phones & Communication Devices,57809126693.0,135369185.0,0.0,2026-05-11T15:01:02.501305,2026-05-11T15:14:35.674066+00:00
2014,156,China,X,Export,348,Unknown,8517,Phones & Communication Devices,2098249236.0,17009719.0,0.0,2026-05-11T15:01:02.501310,2026-05-11T15:14:35.674066+00:00
2014,156,China,X,Export,352,Unknown,8517,Phones & Communication Devices,1733872.0,8013.0,0.0,2026-05-11T15:01:02.501313,2026-05-11T15:14:35.674066+00:00
2014,156,China,X,Export,360,Indonesia,8517,Phones & Communication Devices,1917388374.0,9712113.0,0.0,2026-05-11T15:01:02.501316,2026-05-11T15:14:35.674066+00:00
2014,156,China,X,Export,364,Iran,8517,Phones & Communication Devices,746548761.0,4909052.0,0.0,2026-05-11T15:01:02.501319,2026-05-11T15:14:35.674066+00:00
2014,156,China,X,Export,368,Iraq,8517,Phones & Communication Devices,182393060.0,1259325.0,0.0,2026-05-11T15:01:02.501322,2026-05-11T15:14:35.674066+00:00
2014,156,China,X,Export,372,Ireland,8517,Phones & Communication Devices,144121074.0,443009.0,0.0,2026-05-11T15:01:02.501325,2026-05-11T15:14:35.674066+00:00
2014,156,China,X,Export,376,Israel,8517,Phones & Communication Devices,226818935.0,1929115.0,0.0,2026-05-11T15:01:02.501328,2026-05-11T15:14:35.674066+00:00
2014,156,China,X,Export,380,Italy,8517,Phones & Communication Devices,1355020314.0,5434809.0,0.0,2026-05-11T15:01:02.501330,2026-05-11T15:14:35.674066+00:00
2014,156,China,X,Export,384,Unknown,8517,Phones & Communication Devices,16891731.0,120895.0,0.0,2026-05-11T15:01:02.501333,2026-05-11T15:14:35.674066+00:00
2014,156,China,X,Export,388,Jamaica,8517,Phones & Communication Devices,3735816.0,42325.0,0.0,2026-05-11T15:01:02.501339,2026-05-11T15:14:35.674066+00:00
2014,156,China,X,Export,392,Japan,8517,Phones & Communication Devices,9598211386.0,21735809.0,0.0,2026-05-11T15:01:02.501344,2026-05-11T15:14:35.674066+00:00
2014,156,China,X,Export,398,Kazakhstan,8517,Phones & Communication Devices,269820196.0,2073115.0,0.0,2026-05-11T15:01:02.501347,2026-05-11T15:14:35.674066+00:00
2014,156,China,X,Export,400,Jordan,8517,Phones & Communication Devices,101342481.0,696704.0,0.0,2026-05-11T15:01:02.501349,2026-05-11T15:14:35.674066+00:00
2014,156,China,X,Export,404,Kenya,8517,Phones & Communication Devices,149057573.0,728767.0,0.0,2026-05-11T15:01:02.501352,2026-05-11T15:14:35.674066+00:00
2014,156,China,X,Export,408,North Korea,8517,Phones & Communication Devices,112280368.0,299948.0,0.0,2026-05-11T15:01:02.501355,2026-05-11T15:14:35.674066+00:00
2014,156,China,X,Export,410,South Korea,8517,Phones & Communication Devices,19646222114.0,33311969.0,0.0,2026-05-11T15:01:02.501358,2026-05-11T15:14:35.674066+00:00
2014,156,China,X,Export,414,Kuwait,8517,Phones & Communication Devices,259125069.0,1086106.0,0.0,2026-05-11T15:01:02.501361,2026-05-11T15:14:35.674066+00:00
2014,156,China,X,Export,417,Unknown,8517,Phones & Communication Devices,23695027.0,198787.0,0.0,2026-05-11T15:01:02.501364,2026-05-11T15:14:35.674066+00:00
2014,156,China,X,Export,418,Unknown,8517,Phones & Communication Devices,45480048.0,199071.0,0.0,2026-05-11T15:01:02.501367,2026-05-11T15:14:35.674066+00:00
2014,156,China,X,Export,422,Lebanon,8517,Phones & Communication Devices,91914792.0,662072.0,0.0,2026-05-11T15:01:02.501370,2026-05-11T15:14:35.674066+00:00
2014,156,China,X,Export,426,Unknown,8517,Phones & Communication Devices,3557070.0,31846.0,0.0,2026-05-11T15:01:02.501375,2026-05-11T15:14:35.674066+00:00
2014,156,China,X,Export,428,Unknown,8517,Phones & Communication Devices,85342470.0,457018.0,0.0,2026-05-11T15:01:02.501378,2026-05-11T15:14:35.674066+00:00
2014,156,China,X,Export,430,Unknown,8517,Phones & Communication Devices,8084662.0,21721.0,0.0,2026-05-11T15:01:02.501381,2026-05-11T15:14:35.674066+00:00
2014,156,China,X,Export,434,Unknown,8517,Phones & Communication Devices,33151257.0,221018.0,0.0,2026-05-11T15:01:02.501383,2026-05-11T15:14:35.674066+00:00
2014,156,China,X,Export,440,Unknown,8517,Phones & Communication Devices,24857871.0,264163.0,0.0,2026-05-11T15:01:02.501386,2026-05-11T15:14:35.674066+00:00
2014,156,China,X,Export,442,Unknown,8517,Phones & Communication Devices,813611346.0,1128567.0,0.0,2026-05-11T15:01:02.501389,2026-05-11T15:14:35.674066+00:00
2014,156,China,X,Export,446,Unknown,8517,Phones & Communication Devices,74941152.0,585226.0,0.0,2026-05-11T15:01:02.501392,2026-05-11T15:14:35.674066+00:00
2014,156,China,X,Export,450,Unknown,8517,Phones & Communication Devices,9657128.0,83803.0,0.0,2026-05-11T15:01:02.501396,2026-05-11T15:14:35.674066+00:00
2014,156,China,X,Export,454,Unknown,8517,Phones & Communication Devices,6919880.0,57144.0,0.0,2026-05-11T15:01:02.501399,2026-05-11T15:14:35.674066+00:00
2014,156,China,X,Export,458,Malaysia,8517,Phones & Communication Devices,1495172923.0,10303731.0,0.0,2026-05-11T15:01:02.501402,2026-05-11T15:14:35.674066+00:00
2014,156,China,X,Export,462,Unknown,8517,Phones & Communication Devices,5170423.0,48361.0,0.0,2026-05-11T15:01:02.501407,2026-05-11T15:14:35.674066+00:00
2014,156,China,X,Export,466,Unknown,8517,Phones & Communication Devices,9571828.0,61688.0,0.0,2026-05-11T15:01:02.501410,2026-05-11T15:14:35.674066+00:00
2014,156,China,X,Export,470,Unknown,8517,Phones & Communication Devices,28744359.0,174750.0,0.0,2026-05-11T15:01:02.501413,2026-05-11T15:14:35.674066+00:00
2014,156,China,X,Export,473,Unknown,8517,Phones & Communication Devices,7520.0,49.0,0.0,2026-05-11T15:01:02.501416,2026-05-11T15:14:35.674066+00:00
2014,156,China,X,Export,478,Unknown,8517,Phones & Communication Devices,5016618.0,20281.0,0.0,2026-05-11T15:01:02.501419,2026-05-11T15:14:35.674066+00:00
2014,156,China,X,Export,480,Unknown,8517,Phones & Communication Devices,44945799.0,178802.0,0.0,2026-05-11T15:01:02.501422,2026-05-11T15:14:35.674066+00:00
2014,156,China,X,Export,484,Mexico,8517,Phones & Communication Devices,3034114568.0,16169582.0,0.0,2026-05-11T15:01:02.501425,2026-05-11T15:14:35.674066+00:00
2014,156,China,X,Export,496,Unknown,8517,Phones & Communication Devices,28017608.0,323205.0,0.0,2026-05-11T15:01:02.501428,2026-05-11T15:14:35.674066+00:00
2014,156,China,X,Export,498,Unknown,8517,Phones & Communication Devices,7645032.0,50226.0,0.0,2026-05-11T15:01:02.501431,2026-05-11T15:14:35.674066+00:00
2014,156,China,X,Export,500,Unknown,8517,Phones & Communication Devices,133840.0,559.0,0.0,2026-05-11T15:01:02.501434,2026-05-11T15:14:35.674066+00:00
2014,156,China,X,Export,499,Unknown,8517,Phones & Communication Devices,5389906.0,22129.0,0.0,2026-05-11T15:01:02.501440,2026-05-11T15:14:35.674066+00:00
2014,156,China,X,Export,504,Morocco,8517,Phones & Communication Devices,109850800.0,973833.0,0.0,2026-05-11T15:01:02.501443,2026-05-11T15:14:35.674066+00:00
2014,156,China,X,Export,508,Unknown,8517,Phones & Communication Devices,79389685.0,493317.0,0.0,2026-05-11T15:01:02.501446,2026-05-11T15:14:35.674066+00:00
2014,156,China,X,Export,512,Unknown,8517,Phones & Communication Devices,54051517.0,365465.0,0.0,2026-05-11T15:01:02.501449,2026-05-11T15:14:35.674066+00:00
2014,156,China,X,Export,516,Unknown,8517,Phones & Communication Devices,15079577.0,76026.0,0.0,2026-05-11T15:01:02.501452,2026-05-11T15:14:35.674066+00:00
2014,156,China,X,Export,520,Unknown,8517,Phones & Communication Devices,233112.0,1551.0,0.0,2026-05-11T15:01:02.501455,2026-05-11T15:14:35.674066+00:00
2014,156,China,X,Export,524,Unknown,8517,Phones & Communication Devices,55438312.0,364580.0,0.0,2026-05-11T15:01:02.501458,2026-05-11T15:14:35.674066+00:00
2014,156,China,X,Export,527,Unknown,8517,Phones & Communication Devices,49284.0,488.0,0.0,2026-05-11T15:01:02.501461,2026-05-11T15:14:35.674066+00:00
2014,156,China,X,Export,528,Netherlands,8517,Phones & Communication Devices,7543753648.0,31170870.0,0.0,2026-05-11T15:01:02.501464,2026-05-11T15:14:35.674066+00:00
2014,156,China,X,Export,531,Unknown,8517,Phones & Communication Devices,736204.0,5185.0,0.0,2026-05-11T15:01:02.501467,2026-05-11T15:14:35.674066+00:00
2014,156,China,X,Export,533,Unknown,8517,Phones & Communication Devices,242955.0,917.0,0.0,2026-05-11T15:01:02.501472,2026-05-11T15:14:35.674066+00:00
2014,156,China,X,Export,540,Unknown,8517,Phones & Communication Devices,314763.0,13636.0,0.0,2026-05-11T15:01:02.501475,2026-05-11T15:14:35.674066+00:00
2014,156,China,X,Export,548,Unknown,8517,Phones & Communication Devices,1212212.0,5367.0,0.0,2026-05-11T15:01:02.501478,2026-05-11T15:14:35.674066+00:00
2014,156,China,X,Export,554,New Zealand,8517,Phones & Communication Devices,157938219.0,1157823.0,0.0,2026-05-11T15:01:02.501483,2026-05-11T15:14:35.674066+00:00
2014,156,China,X,Export,558,Unknown,8517,Phones & Communication Devices,21891426.0,79931.0,0.0,2026-05-11T15:01:02.501486,2026-05-11T15:14:35.674066+00:00
2014,156,China,X,Export,562,Unknown,8517,Phones & Communication Devices,2457911.0,34820.0,0.0,2026-05-11T15:01:02.501488,2026-05-11T15:14:35.674066+00:00
2014,156,China,X,Export,566,Nigeria,8517,Phones & Communication Devices,324309054.0,1767231.0,0.0,2026-05-11T15:01:02.501491,2026-05-11T15:14:35.674066+00:00
2014,156,China,X,Export,577,Unknown,8517,Phones & Communication Devices,248.0,2.0,0.0,2026-05-11T15:01:02.501494,2026-05-11T15:14:35.674066+00:00
2014,156,China,X,Export,579,Unknown,8517,Phones & Communication Devices,88086445.0,246171.0,0.0,2026-05-11T15:01:02.501497,2026-05-11T15:14:35.674066+00:00
2014,156,China,X,Export,585,Unknown,8517,Phones & Communication Devices,1307921.0,6153.0,0.0,2026-05-11T15:01:02.501502,2026-05-11T15:14:35.674066+00:00
2014,156,China,X,Export,586,Pakistan,8517,Phones & Communication Devices,805812963.0,3700335.0,0.0,2026-05-11T15:01:02.501507,2026-05-11T15:14:35.674066+00:00
2014,156,China,X,Export,591,Unknown,8517,Phones & Communication Devices,78369418.0,709864.0,0.0,2026-05-11T15:01:02.501510,2026-05-11T15:14:35.674066+00:00
2014,156,China,X,Export,598,Unknown,8517,Phones & Communication Devices,14300060.0,59340.0,0.0,2026-05-11T15:01:02.501513,2026-05-11T15:14:35.674066+00:00
2014,156,China,X,Export,600,Unknown,8517,Phones & Communication Devices,93372215.0,772103.0,0.0,2026-05-11T15:01:02.501515,2026-05-11T15:14:35.674066+00:00
2014,156,China,X,Export,604,Peru,8517,Phones & Communication Devices,416605035.0,2016716.0,0.0,2026-05-11T15:01:02.501518,2026-05-11T15:14:35.674066+00:00
2014,156,China,X,Export,608,Philippines,8517,Phones & Communication Devices,680722818.0,2973158.0,0.0,2026-05-11T15:01:02.501521,2026-05-11T15:14:35.674066+00:00
2014,156,China,X,Export,616,Poland,8517,Phones & Communication Devices,809111925.0,7157167.0,0.0,2026-05-11T15:01:02.501524,2026-05-11T15:14:35.674066+00:00
2014,156,China,X,Export,620,Portugal,8517,Phones & Communication Devices,189685471.0,901741.0,0.0,2026-05-11T15:01:02.501527,2026-05-11T15:14:35.674066+00:00
2014,156,China,X,Export,624,Unknown,8517,Phones & Communication Devices,156152.0,7925.0,0.0,2026-05-11T15:01:02.501530,2026-05-11T15:14:35.674066+00:00
2014,156,China,X,Export,626,Unknown,8517,Phones & Communication Devices,3311301.0,27476.0,0.0,2026-05-11T15:01:02.501533,2026-05-11T15:14:35.674066+00:00
2014,156,China,X,Export,634,Qatar,8517,Phones & Communication Devices,96818649.0,545610.0,0.0,2026-05-11T15:01:02.501538,2026-05-11T15:14:35.674066+00:00
2014,156,China,X,Export,637,Unknown,8517,Phones & Communication Devices,98448.0,241.0,0.0,2026-05-11T15:01:02.501541,2026-05-11T15:14:35.674066+00:00
2014,156,China,X,Export,642,Romania,8517,Phones & Communication Devices,325980166.0,2991524.0,0.0,2026-05-11T15:01:02.501544,2026-05-11T15:14:35.674066+00:00
2014,156,China,X,Export,643,Russia,8517,Phones & Communication Devices,3221753918.0,14731855.0,0.0,2026-05-11T15:01:02.501546,2026-05-11T15:14:35.674066+00:00
2014,156,China,X,Export,646,Unknown,8517,Phones & Communication Devices,5190471.0,18294.0,0.0,2026-05-11T15:01:02.501549,2026-05-11T15:14:35.674066+00:00
2014,156,China,X,Export,659,Unknown,8517,Phones & Communication Devices,46643.0,690.0,0.0,2026-05-11T15:01:02.501552,2026-05-11T15:14:35.674066+00:00
2014,156,China,X,Export,662,Unknown,8517,Phones & Communication Devices,255641.0,1979.0,0.0,2026-05-11T15:01:02.501555,2026-05-11T15:14:35.674066+00:00
2014,156,China,X,Export,666,Unknown,8517,Phones & Communication Devices,214022.0,893.0,0.0,2026-05-11T15:01:02.501558,2026-05-11T15:14:35.674066+00:00
2014,156,China,X,Export,674,Unknown,8517,Phones & Communication Devices,40465.0,178.0,0.0,2026-05-11T15:01:02.501561,2026-05-11T15:14:35.674066+00:00
2014,156,China,X,Export,670,Unknown,8517,Phones & Communication Devices,415746.0,4215.0,0.0,2026-05-11T15:01:02.501564,2026-05-11T15:14:35.674066+00:00
2014,156,China,X,Export,678,Unknown,8517,Phones & Communication Devices,523040.0,2136.0,0.0,2026-05-11T15:01:02.501569,2026-05-11T15:14:35.674066+00:00
2014,156,China,X,Export,682,Saudi Arabia,8517,Phones & Communication Devices,773042148.0,3918990.0,0.0,2026-05-11T15:01:02.501572,2026-05-11T15:14:35.674066+00:00
2014,156,China,X,Export,686,Unknown,8517,Phones & Communication Devices,10962834.0,74773.0,0.0,2026-05-11T15:01:02.501575,2026-05-11T15:14:35.674066+00:00
2014,156,China,X,Export,688,Unknown,8517,Phones & Communication Devices,51965812.0,145426.0,0.0,2026-05-11T15:01:02.501578,2026-05-11T15:14:35.674066+00:00
2014,156,China,X,Export,690,Unknown,8517,Phones & Communication Devices,1392385.0,5157.0,0.0,2026-05-11T15:01:02.501581,2026-05-11T15:14:35.674066+00:00
2014,156,China,X,Export,694,Unknown,8517,Phones & Communication Devices,1266728.0,4055.0,0.0,2026-05-11T15:01:02.501584,2026-05-11T15:14:35.674066+00:00
2014,156,China,X,Export,699,Unknown,8517,Phones & Communication Devices,3421026403.0,23763718.0,0.0,2026-05-11T15:01:02.501781,2026-05-11T15:14:35.674066+00:00
2014,156,China,X,Export,702,Unknown,8517,Phones & Communication Devices,2060500114.0,8578404.0,0.0,2026-05-11T15:01:02.501785,2026-05-11T15:14:35.674066+00:00
2014,156,China,X,Export,703,Unknown,8517,Phones & Communication Devices,148343837.0,517680.0,0.0,2026-05-11T15:01:02.501788,2026-05-11T15:14:35.674066+00:00
2014,156,China,X,Export,704,Vietnam,8517,Phones & Communication Devices,4330065401.0,12032688.0,0.0,2026-05-11T15:01:02.501791,2026-05-11T15:14:35.674066+00:00
2014,156,China,X,Export,705,Unknown,8517,Phones & Communication Devices,30789837.0,219502.0,0.0,2026-05-11T15:01:02.501797,2026-05-11T15:14:35.674066+00:00
2014,156,China,X,Export,706,Unknown,8517,Phones & Communication Devices,13392600.0,85738.0,0.0,2026-05-11T15:01:02.501800,2026-05-11T15:14:35.674066+00:00
2014,156,China,X,Export,710,South Africa,8517,Phones & Communication Devices,771270558.0,3468643.0,0.0,2026-05-11T15:01:02.501802,2026-05-11T15:14:35.674066+00:00
2014,156,China,X,Export,716,Zimbabwe,8517,Phones & Communication Devices,51071569.0,248827.0,0.0,2026-05-11T15:01:02.501805,2026-05-11T15:14:35.674066+00:00
2014,156,China,X,Export,724,Spain,8517,Phones & Communication Devices,1378557264.0,5614434.0,0.0,2026-05-11T15:01:02.501808,2026-05-11T15:14:35.674066+00:00
2014,156,China,X,Export,728,Unknown,8517,Phones & Communication Devices,1861309.0,10454.0,0.0,2026-05-11T15:01:02.501811,2026-05-11T15:14:35.674066+00:00
2014,156,China,X,Export,729,Unknown,8517,Phones & Communication Devices,36460885.0,230241.0,0.0,2026-05-11T15:01:02.501814,2026-05-11T15:14:35.674066+00:00
2014,156,China,X,Export,740,Unknown,8517,Phones & Communication Devices,3067701.0,36755.0,0.0,2026-05-11T15:01:02.501817,2026-05-11T15:14:35.674066+00:00
2014,156,China,X,Export,748,Unknown,8517,Phones & Communication Devices,907217.0,3846.0,0.0,2026-05-11T15:01:02.501820,2026-05-11T15:14:35.674066+00:00
2014,156,China,X,Export,752,Sweden,8517,Phones & Communication Devices,623387755.0,4451038.0,0.0,2026-05-11T15:01:02.501823,2026-05-11T15:14:35.674066+00:00
2014,156,China,X,Export,757,Unknown,8517,Phones & Communication Devices,198748566.0,714754.0,0.0,2026-05-11T15:01:02.501828,2026-05-11T15:14:35.674066+00:00
2014,156,China,X,Export,760,Unknown,8517,Phones & Communication Devices,23503152.0,136069.0,0.0,2026-05-11T15:01:02.501830,2026-05-11T15:14:35.674066+00:00
2014,156,China,X,Export,762,Unknown,8517,Phones & Communication Devices,21925532.0,141205.0,0.0,2026-05-11T15:01:02.501833,2026-05-11T15:14:35.674066+00:00
2014,156,China,X,Export,764,Thailand,8517,Phones & Communication Devices,1503748271.0,10172462.0,0.0,2026-05-11T15:01:02.501836,2026-05-11T15:14:35.674066+00:00
2014,156,China,X,Export,768,Unknown,8517,Phones & Communication Devices,23290535.0,104769.0,0.0,2026-05-11T15:01:02.501839,2026-05-11T15:14:35.674066+00:00
2014,156,China,X,Export,776,Unknown,8517,Phones & Communication Devices,757642.0,5335.0,0.0,2026-05-11T15:01:02.501842,2026-05-11T15:14:35.674066+00:00
2014,156,China,X,Export,780,Unknown,8517,Phones & Communication Devices,8600283.0,107951.0,0.0,2026-05-11T15:01:02.501845,2026-05-11T15:14:35.674066+00:00
2014,156,China,X,Export,784,UAE,8517,Phones & Communication Devices,3244643360.0,13452566.0,0.0,2026-05-11T15:01:02.501848,2026-05-11T15:14:35.674066+00:00
2014,156,China,X,Export,788,Unknown,8517,Phones & Communication Devices,71976412.0,350474.0,0.0,2026-05-11T15:01:02.501851,2026-05-11T15:14:35.674066+00:00
2014,156,China,X,Export,792,Turkey,8517,Phones & Communication Devices,1021573715.0,2808595.0,0.0,2026-05-11T15:01:02.501854,2026-05-11T15:14:35.674066+00:00
2014,156,China,X,Export,795,Unknown,8517,Phones & Communication Devices,19527774.0,126804.0,0.0,2026-05-11T15:01:02.501860,2026-05-11T15:14:35.674066+00:00
2014,156,China,X,Export,796,Unknown,8517,Phones & Communication Devices,7198.0,30.0,0.0,2026-05-11T15:01:02.501863,2026-05-11T15:14:35.674066+00:00
2014,156,China,X,Export,800,Uganda,8517,Phones & Communication Devices,30589779.0,186285.0,0.0,2026-05-11T15:01:02.501866,2026-05-11T15:14:35.674066+00:00
2014,156,China,X,Export,804,Ukraine,8517,Phones & Communication Devices,288385926.0,1240831.0,0.0,2026-05-11T15:01:02.501869,2026-05-11T15:14:35.674066+00:00
2014,156,China,X,Export,807,Unknown,8517,Phones & Communication Devices,15673514.0,56224.0,0.0,2026-05-11T15:01:02.501874,2026-05-11T15:14:35.674066+00:00
2014,156,China,X,Export,818,Egypt,8517,Phones & Communication Devices,376748381.0,1998245.0,0.0,2026-05-11T15:01:02.501877,2026-05-11T15:14:35.674066+00:00
2014,156,China,X,Export,826,United Kingdom,8517,Phones & Communication Devices,3198162670.0,14169158.0,0.0,2026-05-11T15:01:02.501882,2026-05-11T15:14:35.674066+00:00
2014,156,China,X,Export,834,Unknown,8517,Phones & Communication Devices,70545753.0,408286.0,0.0,2026-05-11T15:01:02.501885,2026-05-11T15:14:35.674066+00:00
2014,156,China,X,Export,842,Unknown,8517,Phones & Communication Devices,35038673244.0,113420259.0,0.0,2026-05-11T15:01:02.501888,2026-05-11T15:14:35.674066+00:00
2014,156,China,X,Export,854,Unknown,8517,Phones & Communication Devices,3805620.0,35933.0,0.0,2026-05-11T15:01:02.501891,2026-05-11T15:14:35.674066+00:00
2014,156,China,X,Export,858,Unknown,8517,Phones & Communication Devices,75835223.0,453746.0,0.0,2026-05-11T15:01:02.501895,2026-05-11T15:14:35.674066+00:00
2014,156,China,X,Export,860,Unknown,8517,Phones & Communication Devices,126712197.0,612921.0,0.0,2026-05-11T15:01:02.501898,2026-05-11T15:14:35.674066+00:00
2014,156,China,X,Export,862,Unknown,8517,Phones & Communication Devices,506908575.0,1866662.0,0.0,2026-05-11T15:01:02.501901,2026-05-11T15:14:35.674066+00:00
2014,156,China,X,Export,882,Unknown,8517,Phones & Communication Devices,929108.0,4703.0,0.0,2026-05-11T15:01:02.501904,2026-05-11T15:14:35.674066+00:00
2014,156,China,X,Export,887,Yemen,8517,Phones & Communication Devices,26867911.0,158616.0,0.0,2026-05-11T15:01:02.501907,2026-05-11T15:14:35.674066+00:00
2014,156,China,X,Export,894,Zambia,8517,Phones & Communication Devices,21924310.0,131919.0,0.0,2026-05-11T15:01:02.501910,2026-05-11T15:14:35.674066+00:00
2014,156,China,M,Import,36,Australia,8517,Phones & Communication Devices,19141068.0,35060.0,0.0,2026-05-11T15:01:02.501913,2026-05-11T15:14:35.674066+00:00
2014,156,China,M,Import,40,Austria,8517,Phones & Communication Devices,29570837.0,272722.0,0.0,2026-05-11T15:01:02.501916,2026-05-11T15:14:35.674066+00:00
2014,156,China,M,Import,44,Unknown,8517,Phones & Communication Devices,1300.0,5.0,0.0,2026-05-11T15:01:02.501919,2026-05-11T15:14:35.674066+00:00
2014,156,China,M,Import,56,Belgium,8517,Phones & Communication Devices,14460737.0,39048.0,0.0,2026-05-11T15:01:02.501922,2026-05-11T15:14:35.674066+00:00
2014,156,China,M,Import,64,Bhutan,8517,Phones & Communication Devices,2783.0,10.0,0.0,2026-05-11T15:01:02.501927,2026-05-11T15:14:35.674066+00:00
2014,156,China,M,Import,76,Brazil,8517,Phones & Communication Devices,5794319.0,25655.0,0.0,2026-05-11T15:01:02.501929,2026-05-11T15:14:35.674066+00:00
2014,156,China,M,Import,100,Bulgaria,8517,Phones & Communication Devices,158882.0,4354.0,0.0,2026-05-11T15:01:02.501932,2026-05-11T15:14:35.674066+00:00
2014,156,China,M,Import,104,Unknown,8517,Phones & Communication Devices,1484228.0,8692.0,0.0,2026-05-11T15:01:02.501935,2026-05-11T15:14:35.674066+00:00
2014,156,China,M,Import,124,Canada,8517,Phones & Communication Devices,49600749.0,102471.0,0.0,2026-05-11T15:01:02.501938,2026-05-11T15:14:35.674066+00:00
2014,156,China,M,Import,156,China,8517,Phones & Communication Devices,23465791286.0,56045311.0,0.0,2026-05-11T15:01:02.501941,2026-05-11T15:14:35.674066+00:00
2014,156,China,M,Import,188,Unknown,8517,Phones & Communication Devices,721300.0,2479.0,0.0,2026-05-11T15:01:02.501944,2026-05-11T15:14:35.674066+00:00
2014,156,China,M,Import,191,Croatia,8517,Phones & Communication Devices,2966.0,11.0,0.0,2026-05-11T15:01:02.501947,2026-05-11T15:14:35.674066+00:00
2014,156,China,M,Import,196,Cyprus,8517,Phones & Communication Devices,6901.0,25.0,0.0,2026-05-11T15:01:02.501950,2026-05-11T15:14:35.674066+00:00
2014,156,China,M,Import,203,Czech Republic,8517,Phones & Communication Devices,56730054.0,271583.0,0.0,2026-05-11T15:01:02.501953,2026-05-11T15:14:35.674066+00:00
2014,156,China,M,Import,208,Denmark,8517,Phones & Communication Devices,24358031.0,163538.0,0.0,2026-05-11T15:01:02.501958,2026-05-11T15:14:35.674066+00:00
2014,156,China,M,Import,222,Unknown,8517,Phones & Communication Devices,3621.0,10.0,0.0,2026-05-11T15:01:02.501960,2026-05-11T15:14:35.674066+00:00
2014,156,China,M,Import,233,Unknown,8517,Phones & Communication Devices,20014856.0,68588.0,0.0,2026-05-11T15:01:02.501963,2026-05-11T15:14:35.674066+00:00
2014,156,China,M,Import,234,Unknown,8517,Phones & Communication Devices,245469.0,561.0,0.0,2026-05-11T15:01:02.501966,2026-05-11T15:14:35.674066+00:00
2014,156,China,M,Import,246,Finland,8517,Phones & Communication Devices,122521590.0,778588.0,0.0,2026-05-11T15:01:02.501969,2026-05-11T15:14:35.674066+00:00
2014,156,China,M,Import,251,Unknown,8517,Phones & Communication Devices,178236447.0,323259.0,0.0,2026-05-11T15:01:02.501972,2026-05-11T15:14:35.674066+00:00
2014,156,China,M,Import,288,Ghana,8517,Phones & Communication Devices,700.0,2.0,0.0,2026-05-11T15:01:02.501977,2026-05-11T15:14:35.674066+00:00
2014,156,China,M,Import,300,Greece,8517,Phones & Communication Devices,27040.0,86.0,0.0,2026-05-11T15:01:02.501980,2026-05-11T15:14:35.674066+00:00
2014,156,China,M,Import,340,Unknown,8517,Phones & Communication Devices,1323.0,7.0,0.0,2026-05-11T15:01:02.501983,2026-05-11T15:14:35.674066+00:00
2014,156,China,M,Import,344,Unknown,8517,Phones & Communication Devices,658308932.0,1400944.0,0.0,2026-05-11T15:01:02.501986,2026-05-11T15:14:35.674066+00:00
2014,156,China,M,Import,348,Unknown,8517,Phones & Communication Devices,10300536.0,108151.0,0.0,2026-05-11T15:01:02.501993,2026-05-11T15:14:35.674066+00:00
2014,156,China,M,Import,352,Unknown,8517,Phones & Communication Devices,7273.0,19.0,0.0,2026-05-11T15:01:02.501996,2026-05-11T15:14:35.674066+00:00
2014,156,China,M,Import,360,Indonesia,8517,Phones & Communication Devices,11886669.0,69483.0,0.0,2026-05-11T15:01:02.501999,2026-05-11T15:14:35.674066+00:00
2014,156,China,M,Import,364,Iran,8517,Phones & Communication Devices,11986.0,113.0,0.0,2026-05-11T15:01:02.502002,2026-05-11T15:14:35.674066+00:00
2014,156,China,M,Import,372,Ireland,8517,Phones & Communication Devices,4751148.0,17271.0,0.0,2026-05-11T15:01:02.502005,2026-05-11T15:14:35.674066+00:00
2014,156,China,M,Import,376,Israel,8517,Phones & Communication Devices,92316203.0,346081.0,0.0,2026-05-11T15:01:02.502008,2026-05-11T15:14:35.674066+00:00
2014,156,China,M,Import,380,Italy,8517,Phones & Communication Devices,47604515.0,192199.0,0.0,2026-05-11T15:01:02.502010,2026-05-11T15:14:35.674066+00:00
2014,156,China,M,Import,392,Japan,8517,Phones & Communication Devices,2610628765.0,1172637.0,0.0,2026-05-11T15:01:02.502013,2026-05-11T15:14:35.674066+00:00
2014,156,China,M,Import,410,South Korea,8517,Phones & Communication Devices,8913037690.0,13825164.0,0.0,2026-05-11T15:01:02.502016,2026-05-11T15:14:35.674066+00:00
2014,156,China,M,Import,428,Unknown,8517,Phones & Communication Devices,2797123.0,10736.0,0.0,2026-05-11T15:01:02.502019,2026-05-11T15:14:35.674066+00:00
2014,156,China,M,Import,440,Unknown,8517,Phones & Communication Devices,85053.0,251.0,0.0,2026-05-11T15:01:02.502024,2026-05-11T15:14:35.674066+00:00
2014,156,China,M,Import,442,Unknown,8517,Phones & Communication Devices,47177.0,246.0,0.0,2026-05-11T15:01:02.502029,2026-05-11T15:14:35.674066+00:00
2014,156,China,M,Import,458,Malaysia,8517,Phones & Communication Devices,966664469.0,2053227.0,0.0,2026-05-11T15:01:02.502032,2026-05-11T15:14:35.674066+00:00
2014,156,China,M,Import,470,Unknown,8517,Phones & Communication Devices,2386.0,9.0,0.0,2026-05-11T15:01:02.502034,2026-05-11T15:14:35.674066+00:00
2014,156,China,M,Import,484,Mexico,8517,Phones & Communication Devices,278659406.0,874332.0,0.0,2026-05-11T15:01:02.502037,2026-05-11T15:14:35.674066+00:00
2014,156,China,M,Import,490,Unknown,8517,Phones & Communication Devices,2702754999.0,8829289.0,0.0,2026-05-11T15:01:02.502040,2026-05-11T15:14:35.674066+00:00
2014,156,China,M,Import,504,Morocco,8517,Phones & Communication Devices,155036.0,345.0,0.0,2026-05-11T15:01:02.502043,2026-05-11T15:14:35.674066+00:00
2014,156,China,M,Import,528,Netherlands,8517,Phones & Communication Devices,4465037.0,21286.0,0.0,2026-05-11T15:01:02.502046,2026-05-11T15:14:35.674066+00:00
2014,156,China,M,Import,554,New Zealand,8517,Phones & Communication Devices,3655834.0,6971.0,0.0,2026-05-11T15:01:02.502049,2026-05-11T15:14:35.674066+00:00
2014,156,China,M,Import,579,Unknown,8517,Phones & Communication Devices,21852634.0,96779.0,0.0,2026-05-11T15:01:02.502052,2026-05-11T15:14:35.674066+00:00
2014,156,China,M,Import,591,Unknown,8517,Phones & Communication Devices,4040.0,14.0,0.0,2026-05-11T15:01:02.502056,2026-05-11T15:14:35.674066+00:00
2014,156,China,M,Import,608,Philippines,8517,Phones & Communication Devices,581684285.0,764878.0,0.0,2026-05-11T15:01:02.502059,2026-05-11T15:14:35.674066+00:00
2014,156,China,M,Import,616,Poland,8517,Phones & Communication Devices,117207595.0,813644.0,0.0,2026-05-11T15:01:02.502062,2026-05-11T15:14:35.674066+00:00
2014,156,China,M,Import,620,Portugal,8517,Phones & Communication Devices,1860246.0,10599.0,0.0,2026-05-11T15:01:02.502065,2026-05-11T15:14:35.674066+00:00
2014,156,China,M,Import,642,Romania,8517,Phones & Communication Devices,36203881.0,188014.0,0.0,2026-05-11T15:01:02.502068,2026-05-11T15:14:35.674066+00:00
2014,156,China,M,Import,643,Russia,8517,Phones & Communication Devices,1097704.0,4842.0,0.0,2026-05-11T15:01:02.502071,2026-05-11T15:14:35.674066+00:00
2014,156,China,M,Import,688,Unknown,8517,Phones & Communication Devices,5830.0,14.0,0.0,2026-05-11T15:01:02.502074,2026-05-11T15:14:35.674066+00:00
2014,156,China,M,Import,699,Unknown,8517,Phones & Communication Devices,80937637.0,1541080.0,0.0,2026-05-11T15:01:02.502077,2026-05-11T15:14:35.674066+00:00
2014,156,China,M,Import,702,Unknown,8517,Phones & Communication Devices,154189782.0,259289.0,0.0,2026-05-11T15:01:02.502080,2026-05-11T15:14:35.674066+00:00
2014,156,China,M,Import,703,Unknown,8517,Phones & Communication Devices,4511415.0,51603.0,0.0,2026-05-11T15:01:02.502082,2026-05-11T15:14:35.674066+00:00
2014,156,China,M,Import,704,Vietnam,8517,Phones & Communication Devices,830164225.0,2748557.0,0.0,2026-05-11T15:01:02.502088,2026-05-11T15:14:35.674066+00:00
2014,156,China,M,Import,705,Unknown,8517,Phones & Communication Devices,399601.0,821.0,0.0,2026-05-11T15:01:02.502091,2026-05-11T15:14:35.674066+00:00
2014,156,China,M,Import,710,South Africa,8517,Phones & Communication Devices,762918.0,5124.0,0.0,2026-05-11T15:01:02.502095,2026-05-11T15:14:35.674066+00:00
2014,156,China,M,Import,724,Spain,8517,Phones & Communication Devices,6695291.0,96573.0,0.0,2026-05-11T15:01:02.502098,2026-05-11T15:14:35.674066+00:00
2014,156,China,M,Import,752,Sweden,8517,Phones & Communication Devices,118057225.0,374866.0,0.0,2026-05-11T15:01:02.502111,2026-05-11T15:14:35.674066+00:00
2014,156,China,M,Import,757,Unknown,8517,Phones & Communication Devices,18129366.0,60669.0,0.0,2026-05-11T15:01:02.502115,2026-05-11T15:14:35.674066+00:00
2014,156,China,M,Import,764,Thailand,8517,Phones & Communication Devices,492714065.0,1248332.0,0.0,2026-05-11T15:01:02.502118,2026-05-11T15:14:35.674066+00:00
2014,156,China,M,Import,784,UAE,8517,Phones & Communication Devices,170273.0,660.0,0.0,2026-05-11T15:01:02.502121,2026-05-11T15:14:35.674066+00:00
2014,156,China,M,Import,788,Unknown,8517,Phones & Communication Devices,2150352.0,11728.0,0.0,2026-05-11T15:01:02.502124,2026-05-11T15:14:35.674066+00:00
2014,156,China,M,Import,792,Turkey,8517,Phones & Communication Devices,308179.0,122.0,0.0,2026-05-11T15:01:02.502127,2026-05-11T15:14:35.674066+00:00
2014,156,China,M,Import,795,Unknown,8517,Phones & Communication Devices,986.0,2.0,0.0,2026-05-11T15:01:02.502132,2026-05-11T15:14:35.674066+00:00
2014,156,China,M,Import,804,Ukraine,8517,Phones & Communication Devices,1531804.0,2059.0,0.0,2026-05-11T15:01:02.502135,2026-05-11T15:14:35.674066+00:00
2014,156,China,M,Import,826,United Kingdom,8517,Phones & Communication Devices,72488950.0,175615.0,0.0,2026-05-11T15:01:02.502138,2026-05-11T15:14:35.674066+00:00
2014,156,China,M,Import,842,Unknown,8517,Phones & Communication Devices,690668343.0,2054369.0,0.0,2026-05-11T15:01:02.502141,2026-05-11T15:14:35.674066+00:00
2014,156,China,M,Import,899,Unknown,8517,Phones & Communication Devices,1606867.0,22395.0,0.0,2026-05-11T15:01:02.502144,2026-05-11T15:14:35.674066+00:00
2014,156,China,M,Import,276,Germany,8517,Phones & Communication Devices,320654677.0,1856804.0,0.0,2026-05-11T15:01:02.502147,2026-05-11T15:14:35.674066+00:00
2014,156,China,M,Import,0,World,8517,Phones & Communication Devices,43854351949.0,99461967.0,0.0,2026-05-11T15:01:02.502150,2026-05-11T15:14:35.674066+00:00
2014,156,China,M,Import,12,Algeria,8517,Phones & Communication Devices,573581.0,472.0,0.0,2026-05-11T15:01:02.502153,2026-05-11T15:14:35.674066+00:00
2014,156,China,M,Import,20,Unknown,8517,Phones & Communication Devices,1937.0,62.0,0.0,2026-05-11T15:01:02.502156,2026-05-11T15:14:35.674066+00:00
2014,156,China,M,Import,32,Argentina,8517,Phones & Communication Devices,5829.0,150.0,0.0,2026-05-11T15:01:02.502159,2026-05-11T15:14:35.674066+00:00
2014,156,China,M,Import,50,Bangladesh,8517,Phones & Communication Devices,16652.0,198.0,0.0,2026-05-11T15:01:02.502164,2026-05-11T15:14:35.674066+00:00
2014,156,China,M,Import,60,Unknown,8517,Phones & Communication Devices,247.0,5.0,0.0,2026-05-11T15:01:02.502167,2026-05-11T15:14:35.674066+00:00
2014,156,China,M,Import,116,Cambodia,8517,Phones & Communication Devices,1113.0,5.0,0.0,2026-05-11T15:01:02.502170,2026-05-11T15:14:35.674066+00:00
2014,156,China,M,Import,144,Sri Lanka,8517,Phones & Communication Devices,504121.0,25.0,0.0,2026-05-11T15:01:02.502173,2026-05-11T15:14:35.674066+00:00
2014,156,China,M,Import,152,Chile,8517,Phones & Communication Devices,2095.0,4.0,0.0,2026-05-11T15:01:02.502176,2026-05-11T15:14:35.674066+00:00
2014,156,China,M,Import,170,Colombia,8517,Phones & Communication Devices,1524.0,9.0,0.0,2026-05-11T15:01:02.502179,2026-05-11T15:14:35.674066+00:00
2014,156,China,M,Import,204,Unknown,8517,Phones & Communication Devices,745.0,3.0,0.0,2026-05-11T15:01:02.502182,2026-05-11T15:14:35.674066+00:00
2014,156,China,M,Import,214,Unknown,8517,Phones & Communication Devices,1479.0,50.0,0.0,2026-05-11T15:01:02.502184,2026-05-11T15:14:35.674066+00:00
2014,156,China,M,Import,218,Ecuador,8517,Phones & Communication Devices,6407.0,39.0,0.0,2026-05-11T15:01:02.502187,2026-05-11T15:14:35.674066+00:00
2014,156,China,M,Import,368,Iraq,8517,Phones & Communication Devices,821.0,5.0,0.0,2026-05-11T15:01:02.502190,2026-05-11T15:14:35.674066+00:00
2014,156,China,M,Import,480,Unknown,8517,Phones & Communication Devices,1386.0,7.0,0.0,2026-05-11T15:01:02.502195,2026-05-11T15:14:35.674066+00:00
2014,156,China,M,Import,516,Unknown,8517,Phones & Communication Devices,1838.0,9.0,0.0,2026-05-11T15:01:02.502198,2026-05-11T15:14:35.674066+00:00
2014,156,China,M,Import,562,Unknown,8517,Phones & Communication Devices,1341.0,14.0,0.0,2026-05-11T15:01:02.502201,2026-05-11T15:14:35.674066+00:00
2014,156,China,M,Import,586,Pakistan,8517,Phones & Communication Devices,28132.0,340.0,0.0,2026-05-11T15:01:02.502206,2026-05-11T15:14:35.674066+00:00
2014,156,China,M,Import,598,Unknown,8517,Phones & Communication Devices,19397.0,131.0,0.0,2026-05-11T15:01:02.502209,2026-05-11T15:14:35.674066+00:00
2014,156,China,M,Import,634,Qatar,8517,Phones & Communication Devices,7293.0,79.0,0.0,2026-05-11T15:01:02.502212,2026-05-11T15:14:35.674066+00:00
2014,156,China,M,Import,674,Unknown,8517,Phones & Communication Devices,18678.0,10.0,0.0,2026-05-11T15:01:02.502215,2026-05-11T15:14:35.674066+00:00
2014,156,China,M,Import,682,Saudi Arabia,8517,Phones & Communication Devices,4085.0,32.0,0.0,2026-05-11T15:01:02.502218,2026-05-11T15:14:35.674066+00:00
2014,156,China,M,Import,862,Unknown,8517,Phones & Communication Devices,2766.0,44.0,0.0,2026-05-11T15:01:02.502221,2026-05-11T15:14:35.674066+00:00
2014,156,China,M,Import,694,Unknown,8517,Phones & Communication Devices,340.0,1.0,0.0,2026-05-11T15:01:02.502224,2026-05-11T15:14:35.674066+00:00
2014,156,China,M,Import,716,Zimbabwe,8517,Phones & Communication Devices,337.0,1.0,0.0,2026-05-11T15:01:02.502228,2026-05-11T15:14:35.674066+00:00
2014,156,China,M,Import,748,Unknown,8517,Phones & Communication Devices,185.0,1.0,0.0,2026-05-11T15:01:02.502231,2026-05-11T15:14:35.674066+00:00
2014,156,China,M,Import,112,Unknown,8517,Phones & Communication Devices,784.0,1.0,0.0,2026-05-11T15:01:02.502235,2026-05-11T15:14:35.674066+00:00
2014,156,China,M,Import,178,Unknown,8517,Phones & Communication Devices,20.0,1.0,0.0,2026-05-11T15:01:02.502238,2026-05-11T15:14:35.674066+00:00
2014,156,China,M,Import,446,Unknown,8517,Phones & Communication Devices,73749.0,1.0,0.0,2026-05-11T15:01:02.502240,2026-05-11T15:14:35.674066+00:00
2014,156,China,M,Import,231,Ethiopia,8517,Phones & Communication Devices,92.0,0.0,0.0,2026-05-11T15:01:02.502243,2026-05-11T15:14:35.674066+00:00
2014,156,China,M,Import,268,Unknown,8517,Phones & Communication Devices,80.0,0.0,0.0,2026-05-11T15:01:02.502246,2026-05-11T15:14:35.674066+00:00
2015,156,China,X,Export,392,Japan,8517,Phones & Communication Devices,10487523959.0,0.0,0.0,2026-05-11T15:01:02.502249,2026-05-11T15:14:35.674066+00:00
2015,156,China,X,Export,520,Unknown,8517,Phones & Communication Devices,12563.0,0.0,0.0,2026-05-11T15:01:02.502252,2026-05-11T15:14:35.674066+00:00
2015,156,China,X,Export,704,Vietnam,8517,Phones & Communication Devices,4715747916.0,0.0,0.0,2026-05-11T15:01:02.502255,2026-05-11T15:14:35.674066+00:00
2015,156,China,X,Export,340,Unknown,8517,Phones & Communication Devices,5757853.0,109751.684,0.0,2026-05-11T15:01:02.502266,2026-05-11T15:14:35.674066+00:00
2015,156,China,X,Export,344,Unknown,8517,Phones & Communication Devices,492761.0,2060.158,0.0,2026-05-11T15:01:02.502269,2026-05-11T15:14:35.674066+00:00
2015,156,China,X,Export,348,Unknown,8517,Phones & Communication Devices,1046476815.0,15173463.846,0.0,2026-05-11T15:01:02.502281,2026-05-11T15:14:35.674066+00:00
2015,156,China,X,Export,352,Unknown,8517,Phones & Communication Devices,2094102.0,7390.515,0.0,2026-05-11T15:01:02.502291,2026-05-11T15:14:35.674066+00:00
2015,156,China,X,Export,360,Indonesia,8517,Phones & Communication Devices,1514779735.0,10530178.296,0.0,2026-05-11T15:01:02.502297,2026-05-11T15:14:35.674066+00:00
2015,156,China,X,Export,364,Iran,8517,Phones & Communication Devices,478226475.0,3178982.187,0.0,2026-05-11T15:01:02.502305,2026-05-11T15:14:35.674066+00:00
2015,156,China,X,Export,368,Iraq,8517,Phones & Communication Devices,108037251.0,1308993.456,0.0,2026-05-11T15:01:02.502311,2026-05-11T15:14:35.674066+00:00
2015,156,China,X,Export,372,Ireland,8517,Phones & Communication Devices,112809425.0,436025.975,0.0,2026-05-11T15:01:02.502314,2026-05-11T15:14:35.674066+00:00
2015,156,China,X,Export,376,Israel,8517,Phones & Communication Devices,1600.0,7.227,0.0,2026-05-11T15:01:02.502317,2026-05-11T15:14:35.674066+00:00
2015,156,China,X,Export,380,Italy,8517,Phones & Communication Devices,1334548801.0,5468134.05,0.0,2026-05-11T15:01:02.502324,2026-05-11T15:14:35.674066+00:00
2015,156,China,X,Export,384,Unknown,8517,Phones & Communication Devices,13028310.0,140512.782,0.0,2026-05-11T15:01:02.502336,2026-05-11T15:14:35.674066+00:00
2015,156,China,X,Export,388,Jamaica,8517,Phones & Communication Devices,103.0,0.687,0.0,2026-05-11T15:01:02.502339,2026-05-11T15:14:35.674066+00:00
2015,156,China,X,Export,398,Kazakhstan,8517,Phones & Communication Devices,211076147.0,1278744.766,0.0,2026-05-11T15:01:02.502350,2026-05-11T15:14:35.674066+00:00
2015,156,China,X,Export,400,Jordan,8517,Phones & Communication Devices,143148251.0,1156631.957,0.0,2026-05-11T15:01:02.502360,2026-05-11T15:14:35.674066+00:00
2015,156,China,X,Export,404,Kenya,8517,Phones & Communication Devices,105856.0,442.568,0.0,2026-05-11T15:01:02.502363,2026-05-11T15:14:35.674066+00:00
2015,156,China,X,Export,408,North Korea,8517,Phones & Communication Devices,73408924.0,183787.455,0.0,2026-05-11T15:01:02.502370,2026-05-11T15:14:35.674066+00:00
2015,156,China,X,Export,410,South Korea,8517,Phones & Communication Devices,15686775837.0,28865350.433,0.0,2026-05-11T15:01:02.502373,2026-05-11T15:14:35.674066+00:00
2015,156,China,X,Export,414,Kuwait,8517,Phones & Communication Devices,168768309.0,721980.98,0.0,2026-05-11T15:01:02.502380,2026-05-11T15:14:35.674066+00:00
2015,156,China,X,Export,417,Unknown,8517,Phones & Communication Devices,20418108.0,151189.54,0.0,2026-05-11T15:01:02.502383,2026-05-11T15:14:35.674066+00:00
2015,156,China,X,Export,418,Unknown,8517,Phones & Communication Devices,60670761.0,360424.622,0.0,2026-05-11T15:01:02.502386,2026-05-11T15:14:35.674066+00:00
2015,156,China,X,Export,422,Lebanon,8517,Phones & Communication Devices,33120508.0,509542.055,0.0,2026-05-11T15:01:02.502391,2026-05-11T15:14:35.674066+00:00
2015,156,China,X,Export,426,Unknown,8517,Phones & Communication Devices,9025015.0,60192.113,0.0,2026-05-11T15:01:02.502394,2026-05-11T15:14:35.674066+00:00
2015,156,China,X,Export,428,Unknown,8517,Phones & Communication Devices,102021216.0,555179.178,0.0,2026-05-11T15:01:02.502397,2026-05-11T15:14:35.674066+00:00
2015,156,China,X,Export,430,Unknown,8517,Phones & Communication Devices,7185222.0,30783.865,0.0,2026-05-11T15:01:02.502400,2026-05-11T15:14:35.674066+00:00
2015,156,China,X,Export,434,Unknown,8517,Phones & Communication Devices,33226484.0,252468.025,0.0,2026-05-11T15:01:02.502403,2026-05-11T15:14:35.674066+00:00
2015,156,China,X,Export,440,Unknown,8517,Phones & Communication Devices,11490.0,48.038,0.0,2026-05-11T15:01:02.502406,2026-05-11T15:14:35.674066+00:00
2015,156,China,X,Export,442,Unknown,8517,Phones & Communication Devices,810404799.0,1188661.564,0.0,2026-05-11T15:01:02.502411,2026-05-11T15:14:35.674066+00:00
2015,156,China,X,Export,446,Unknown,8517,Phones & Communication Devices,102833674.0,926359.168,0.0,2026-05-11T15:01:02.502414,2026-05-11T15:14:35.674066+00:00
2015,156,China,X,Export,450,Unknown,8517,Phones & Communication Devices,14466941.0,104167.463,0.0,2026-05-11T15:01:02.502417,2026-05-11T15:14:35.674066+00:00
2015,156,China,X,Export,454,Unknown,8517,Phones & Communication Devices,5151621.0,32572.229,0.0,2026-05-11T15:01:02.502422,2026-05-11T15:14:35.674066+00:00
2015,156,China,X,Export,458,Malaysia,8517,Phones & Communication Devices,1283687576.0,11161857.228,0.0,2026-05-11T15:01:02.502425,2026-05-11T15:14:35.674066+00:00
2015,156,China,X,Export,462,Unknown,8517,Phones & Communication Devices,4019263.0,35684.387,0.0,2026-05-11T15:01:02.502431,2026-05-11T15:14:35.674066+00:00
2015,156,China,X,Export,466,Unknown,8517,Phones & Communication Devices,10134498.0,56322.657,0.0,2026-05-11T15:01:02.502433,2026-05-11T15:14:35.674066+00:00
2015,156,China,X,Export,470,Unknown,8517,Phones & Communication Devices,15000.0,62.713,0.0,2026-05-11T15:01:02.502436,2026-05-11T15:14:35.674066+00:00
2015,156,China,X,Export,473,Unknown,8517,Phones & Communication Devices,1668445.0,10870.853,0.0,2026-05-11T15:01:02.502445,2026-05-11T15:14:35.674066+00:00
2015,156,China,X,Export,478,Unknown,8517,Phones & Communication Devices,9589199.0,75309.656,0.0,2026-05-11T15:01:02.502448,2026-05-11T15:14:35.674066+00:00
2015,156,China,X,Export,480,Unknown,8517,Phones & Communication Devices,66558453.0,207307.439,0.0,2026-05-11T15:01:02.502453,2026-05-11T15:14:35.674066+00:00
2015,156,China,X,Export,484,Mexico,8517,Phones & Communication Devices,94.0,0.393,0.0,2026-05-11T15:01:02.502459,2026-05-11T15:14:35.674066+00:00
2015,156,China,X,Export,490,Unknown,8517,Phones & Communication Devices,1765887195.0,6737765.149,0.0,2026-05-11T15:01:02.502470,2026-05-11T15:14:35.674066+00:00
2015,156,China,X,Export,496,Unknown,8517,Phones & Communication Devices,44169622.0,302177.067,0.0,2026-05-11T15:01:02.502476,2026-05-11T15:14:35.674066+00:00
2015,156,China,X,Export,498,Unknown,8517,Phones & Communication Devices,4600640.0,39811.369,0.0,2026-05-11T15:01:02.502479,2026-05-11T15:14:35.674066+00:00
2015,156,China,X,Export,499,Unknown,8517,Phones & Communication Devices,3245147.0,20560.785,0.0,2026-05-11T15:01:02.502486,2026-05-11T15:14:35.674066+00:00
2015,156,China,X,Export,500,Unknown,8517,Phones & Communication Devices,463943.0,1745.239,0.0,2026-05-11T15:01:02.502489,2026-05-11T15:14:35.674066+00:00
2015,156,China,X,Export,504,Morocco,8517,Phones & Communication Devices,121592091.0,1173032.711,0.0,2026-05-11T15:01:02.502492,2026-05-11T15:14:35.674066+00:00
2015,156,China,X,Export,508,Unknown,8517,Phones & Communication Devices,44035756.0,324122.729,0.0,2026-05-11T15:01:02.502495,2026-05-11T15:14:35.674066+00:00
2015,156,China,X,Export,512,Unknown,8517,Phones & Communication Devices,34735783.0,243107.499,0.0,2026-05-11T15:01:02.502498,2026-05-11T15:14:35.674066+00:00
2015,156,China,X,Export,516,Unknown,8517,Phones & Communication Devices,4437875.0,16166.768,0.0,2026-05-11T15:01:02.502504,2026-05-11T15:14:35.674066+00:00
2015,156,China,X,Export,524,Unknown,8517,Phones & Communication Devices,59772788.0,373957.15,0.0,2026-05-11T15:01:02.502512,2026-05-11T15:14:35.674066+00:00
2015,156,China,X,Export,528,Netherlands,8517,Phones & Communication Devices,86772.0,362.78,0.0,2026-05-11T15:01:02.502517,2026-05-11T15:14:35.674066+00:00
2015,156,China,X,Export,531,Unknown,8517,Phones & Communication Devices,297946.0,2297.682,0.0,2026-05-11T15:01:02.502542,2026-05-11T15:14:35.674066+00:00
2015,156,China,X,Export,533,Unknown,8517,Phones & Communication Devices,3218.0,12.151,0.0,2026-05-11T15:01:02.502545,2026-05-11T15:14:35.674066+00:00
2015,156,China,X,Export,540,Unknown,8517,Phones & Communication Devices,1109556.0,14620.05,0.0,2026-05-11T15:01:02.502550,2026-05-11T15:14:35.674066+00:00
2015,156,China,X,Export,548,Unknown,8517,Phones & Communication Devices,1153467.0,7802.553,0.0,2026-05-11T15:01:02.502553,2026-05-11T15:14:35.674066+00:00
2015,156,China,X,Export,554,New Zealand,8517,Phones & Communication Devices,146154748.0,1179389.209,0.0,2026-05-11T15:01:02.502556,2026-05-11T15:14:35.674066+00:00
2015,156,China,X,Export,558,Unknown,8517,Phones & Communication Devices,43753.0,182.925,0.0,2026-05-11T15:01:02.502559,2026-05-11T15:14:35.674066+00:00
2015,156,China,X,Export,562,Unknown,8517,Phones & Communication Devices,6774893.0,37214.86,0.0,2026-05-11T15:01:02.502567,2026-05-11T15:14:35.674066+00:00
2015,156,China,X,Export,566,Nigeria,8517,Phones & Communication Devices,244061214.0,1869725.792,0.0,2026-05-11T15:01:02.502570,2026-05-11T15:14:35.674066+00:00
2015,156,China,X,Export,579,Unknown,8517,Phones & Communication Devices,69572210.0,283281.468,0.0,2026-05-11T15:01:02.502573,2026-05-11T15:14:35.674066+00:00
2015,156,China,X,Export,583,Unknown,8517,Phones & Communication Devices,1889.0,7.898,0.0,2026-05-11T15:01:02.502576,2026-05-11T15:14:35.674066+00:00
2015,156,China,X,Export,584,Unknown,8517,Phones & Communication Devices,43056.0,194.479,0.0,2026-05-11T15:01:02.502581,2026-05-11T15:14:35.674066+00:00
2015,156,China,X,Export,585,Unknown,8517,Phones & Communication Devices,19464.0,164.314,0.0,2026-05-11T15:01:02.502584,2026-05-11T15:14:35.674066+00:00
2015,156,China,X,Export,586,Pakistan,8517,Phones & Communication Devices,567465754.0,3298134.656,0.0,2026-05-11T15:01:02.502587,2026-05-11T15:14:35.674066+00:00
2015,156,China,X,Export,591,Unknown,8517,Phones & Communication Devices,2910.0,24.566,0.0,2026-05-11T15:01:02.502589,2026-05-11T15:14:35.674066+00:00
2015,156,China,X,Export,598,Unknown,8517,Phones & Communication Devices,34675247.0,192638.174,0.0,2026-05-11T15:01:02.502598,2026-05-11T15:14:35.674066+00:00
2015,156,China,X,Export,600,Unknown,8517,Phones & Communication Devices,86192217.0,894999.879,0.0,2026-05-11T15:01:02.502601,2026-05-11T15:14:35.674066+00:00
2015,156,China,X,Export,604,Peru,8517,Phones & Communication Devices,103753.0,434.252,0.0,2026-05-11T15:01:02.502604,2026-05-11T15:14:35.674066+00:00
2015,156,China,X,Export,608,Philippines,8517,Phones & Communication Devices,586959886.0,3932919.573,0.0,2026-05-11T15:01:02.502612,2026-05-11T15:14:35.674066+00:00
2015,156,China,X,Export,616,Poland,8517,Phones & Communication Devices,2400.0,10.034,0.0,2026-05-11T15:01:02.502614,2026-05-11T15:14:35.674066+00:00
2015,156,China,X,Export,620,Portugal,8517,Phones & Communication Devices,141776282.0,734361.81,0.0,2026-05-11T15:01:02.502632,2026-05-11T15:14:35.674066+00:00
2015,156,China,X,Export,624,Unknown,8517,Phones & Communication Devices,562688.0,4005.124,0.0,2026-05-11T15:01:02.502638,2026-05-11T15:14:35.674066+00:00
2015,156,China,X,Export,626,Unknown,8517,Phones & Communication Devices,3478520.0,31933.78,0.0,2026-05-11T15:01:02.502642,2026-05-11T15:14:35.674066+00:00
2015,156,China,X,Export,634,Qatar,8517,Phones & Communication Devices,85767679.0,692025.14,0.0,2026-05-11T15:01:02.502645,2026-05-11T15:14:35.674066+00:00
2015,156,China,X,Export,637,Unknown,8517,Phones & Communication Devices,196109.0,813.049,0.0,2026-05-11T15:01:02.502648,2026-05-11T15:14:35.674066+00:00
2015,156,China,X,Export,642,Romania,8517,Phones & Communication Devices,161486635.0,2063836.444,0.0,2026-05-11T15:01:02.502651,2026-05-11T15:14:35.674066+00:00
2015,156,China,X,Export,643,Russia,8517,Phones & Communication Devices,4547.0,20.538,0.0,2026-05-11T15:01:02.502657,2026-05-11T15:14:35.674066+00:00
2015,156,China,X,Export,646,Unknown,8517,Phones & Communication Devices,3363056.0,19998.748,0.0,2026-05-11T15:01:02.502668,2026-05-11T15:14:35.674066+00:00
2015,156,China,X,Export,659,Unknown,8517,Phones & Communication Devices,7413.0,143.906,0.0,2026-05-11T15:01:02.502673,2026-05-11T15:14:35.674066+00:00
2015,156,China,X,Export,662,Unknown,8517,Phones & Communication Devices,39874.0,177.884,0.0,2026-05-11T15:01:02.502676,2026-05-11T15:14:35.674066+00:00
2015,156,China,X,Export,666,Unknown,8517,Phones & Communication Devices,115761.0,484.516,0.0,2026-05-11T15:01:02.502679,2026-05-11T15:14:35.674066+00:00
2015,156,China,X,Export,674,Unknown,8517,Phones & Communication Devices,22619.0,92.148,0.0,2026-05-11T15:01:02.502682,2026-05-11T15:14:35.674066+00:00
2015,156,China,X,Export,678,Unknown,8517,Phones & Communication Devices,17149.0,71.697,0.0,2026-05-11T15:01:02.502684,2026-05-11T15:14:35.674066+00:00
2015,156,China,X,Export,682,Saudi Arabia,8517,Phones & Communication Devices,543975617.0,3921226.507,0.0,2026-05-11T15:01:02.502689,2026-05-11T15:14:35.674066+00:00
2015,156,China,X,Export,686,Unknown,8517,Phones & Communication Devices,23523824.0,186570.5,0.0,2026-05-11T15:01:02.502695,2026-05-11T15:14:35.674066+00:00
2015,156,China,X,Export,688,Unknown,8517,Phones & Communication Devices,49435408.0,223550.953,0.0,2026-05-11T15:01:02.502698,2026-05-11T15:14:35.674066+00:00
2015,156,China,X,Export,690,Unknown,8517,Phones & Communication Devices,884775.0,6806.753,0.0,2026-05-11T15:01:02.502708,2026-05-11T15:14:35.674066+00:00
2015,156,China,X,Export,694,Unknown,8517,Phones & Communication Devices,3652011.0,23709.454,0.0,2026-05-11T15:01:02.502713,2026-05-11T15:14:35.674066+00:00
2015,156,China,X,Export,699,Unknown,8517,Phones & Communication Devices,14820.0,61.96,0.0,2026-05-11T15:01:02.502716,2026-05-11T15:14:35.674066+00:00
2015,156,China,X,Export,702,Unknown,8517,Phones & Communication Devices,988.0,4.131,0.0,2026-05-11T15:01:02.502742,2026-05-11T15:14:35.674066+00:00
2015,156,China,X,Export,703,Unknown,8517,Phones & Communication Devices,2135291.0,8927.324,0.0,2026-05-11T15:01:02.502756,2026-05-11T15:14:35.674066+00:00
2015,156,China,X,Export,705,Unknown,8517,Phones & Communication Devices,2294.0,9.591,0.0,2026-05-11T15:01:02.502767,2026-05-11T15:14:35.674066+00:00
2015,156,China,X,Export,706,Unknown,8517,Phones & Communication Devices,10608234.0,62774.15,0.0,2026-05-11T15:01:02.502773,2026-05-11T15:14:35.674066+00:00
2015,156,China,X,Export,710,South Africa,8517,Phones & Communication Devices,794085712.0,4234447.936,0.0,2026-05-11T15:01:02.502776,2026-05-11T15:14:35.674066+00:00
2015,156,China,X,Export,716,Zimbabwe,8517,Phones & Communication Devices,97836053.0,633812.372,0.0,2026-05-11T15:01:02.502779,2026-05-11T15:14:35.674066+00:00
2015,156,China,X,Export,724,Spain,8517,Phones & Communication Devices,174525.0,729.662,0.0,2026-05-11T15:01:02.502784,2026-05-11T15:14:35.674066+00:00
2015,156,China,X,Export,728,Unknown,8517,Phones & Communication Devices,2772296.0,18808.259,0.0,2026-05-11T15:01:02.502790,2026-05-11T15:14:35.674066+00:00
2015,156,China,X,Export,729,Unknown,8517,Phones & Communication Devices,51172837.0,337980.997,0.0,2026-05-11T15:01:02.502793,2026-05-11T15:14:35.674066+00:00
2015,156,China,X,Export,740,Unknown,8517,Phones & Communication Devices,1010625.0,6056.934,0.0,2026-05-11T15:01:02.502796,2026-05-11T15:14:35.674066+00:00
2015,156,China,X,Export,748,Unknown,8517,Phones & Communication Devices,1606244.0,5802.275,0.0,2026-05-11T15:01:02.502799,2026-05-11T15:14:35.674066+00:00
2015,156,China,X,Export,752,Sweden,8517,Phones & Communication Devices,893598.0,14444.734,0.0,2026-05-11T15:01:02.502802,2026-05-11T15:14:35.674066+00:00
2015,156,China,X,Export,757,Unknown,8517,Phones & Communication Devices,106293626.0,404226.665,0.0,2026-05-11T15:01:02.502808,2026-05-11T15:14:35.674066+00:00
2015,156,China,X,Export,760,Unknown,8517,Phones & Communication Devices,40637157.0,366394.98,0.0,2026-05-11T15:01:02.502810,2026-05-11T15:14:35.674066+00:00
2015,156,China,X,Export,762,Unknown,8517,Phones & Communication Devices,13115761.0,89003.572,0.0,2026-05-11T15:01:02.502815,2026-05-11T15:14:35.674066+00:00
2015,156,China,X,Export,764,Thailand,8517,Phones & Communication Devices,7743.0,94.462,0.0,2026-05-11T15:01:02.502818,2026-05-11T15:14:35.674066+00:00
2015,156,China,X,Export,768,Unknown,8517,Phones & Communication Devices,39936955.0,135276.008,0.0,2026-05-11T15:01:02.502830,2026-05-11T15:14:35.674066+00:00
2015,156,China,X,Export,776,Unknown,8517,Phones & Communication Devices,315748.0,1790.487,0.0,2026-05-11T15:01:02.502833,2026-05-11T15:14:35.674066+00:00
2015,156,China,X,Export,780,Unknown,8517,Phones & Communication Devices,15149020.0,101110.499,0.0,2026-05-11T15:01:02.502836,2026-05-11T15:14:35.674066+00:00
2015,156,China,X,Export,784,UAE,8517,Phones & Communication Devices,2896209357.0,13912919.875,0.0,2026-05-11T15:01:02.502839,2026-05-11T15:14:35.674066+00:00
2015,156,China,X,Export,788,Unknown,8517,Phones & Communication Devices,84714492.0,449923.585,0.0,2026-05-11T15:01:02.502842,2026-05-11T15:14:35.674066+00:00
2015,156,China,X,Export,792,Turkey,8517,Phones & Communication Devices,1357850583.0,4712930.452,0.0,2026-05-11T15:01:02.502847,2026-05-11T15:14:35.674066+00:00
2015,156,China,X,Export,795,Unknown,8517,Phones & Communication Devices,21230741.0,109613.831,0.0,2026-05-11T15:01:02.502850,2026-05-11T15:14:35.674066+00:00
2015,156,China,X,Export,796,Unknown,8517,Phones & Communication Devices,74123.0,276.258,0.0,2026-05-11T15:01:02.502853,2026-05-11T15:14:35.674066+00:00
2014,156,China,X,Export,0,World,2709,Crude Oil,490697311.0,600193266.0,600193266.0,2026-05-11T15:01:06.816317,2026-05-11T15:14:35.674066+00:00
2014,156,China,X,Export,392,Japan,2709,Crude Oil,157297230.0,185948480.0,185948480.0,2026-05-11T15:01:06.816331,2026-05-11T15:14:35.674066+00:00
2014,156,China,X,Export,842,Unknown,2709,Crude Oil,3876.0,5090.0,5090.0,2026-05-11T15:01:06.816336,2026-05-11T15:14:35.674066+00:00
2014,156,China,X,Export,410,South Korea,2709,Crude Oil,67710638.0,93572912.0,93572912.0,2026-05-11T15:01:06.816340,2026-05-11T15:14:35.674066+00:00
2015,156,China,M,Import,0,World,2709,Crude Oil,5121061676.0,12577642664.259,12577642664.259,2026-05-11T15:01:06.816344,2026-05-11T15:14:35.674066+00:00
2015,156,China,M,Import,512,Unknown,2709,Crude Oil,13943458123.0,32071004894.003,32071004894.003,2026-05-11T15:01:06.816352,2026-05-11T15:14:35.674066+00:00
2015,156,China,M,Import,784,UAE,2709,Crude Oil,5095216654.0,12565450664.259,12565450664.259,2026-05-11T15:01:06.816361,2026-05-11T15:14:35.674066+00:00
2015,156,China,M,Import,12,Algeria,2709,Crude Oil,65128073.0,133823000.0,133823000.0,2026-05-11T15:01:06.816367,2026-05-11T15:14:35.674066+00:00
2015,156,China,M,Import,24,Angola,2709,Crude Oil,15730071371.0,38230523000.0,38230523000.0,2026-05-11T15:01:06.816371,2026-05-11T15:14:35.674066+00:00
2015,156,China,M,Import,68,Bolivia,2709,Crude Oil,36716266.0,72097800.0,72097800.0,2026-05-11T15:01:06.816374,2026-05-11T15:14:35.674066+00:00
2015,156,China,M,Import,76,Brazil,2709,Crude Oil,1389048192.0,3546226000.0,3546226000.0,2026-05-11T15:01:06.816377,2026-05-11T15:14:35.674066+00:00
2015,156,China,M,Import,96,Unknown,2709,Crude Oil,26141491.0,83694000.0,83694000.0,2026-05-11T15:01:06.816381,2026-05-11T15:14:35.674066+00:00
2015,156,China,M,Import,120,Unknown,2709,Crude Oil,425288622.0,1022921000.0,1022921000.0,2026-05-11T15:01:06.816385,2026-05-11T15:14:35.674066+00:00
2015,156,China,M,Import,148,Unknown,2709,Crude Oil,87422523.0,230708082.0,230708082.0,2026-05-11T15:01:06.816388,2026-05-11T15:14:35.674066+00:00
2015,156,China,M,Import,170,Colombia,2709,Crude Oil,1900375898.0,5509509000.0,5509509000.0,2026-05-11T15:01:06.816397,2026-05-11T15:14:35.674066+00:00
2015,156,China,M,Import,178,Unknown,2709,Crude Oil,42691354.0,124051000.0,124051000.0,2026-05-11T15:01:06.816407,2026-05-11T15:14:35.674066+00:00
2015,156,China,M,Import,180,Unknown,2709,Crude Oil,57248420.0,124541004.0,124541004.0,2026-05-11T15:01:06.816414,2026-05-11T15:14:35.674066+00:00
2015,156,China,M,Import,218,Ecuador,2709,Crude Oil,494128761.0,1397265000.0,1397265000.0,2026-05-11T15:01:06.816417,2026-05-11T15:14:35.674066+00:00
2015,156,China,M,Import,226,Unknown,2709,Crude Oil,866017860.0,2014960000.0,2014960000.0,2026-05-11T15:01:06.816420,2026-05-11T15:14:35.674066+00:00
2015,156,China,M,Import,266,Unknown,2709,Crude Oil,47767841.0,133021000.0,133021000.0,2026-05-11T15:01:06.816424,2026-05-11T15:14:35.674066+00:00
2015,156,China,M,Import,288,Ghana,2709,Crude Oil,968572189.0,2132636000.0,2132636000.0,2026-05-11T15:01:06.816445,2026-05-11T15:14:35.674066+00:00
2015,156,China,M,Import,368,Iraq,2709,Crude Oil,12629970347.0,31990440000.0,31990440000.0,2026-05-11T15:01:06.816452,2026-05-11T15:14:35.674066+00:00
2015,156,China,M,Import,398,Kazakhstan,2709,Crude Oil,1809039971.0,4856966000.0,4856966000.0,2026-05-11T15:01:06.816459,2026-05-11T15:14:35.674066+00:00
2015,156,China,M,Import,414,Kuwait,2709,Crude Oil,5718090471.0,14425910000.0,14425910000.0,2026-05-11T15:01:06.816465,2026-05-11T15:14:35.674066+00:00
2015,156,China,M,Import,434,Unknown,2709,Crude Oil,887197136.0,2019000000.0,2019000000.0,2026-05-11T15:01:06.816471,2026-05-11T15:14:35.674066+00:00
2015,156,China,M,Import,484,Mexico,2709,Crude Oil,23764058.0,65040100.0,65040100.0,2026-05-11T15:01:06.816477,2026-05-11T15:14:35.674066+00:00
2015,156,China,M,Import,496,Unknown,2709,Crude Oil,368610841.0,1104126600.0,1104126600.0,2026-05-11T15:01:06.816484,2026-05-11T15:14:35.674066+00:00
2015,156,China,M,Import,566,Nigeria,2709,Crude Oil,306108494.0,658579000.0,658579000.0,2026-05-11T15:01:06.816490,2026-05-11T15:14:35.674066+00:00
2015,156,China,M,Import,591,Unknown,2709,Crude Oil,258473241.0,838231000.0,838231000.0,2026-05-11T15:01:06.816497,2026-05-11T15:14:35.674066+00:00
2015,156,China,M,Import,598,Unknown,2709,Crude Oil,97905279.0,241035000.0,241035000.0,2026-05-11T15:01:06.816503,2026-05-11T15:14:35.674066+00:00
2015,156,China,M,Import,634,Qatar,2709,Crude Oil,107511586.0,266959000.0,266959000.0,2026-05-11T15:01:06.816512,2026-05-11T15:14:35.674066+00:00
2015,156,China,M,Import,728,Unknown,2709,Crude Oil,1345967925.0,3823731000.0,3823731000.0,2026-05-11T15:01:06.816519,2026-05-11T15:14:35.674066+00:00
2015,156,China,M,Import,729,Unknown,2709,Crude Oil,510248326.0,1261228000.0,1261228000.0,2026-05-11T15:01:06.816533,2026-05-11T15:14:35.674066+00:00
2015,156,China,M,Import,800,Uganda,2709,Crude Oil,872.0,273.0,273.0,2026-05-11T15:01:06.816538,2026-05-11T15:14:35.674066+00:00
2015,156,China,M,Import,862,Unknown,2709,Crude Oil,377364304.0,1348373400.0,1348373400.0,2026-05-11T15:01:06.816542,2026-05-11T15:14:35.674066+00:00
2015,156,China,M,Import,887,Yemen,2709,Crude Oil,651914655.0,1422680000.0,1422680000.0,2026-05-11T15:01:06.816549,2026-05-11T15:14:35.674066+00:00
2015,156,China,M,Import,32,Argentina,2709,Crude Oil,172521214.0,436656000.0,436656000.0,2026-05-11T15:01:06.816552,2026-05-11T15:14:35.674066+00:00
2015,156,China,M,Import,682,Saudi Arabia,2709,Crude Oil,20749482797.0,50461422200.0,50461422200.0,2026-05-11T15:01:06.816563,2026-05-11T15:14:35.674066+00:00
2015,156,China,M,Import,364,Iran,2709,Crude Oil,10799921200.0,26614560067.0,26614560067.0,2026-05-11T15:01:06.816566,2026-05-11T15:14:35.674066+00:00
2015,156,China,M,Import,818,Egypt,2709,Crude Oil,591684772.0,1328130000.0,1328130000.0,2026-05-11T15:01:06.816569,2026-05-11T15:14:35.674066+00:00
2015,156,China,M,Import,31,Unknown,2709,Crude Oil,87264837.0,139990305.0,139990305.0,2026-05-11T15:01:06.816578,2026-05-11T15:14:35.674066+00:00
2015,156,China,M,Import,710,South Africa,2709,Crude Oil,116900280.0,269777000.0,269777000.0,2026-05-11T15:01:06.816581,2026-05-11T15:14:35.674066+00:00
2015,156,China,M,Import,579,Unknown,2709,Crude Oil,15586451.0,31138400.0,31138400.0,2026-05-11T15:01:06.816585,2026-05-11T15:14:35.674066+00:00
2015,156,China,M,Import,643,Russia,2709,Crude Oil,16590725641.0,40846139030.0,40846139030.0,2026-05-11T15:01:06.816591,2026-05-11T15:14:35.674066+00:00
2015,156,China,M,Import,360,Indonesia,2709,Crude Oil,503771865.0,1403398000.0,1403398000.0,2026-05-11T15:01:06.816609,2026-05-11T15:14:35.674066+00:00
2015,156,China,M,Import,704,Vietnam,2709,Crude Oil,806855160.0,1858451000.0,1858451000.0,2026-05-11T15:01:06.816613,2026-05-11T15:14:35.674066+00:00
2015,156,China,M,Import,124,Canada,2709,Crude Oil,44506248.0,123634039.0,123634039.0,2026-05-11T15:01:06.816620,2026-05-11T15:14:35.674066+00:00
2015,156,China,M,Import,36,Australia,2709,Crude Oil,1013014998.0,2388751144.0,2388751144.0,2026-05-11T15:01:06.816627,2026-05-11T15:14:35.674066+00:00
2015,156,China,M,Import,458,Malaysia,2709,Crude Oil,103124041.0,270365000.0,270365000.0,2026-05-11T15:01:06.816705,2026-05-11T15:14:35.674066+00:00
2015,156,China,M,Import,826,United Kingdom,2709,Crude Oil,809471109.0,1907077000.0,1907077000.0,2026-05-11T15:01:06.816712,2026-05-11T15:14:35.674066+00:00
2015,156,China,M,Import,392,Japan,2709,Crude Oil,870.0,75.0,75.0,2026-05-11T15:01:06.816740,2026-05-11T15:14:35.674066+00:00
2015,156,China,M,Import,410,South Korea,2709,Crude Oil,152026906.0,417324000.0,417324000.0,2026-05-11T15:01:06.816758,2026-05-11T15:14:35.674066+00:00
2015,156,China,M,Import,842,Unknown,2709,Crude Oil,20592818.0,62290100.0,62290100.0,2026-05-11T15:01:06.816765,2026-05-11T15:14:35.674066+00:00
2014,156,China,M,Import,368,Iraq,2709,Crude Oil,20759577992.0,28577809062.0,28577809062.0,2026-05-11T15:01:06.817268,2026-05-11T15:14:35.674066+00:00
2014,156,China,M,Import,414,Kuwait,2709,Crude Oil,7598348696.0,10618718096.0,10618718096.0,2026-05-11T15:01:06.817272,2026-05-11T15:14:35.674066+00:00
2014,156,China,M,Import,434,Unknown,2709,Crude Oil,704013771.0,965547136.0,965547136.0,2026-05-11T15:01:06.817275,2026-05-11T15:14:35.674066+00:00
2014,156,China,M,Import,512,Unknown,2709,Crude Oil,22680323672.0,29743869856.0,29743869856.0,2026-05-11T15:01:06.817278,2026-05-11T15:14:35.674066+00:00
2014,156,China,M,Import,12,Algeria,2709,Crude Oil,801450784.0,898397248.0,898397248.0,2026-05-11T15:01:06.817281,2026-05-11T15:14:35.674066+00:00
2014,156,China,M,Import,24,Angola,2709,Crude Oil,30893003075.0,40647653774.0,40647653774.0,2026-05-11T15:01:06.817284,2026-05-11T15:14:35.674066+00:00
2014,156,China,M,Import,31,Unknown,2709,Crude Oil,195339453.0,222002568.0,222002568.0,2026-05-11T15:01:06.817288,2026-05-11T15:14:35.674066+00:00
2014,156,China,M,Import,68,Bolivia,2709,Crude Oil,200641890.0,237439804.0,237439804.0,2026-05-11T15:01:06.817292,2026-05-11T15:14:35.674066+00:00
2014,156,China,M,Import,96,Unknown,2709,Crude Oil,72878178.0,81933000.0,81933000.0,2026-05-11T15:01:06.817296,2026-05-11T15:14:35.674066+00:00
2014,156,China,M,Import,120,Unknown,2709,Crude Oil,369596409.0,519624704.0,519624704.0,2026-05-11T15:01:06.817299,2026-05-11T15:14:35.674066+00:00
2014,156,China,M,Import,148,Unknown,2709,Crude Oil,104140217.0,143130448.0,143130448.0,2026-05-11T15:01:06.817302,2026-05-11T15:14:35.674066+00:00
2014,156,China,M,Import,178,Unknown,2709,Crude Oil,5179948135.0,7050623216.0,7050623216.0,2026-05-11T15:01:06.817305,2026-05-11T15:14:35.674066+00:00
2014,156,China,M,Import,180,Unknown,2709,Crude Oil,778061119.0,968183232.0,968183232.0,2026-05-11T15:01:06.817308,2026-05-11T15:14:35.674066+00:00
2014,156,China,M,Import,226,Unknown,2709,Crude Oil,2463839213.0,3249057024.0,3249057024.0,2026-05-11T15:01:06.817312,2026-05-11T15:14:35.674066+00:00
2014,156,China,M,Import,266,Unknown,2709,Crude Oil,1143614927.0,1554807928.0,1554807928.0,2026-05-11T15:01:06.817316,2026-05-11T15:14:35.674066+00:00
2014,156,China,M,Import,288,Ghana,2709,Crude Oil,675849404.0,879552768.0,879552768.0,2026-05-11T15:01:06.817319,2026-05-11T15:14:35.674066+00:00
2014,156,China,M,Import,533,Unknown,2709,Crude Oil,184208889.0,277715808.0,277715808.0,2026-05-11T15:01:06.817322,2026-05-11T15:14:35.674066+00:00
2014,156,China,M,Import,598,Unknown,2709,Crude Oil,69381984.0,77278528.0,77278528.0,2026-05-11T15:01:06.817327,2026-05-11T15:14:35.674066+00:00
2014,156,China,M,Import,634,Qatar,2709,Crude Oil,260151741.0,360994992.0,360994992.0,2026-05-11T15:01:06.817330,2026-05-11T15:14:35.674066+00:00
2014,156,China,M,Import,728,Unknown,2709,Crude Oil,4329172366.0,6443389880.0,6443389880.0,2026-05-11T15:01:06.817333,2026-05-11T15:14:35.674066+00:00
2014,156,China,M,Import,729,Unknown,2709,Crude Oil,1349814461.0,1773815722.0,1773815722.0,2026-05-11T15:01:06.817337,2026-05-11T15:14:35.674066+00:00
2014,156,China,M,Import,862,Unknown,2709,Crude Oil,8345378147.0,13785720896.0,13785720896.0,2026-05-11T15:01:06.817340,2026-05-11T15:14:35.674066+00:00
2014,156,China,M,Import,887,Yemen,2709,Crude Oil,1941015326.0,2498859472.0,2498859472.0,2026-05-11T15:01:06.817343,2026-05-11T15:14:35.674066+00:00
2014,156,China,M,Import,218,Ecuador,2709,Crude Oil,506788897.0,746634976.0,746634976.0,2026-05-11T15:01:06.817347,2026-05-11T15:14:35.674066+00:00
2014,156,China,M,Import,566,Nigeria,2709,Crude Oil,1530743217.0,1996445136.0,1996445136.0,2026-05-11T15:01:06.817350,2026-05-11T15:14:35.674066+00:00
2014,156,China,M,Import,364,Iran,2709,Crude Oil,20804671555.0,27459384481.0,27459384481.0,2026-05-11T15:01:06.817353,2026-05-11T15:14:35.674066+00:00
2014,156,China,M,Import,818,Egypt,2709,Crude Oil,706771455.0,946019584.0,946019584.0,2026-05-11T15:01:06.817356,2026-05-11T15:14:35.674066+00:00
2014,156,China,M,Import,682,Saudi Arabia,2709,Crude Oil,36940644812.0,49666812616.0,49666812616.0,2026-05-11T15:01:06.817361,2026-05-11T15:14:35.674066+00:00
2014,156,China,M,Import,398,Kazakhstan,2709,Crude Oil,4222821654.0,5686422131.0,5686422131.0,2026-05-11T15:01:06.817364,2026-05-11T15:14:35.674066+00:00
2014,156,China,M,Import,496,Unknown,2709,Crude Oil,718145703.0,1030843328.0,1030843328.0,2026-05-11T15:01:06.817368,2026-05-11T15:14:35.674066+00:00
2014,156,China,M,Import,170,Colombia,2709,Crude Oil,7062024145.0,10091235372.0,10091235372.0,2026-05-11T15:01:06.817371,2026-05-11T15:14:35.674066+00:00
2014,156,China,M,Import,32,Argentina,2709,Crude Oil,246722029.0,322504320.0,322504320.0,2026-05-11T15:01:06.817374,2026-05-11T15:14:35.674066+00:00
2014,156,China,M,Import,586,Pakistan,2709,Crude Oil,10382604.0,15927249.0,15927249.0,2026-05-11T15:01:06.817378,2026-05-11T15:14:35.674066+00:00
2014,156,China,M,Import,0,World,2709,Crude Oil,228288472075.0,308374526733.0,308374526733.0,2026-05-11T15:01:06.817381,2026-05-11T15:14:35.674066+00:00
2014,156,China,M,Import,842,Unknown,2709,Crude Oil,584.0,20.0,20.0,2026-05-11T15:01:06.817385,2026-05-11T15:14:35.674066+00:00
2014,156,China,M,Import,400,Jordan,2709,Crude Oil,220.0,10.0,10.0,2026-05-11T15:01:06.817388,2026-05-11T15:14:35.674066+00:00
2014,156,China,M,Import,764,Thailand,2709,Crude Oil,65.0,3.0,3.0,2026-05-11T15:01:06.817391,2026-05-11T15:14:35.674066+00:00
2015,156,China,X,Export,699,Unknown,2709,Crude Oil,291068742.0,448086000.0,448086000.0,2026-05-11T15:01:06.817403,2026-05-11T15:14:35.674066+00:00
2015,156,China,X,Export,364,Iran,2709,Crude Oil,121969834.0,185513000.0,185513000.0,2026-05-11T15:01:06.817406,2026-05-11T15:14:35.674066+00:00
2015,156,China,X,Export,784,UAE,2709,Crude Oil,193864049.0,228687000.0,228687000.0,2026-05-11T15:01:06.817410,2026-05-11T15:14:35.674066+00:00
2015,156,China,X,Export,702,Unknown,2709,Crude Oil,10577601.0,22949500.0,22949500.0,2026-05-11T15:01:06.817413,2026-05-11T15:14:35.674066+00:00
2015,156,China,X,Export,842,Unknown,2709,Crude Oil,45465187.0,88281904.0,88281904.0,2026-05-11T15:01:06.817421,2026-05-11T15:14:35.674066+00:00
2015,156,China,X,Export,458,Malaysia,2709,Crude Oil,49986133.0,58868700.0,58868700.0,2026-05-11T15:01:06.817425,2026-05-11T15:14:35.674066+00:00
2015,156,China,X,Export,392,Japan,2709,Crude Oil,647532666.0,1548330000.0,1548330000.0,2026-05-11T15:01:06.817428,2026-05-11T15:14:35.674066+00:00
2015,156,China,X,Export,410,South Korea,2709,Crude Oil,185179795.0,284851000.0,284851000.0,2026-05-11T15:01:06.817432,2026-05-11T15:14:35.674066+00:00
2016,156,China,M,Import,36,Australia,2709,Crude Oil,1047120087.0,3255950177.872,3255950177.872,2026-05-11T15:01:06.817435,2026-05-11T15:14:35.674066+00:00
2016,156,China,M,Import,148,Unknown,2709,Crude Oil,493.0,1532.951,1532.951,2026-05-11T15:01:06.817440,2026-05-11T15:14:35.674066+00:00
2016,156,China,M,Import,826,United Kingdom,2709,Crude Oil,1564298648.0,4864082471.947,4864082471.947,2026-05-11T15:01:06.817443,2026-05-11T15:14:35.674066+00:00
2016,156,China,M,Import,178,Unknown,2709,Crude Oil,42033358.0,130699927.502,130699927.502,2026-05-11T15:01:06.817446,2026-05-11T15:14:35.674066+00:00
2016,156,China,M,Import,76,Brazil,2709,Crude Oil,67783650.0,210768745.643,210768745.643,2026-05-11T15:01:06.817450,2026-05-11T15:14:35.674066+00:00
2016,156,China,M,Import,682,Saudi Arabia,2709,Crude Oil,41282610.0,128365526.592,128365526.592,2026-05-11T15:01:06.817453,2026-05-11T15:14:35.674066+00:00
2016,156,China,M,Import,704,Vietnam,2709,Crude Oil,23202599.0,72146936.42,72146936.42,2026-05-11T15:01:06.817456,2026-05-11T15:14:35.674066+00:00
2016,156,China,M,Import,512,Unknown,2709,Crude Oil,313994232.0,976344154.05,976344154.05,2026-05-11T15:01:06.817459,2026-05-11T15:14:35.674066+00:00
2016,156,China,M,Import,643,Russia,2709,Crude Oil,787661516.0,2449181029.915,2449181029.915,2026-05-11T15:01:06.817462,2026-05-11T15:14:35.674066+00:00
2016,156,China,M,Import,24,Angola,2709,Crude Oil,14193552.0,44133904.729,44133904.729,2026-05-11T15:01:06.817471,2026-05-11T15:14:35.674066+00:00
2016,156,China,M,Import,702,Unknown,2709,Crude Oil,601.0,1868.769,1868.769,2026-05-11T15:01:06.817477,2026-05-11T15:14:35.674066+00:00
2016,156,China,M,Import,528,Netherlands,2709,Crude Oil,404.0,1256.211,1256.211,2026-05-11T15:01:06.817480,2026-05-11T15:14:35.674066+00:00
2016,156,China,M,Import,414,Kuwait,2709,Crude Oil,51107053.0,158913977.844,158913977.844,2026-05-11T15:01:06.817483,2026-05-11T15:14:35.674066+00:00
2015,156,China,RM,Export,0,World,2709,Crude Oil,50.0,1.0,1.0,2026-05-11T15:01:06.817489,2026-05-11T15:14:35.674066+00:00
2015,156,China,X,Export,0,World,2709,Crude Oil,1545644007.0,2865567104.0,2865567104.0,2026-05-11T15:01:06.817492,2026-05-11T15:14:35.674066+00:00
2015,156,China,RM,Export,156,China,2709,Crude Oil,50.0,1.0,1.0,2026-05-11T15:01:06.817548,2026-05-11T15:14:35.674066+00:00
2016,156,China,M,Import,579,Unknown,2709,Crude Oil,307855397.0,957255855.432,957255855.432,2026-05-11T15:01:06.817555,2026-05-11T15:14:35.674066+00:00
2016,156,China,M,Import,842,Unknown,2709,Crude Oil,152013417.0,472675596.873,472675596.873,2026-05-11T15:01:06.817558,2026-05-11T15:14:35.674066+00:00
2016,156,China,M,Import,0,World,2709,Crude Oil,59212465.0,184117216.681,184117216.681,2026-05-11T15:01:06.817572,2026-05-11T15:14:35.674066+00:00
2016,156,China,M,Import,266,Unknown,2709,Crude Oil,48085342.0,149518168.72,149518168.72,2026-05-11T15:01:06.817714,2026-05-11T15:14:35.674066+00:00
2016,156,China,M,Import,120,Unknown,2709,Crude Oil,48329752.0,150278145.338,150278145.338,2026-05-11T15:01:06.817719,2026-05-11T15:14:35.674066+00:00
2016,156,China,M,Import,566,Nigeria,2709,Crude Oil,49500223.0,153917646.966,153917646.966,2026-05-11T15:01:06.817736,2026-05-11T15:14:35.674066+00:00
2016,156,China,M,Import,368,Iraq,2709,Crude Oil,49717282.0,154592577.471,154592577.471,2026-05-11T15:01:06.817743,2026-05-11T15:14:35.674066+00:00
2016,156,China,M,Import,226,Unknown,2709,Crude Oil,1341.0,4169.75,4169.75,2026-05-11T15:01:06.817746,2026-05-11T15:14:35.674066+00:00
2016,156,China,M,Import,32,Argentina,2709,Crude Oil,23292149.0,72425386.182,72425386.182,2026-05-11T15:01:06.817749,2026-05-11T15:14:35.674066+00:00
2016,156,China,M,Import,364,Iran,2709,Crude Oil,9356527260.0,29093498419.784,29093498419.784,2026-05-11T15:01:06.817752,2026-05-11T15:14:35.674066+00:00
2016,156,China,M,Import,818,Egypt,2709,Crude Oil,252744005.0,785890652.135,785890652.135,2026-05-11T15:01:06.817765,2026-05-11T15:14:35.674066+00:00
2016,156,China,M,Import,398,Kazakhstan,2709,Crude Oil,832791817.0,2589510695.435,2589510695.435,2026-05-11T15:01:06.817777,2026-05-11T15:14:35.674066+00:00
2016,156,China,M,Import,458,Malaysia,2709,Crude Oil,820121483.0,2550113135.639,2550113135.639,2026-05-11T15:01:06.817784,2026-05-11T15:14:35.674066+00:00
2016,156,China,M,Import,218,Ecuador,2709,Crude Oil,332418649.0,1033633651.743,1033633651.743,2026-05-11T15:01:06.817792,2026-05-11T15:14:35.674066+00:00
2016,156,China,M,Import,496,Unknown,2709,Crude Oil,279707417.0,869731586.128,869731586.128,2026-05-11T15:01:06.817795,2026-05-11T15:14:35.674066+00:00
2016,156,China,M,Import,170,Colombia,2709,Crude Oil,2232726500.0,6942514363.984,6942514363.984,2026-05-11T15:01:06.817803,2026-05-11T15:14:35.674066+00:00
2016,156,China,M,Import,764,Thailand,2709,Crude Oil,300099489.0,933139376.008,933139376.008,2026-05-11T15:01:06.817810,2026-05-11T15:14:35.674066+00:00
2016,156,China,M,Import,124,Canada,2709,Crude Oil,32668968.0,101581980.416,101581980.416,2026-05-11T15:01:06.817813,2026-05-11T15:14:35.674066+00:00
2015,156,China,M,Import,156,China,2709,Crude Oil,50.0,1.0,1.0,2026-05-11T15:01:06.817902,2026-05-11T15:14:35.674066+00:00
2016,156,China,M,Import,44,Unknown,2709,Crude Oil,32074341.0,99733027.358,99733027.358,2026-05-11T15:01:06.817921,2026-05-11T15:14:35.674066+00:00
2016,156,China,M,Import,729,Unknown,2709,Crude Oil,33328615.0,103633108.833,103633108.833,2026-05-11T15:01:06.817934,2026-05-11T15:14:35.674066+00:00
2016,156,China,M,Import,360,Indonesia,2709,Crude Oil,891631422.0,2772468528.776,2772468528.776,2026-05-11T15:01:06.817947,2026-05-11T15:14:35.674066+00:00
2016,156,China,M,Import,434,Unknown,2709,Crude Oil,203660104.0,633267530.703,633267530.703,2026-05-11T15:01:06.817953,2026-05-11T15:14:35.674066+00:00
2016,156,China,M,Import,728,Unknown,2709,Crude Oil,1077194683.0,3349465131.325,3349465131.325,2026-05-11T15:01:06.817969,2026-05-11T15:14:35.674066+00:00
2016,156,China,M,Import,96,Unknown,2709,Crude Oil,128068013.0,398218957.772,398218957.772,2026-05-11T15:01:06.817972,2026-05-11T15:14:35.674066+00:00
2016,156,China,M,Import,784,UAE,2709,Crude Oil,29637384.0,92155471.855,92155471.855,2026-05-11T15:01:06.817976,2026-05-11T15:14:35.674066+00:00
2016,156,China,M,Import,608,Philippines,2709,Crude Oil,251.0,780.468,780.468,2026-05-11T15:01:06.817979,2026-05-11T15:14:35.674066+00:00
2016,156,China,M,Import,634,Qatar,2709,Crude Oil,157288750.0,489078893.527,489078893.527,2026-05-11T15:01:06.817982,2026-05-11T15:14:35.674066+00:00
2016,156,China,M,Import,887,Yemen,2709,Crude Oil,59212465.0,184117216.681,184117216.681,2026-05-11T15:01:06.817994,2026-05-11T15:14:35.674066+00:00
2016,156,China,M,Import,180,Unknown,2709,Crude Oil,75928184.0,236093631.733,236093631.733,2026-05-11T15:01:06.818024,2026-05-11T15:14:35.674066+00:00
2016,156,China,M,Import,710,South Africa,2709,Crude Oil,76126080.0,236708976.166,236708976.166,2026-05-11T15:01:06.818030,2026-05-11T15:14:35.674066+00:00
2016,156,China,M,Import,8,Albania,2709,Crude Oil,8171651.0,25409204.596,25409204.596,2026-05-11T15:01:06.818038,2026-05-11T15:14:35.674066+00:00
2016,156,China,M,Import,862,Unknown,2709,Crude Oil,68726410.0,213700195.08,213700195.08,2026-05-11T15:01:06.818050,2026-05-11T15:14:35.674066+00:00
2016,156,China,M,Import,288,Ghana,2709,Crude Oil,922834326.0,2869491880.816,2869491880.816,2026-05-11T15:01:06.818116,2026-05-11T15:14:35.674066+00:00
2016,156,China,M,Import,484,Mexico,2709,Crude Oil,239133182.0,743568704.425,743568704.425,2026-05-11T15:01:06.818120,2026-05-11T15:14:35.674066+00:00
2016,156,China,M,Import,31,Unknown,2709,Crude Oil,329968226.0,1026014224.61,1026014224.61,2026-05-11T15:01:06.818123,2026-05-11T15:14:35.674066+00:00
2017,156,China,M,Import,124,Canada,2709,Crude Oil,247136593.0,657677202.0,657677202.0,2026-05-11T15:01:06.818209,2026-05-11T15:14:35.674066+00:00
2017,156,China,M,Import,458,Malaysia,2709,Crude Oil,2687924235.0,6587311100.0,6587311100.0,2026-05-11T15:01:06.818212,2026-05-11T15:14:35.674066+00:00
2017,156,China,M,Import,704,Vietnam,2709,Crude Oil,1019428263.0,2360431000.0,2360431000.0,2026-05-11T15:01:06.818215,2026-05-11T15:14:35.674066+00:00
2017,156,China,M,Import,360,Indonesia,2709,Crude Oil,611753861.0,1485246009.0,1485246009.0,2026-05-11T15:01:06.818218,2026-05-11T15:14:35.674066+00:00
2017,156,China,M,Import,764,Thailand,2709,Crude Oil,325334286.0,811382819.0,811382819.0,2026-05-11T15:01:06.818221,2026-05-11T15:14:35.674066+00:00
2017,156,China,M,Import,0,World,2709,Crude Oil,1818078773.0,4288361710.0,4288361710.0,2026-05-11T15:01:06.818224,2026-05-11T15:14:35.674066+00:00
2017,156,China,M,Import,12,Algeria,2709,Crude Oil,119243498.0,268733700.0,268733700.0,2026-05-11T15:01:06.818413,2026-05-11T15:14:35.674066+00:00
2017,156,China,M,Import,31,Unknown,2709,Crude Oil,173240773.0,416050000.0,416050000.0,2026-05-11T15:01:06.818416,2026-05-11T15:14:35.674066+00:00
2017,156,China,M,Import,24,Angola,2709,Crude Oil,18431931934.0,46265580000.0,46265580000.0,2026-05-11T15:01:06.818419,2026-05-11T15:14:35.674066+00:00
2017,156,China,M,Import,76,Brazil,2709,Crude Oil,3006557652.0,7321611000.0,7321611000.0,2026-05-11T15:01:06.818426,2026-05-11T15:14:35.674066+00:00
2017,156,China,M,Import,96,Unknown,2709,Crude Oil,228166923.0,552173000.0,552173000.0,2026-05-11T15:01:06.818429,2026-05-11T15:14:35.674066+00:00
2017,156,China,M,Import,120,Unknown,2709,Crude Oil,203997058.0,526948679.0,526948679.0,2026-05-11T15:01:06.818433,2026-05-11T15:14:35.674066+00:00
2017,156,China,M,Import,148,Unknown,2709,Crude Oil,106242120.0,269458000.0,269458000.0,2026-05-11T15:01:06.818436,2026-05-11T15:14:35.674066+00:00
2017,156,China,M,Import,170,Colombia,2709,Crude Oil,40966820.0,103548000.0,103548000.0,2026-05-11T15:01:06.818444,2026-05-11T15:14:35.674066+00:00
2014,156,China,RM,Export,156,China,3004,Medicines & Pharmaceuticals,496092.0,82267.0,82267.0,2026-05-11T15:01:09.745549,2026-05-11T15:14:35.674066+00:00
2014,156,China,RM,Export,0,World,3004,Medicines & Pharmaceuticals,496092.0,82267.0,82267.0,2026-05-11T15:01:09.745564,2026-05-11T15:14:35.674066+00:00
2014,156,China,X,Export,4,Afghanistan,3004,Medicines & Pharmaceuticals,4614183.0,922883.0,922883.0,2026-05-11T15:01:09.745568,2026-05-11T15:14:35.674066+00:00
2014,156,China,X,Export,466,Unknown,3004,Medicines & Pharmaceuticals,19482094.0,4339446.0,4339446.0,2026-05-11T15:01:09.745572,2026-05-11T15:14:35.674066+00:00
2014,156,China,X,Export,68,Bolivia,3004,Medicines & Pharmaceuticals,854167.0,133487.0,133487.0,2026-05-11T15:01:09.745575,2026-05-11T15:14:35.674066+00:00
2014,156,China,X,Export,112,Unknown,3004,Medicines & Pharmaceuticals,528446.0,21313.0,21313.0,2026-05-11T15:01:09.745579,2026-05-11T15:14:35.674066+00:00
2014,156,China,X,Export,591,Unknown,3004,Medicines & Pharmaceuticals,2760875.0,685221.0,685221.0,2026-05-11T15:01:09.745582,2026-05-11T15:14:35.674066+00:00
2014,156,China,X,Export,620,Portugal,3004,Medicines & Pharmaceuticals,1309139.0,50338.0,50338.0,2026-05-11T15:01:09.745591,2026-05-11T15:14:35.674066+00:00
2014,156,China,X,Export,752,Sweden,3004,Medicines & Pharmaceuticals,10477598.0,149064.0,149064.0,2026-05-11T15:01:09.745594,2026-05-11T15:14:35.674066+00:00
2014,156,China,X,Export,818,Egypt,3004,Medicines & Pharmaceuticals,7454580.0,460123.0,460123.0,2026-05-11T15:01:09.745597,2026-05-11T15:14:35.674066+00:00
2014,156,China,X,Export,586,Pakistan,3004,Medicines & Pharmaceuticals,50562687.0,9478182.0,9478182.0,2026-05-11T15:01:09.745600,2026-05-11T15:14:35.674066+00:00
2014,156,China,X,Export,56,Belgium,3004,Medicines & Pharmaceuticals,27660296.0,1346142.0,1346142.0,2026-05-11T15:01:09.745604,2026-05-11T15:14:35.674066+00:00
2014,156,China,X,Export,458,Malaysia,3004,Medicines & Pharmaceuticals,67918354.0,1813687.0,1813687.0,2026-05-11T15:01:09.745608,2026-05-11T15:14:35.674066+00:00
2014,156,China,X,Export,276,Germany,3004,Medicines & Pharmaceuticals,29677446.0,2037242.0,2037242.0,2026-05-11T15:01:09.745611,2026-05-11T15:14:35.674066+00:00
2014,156,China,X,Export,36,Australia,3004,Medicines & Pharmaceuticals,506363633.0,3257211.0,3257211.0,2026-05-11T15:01:09.745614,2026-05-11T15:14:35.674066+00:00
2014,156,China,X,Export,702,Unknown,3004,Medicines & Pharmaceuticals,32037118.0,639530.0,639530.0,2026-05-11T15:01:09.745618,2026-05-11T15:14:35.674066+00:00
2014,156,China,X,Export,0,World,3004,Medicines & Pharmaceuticals,2696238319.0,240760839.0,240760839.0,2026-05-11T15:01:09.745621,2026-05-11T15:14:35.674066+00:00
2014,156,China,X,Export,140,Unknown,3004,Medicines & Pharmaceuticals,424800.0,5896.0,5896.0,2026-05-11T15:01:09.745626,2026-05-11T15:14:35.674066+00:00
2014,156,China,X,Export,624,Unknown,3004,Medicines & Pharmaceuticals,221696.0,38922.0,38922.0,2026-05-11T15:01:09.745629,2026-05-11T15:14:35.674066+00:00
2014,156,China,X,Export,662,Unknown,3004,Medicines & Pharmaceuticals,396.0,92.0,92.0,2026-05-11T15:01:09.745632,2026-05-11T15:14:35.674066+00:00
2014,156,China,X,Export,442,Unknown,3004,Medicines & Pharmaceuticals,23577342.0,17791.0,17791.0,2026-05-11T15:01:09.745636,2026-05-11T15:14:35.674066+00:00
2014,156,China,X,Export,108,Unknown,3004,Medicines & Pharmaceuticals,2851296.0,404322.0,404322.0,2026-05-11T15:01:09.745639,2026-05-11T15:14:35.674066+00:00
2014,156,China,X,Export,728,Unknown,3004,Medicines & Pharmaceuticals,1373691.0,51779.0,51779.0,2026-05-11T15:01:09.745642,2026-05-11T15:14:35.674066+00:00
2014,156,China,X,Export,84,Unknown,3004,Medicines & Pharmaceuticals,274102.0,80459.0,80459.0,2026-05-11T15:01:09.745645,2026-05-11T15:14:35.674066+00:00
2014,156,China,X,Export,854,Unknown,3004,Medicines & Pharmaceuticals,4866601.0,767713.0,767713.0,2026-05-11T15:01:09.745648,2026-05-11T15:14:35.674066+00:00
2014,156,China,X,Export,174,Unknown,3004,Medicines & Pharmaceuticals,55881.0,6695.0,6695.0,2026-05-11T15:01:09.745652,2026-05-11T15:14:35.674066+00:00
2014,156,China,X,Export,776,Unknown,3004,Medicines & Pharmaceuticals,40166.0,2569.0,2569.0,2026-05-11T15:01:09.745655,2026-05-11T15:14:35.674066+00:00
2014,156,China,X,Export,531,Unknown,3004,Medicines & Pharmaceuticals,3791.0,489.0,489.0,2026-05-11T15:01:09.745660,2026-05-11T15:14:35.674066+00:00
2014,156,China,X,Export,807,Unknown,3004,Medicines & Pharmaceuticals,25791.0,2983.0,2983.0,2026-05-11T15:01:09.745663,2026-05-11T15:14:35.674066+00:00
2014,156,China,X,Export,52,Unknown,3004,Medicines & Pharmaceuticals,49887.0,4094.0,4094.0,2026-05-11T15:01:09.745666,2026-05-11T15:14:35.674066+00:00
2014,156,China,X,Export,275,Unknown,3004,Medicines & Pharmaceuticals,34434.0,5500.0,5500.0,2026-05-11T15:01:09.745670,2026-05-11T15:14:35.674066+00:00
2014,156,China,X,Export,426,Unknown,3004,Medicines & Pharmaceuticals,581362.0,41299.0,41299.0,2026-05-11T15:01:09.745673,2026-05-11T15:14:35.674066+00:00
2014,156,China,X,Export,44,Unknown,3004,Medicines & Pharmaceuticals,8177.0,602.0,602.0,2026-05-11T15:01:09.745676,2026-05-11T15:14:35.674066+00:00
2014,156,China,X,Export,132,Unknown,3004,Medicines & Pharmaceuticals,58.0,17.0,17.0,2026-05-11T15:01:09.745680,2026-05-11T15:14:35.674066+00:00
2014,156,China,X,Export,690,Unknown,3004,Medicines & Pharmaceuticals,4375.0,214.0,214.0,2026-05-11T15:01:09.745683,2026-05-11T15:14:35.674066+00:00
2014,156,China,X,Export,90,Unknown,3004,Medicines & Pharmaceuticals,662864.0,63890.0,63890.0,2026-05-11T15:01:09.745686,2026-05-11T15:14:35.674066+00:00
2014,156,China,X,Export,232,Unknown,3004,Medicines & Pharmaceuticals,109380.0,22333.0,22333.0,2026-05-11T15:01:09.745689,2026-05-11T15:14:35.674066+00:00
2014,156,China,X,Export,548,Unknown,3004,Medicines & Pharmaceuticals,10165.0,2040.0,2040.0,2026-05-11T15:01:09.745694,2026-05-11T15:14:35.674066+00:00
2014,156,China,X,Export,51,Unknown,3004,Medicines & Pharmaceuticals,145717.0,12732.0,12732.0,2026-05-11T15:01:09.745698,2026-05-11T15:14:35.674066+00:00
2014,156,China,X,Export,462,Unknown,3004,Medicines & Pharmaceuticals,7521.0,1674.0,1674.0,2026-05-11T15:01:09.745702,2026-05-11T15:14:35.674066+00:00
2014,156,China,X,Export,72,Unknown,3004,Medicines & Pharmaceuticals,5147.0,944.0,944.0,2026-05-11T15:01:09.745705,2026-05-11T15:14:35.674066+00:00
2014,156,China,X,Export,148,Unknown,3004,Medicines & Pharmaceuticals,6015425.0,1013309.0,1013309.0,2026-05-11T15:01:09.745709,2026-05-11T15:14:35.674066+00:00
2014,156,China,X,Export,646,Unknown,3004,Medicines & Pharmaceuticals,683569.0,85968.0,85968.0,2026-05-11T15:01:09.745712,2026-05-11T15:14:35.674066+00:00
2014,156,China,X,Export,498,Unknown,3004,Medicines & Pharmaceuticals,2342076.0,150221.0,150221.0,2026-05-11T15:01:09.745715,2026-05-11T15:14:35.674066+00:00
2014,156,China,X,Export,212,Unknown,3004,Medicines & Pharmaceuticals,9819.0,1074.0,1074.0,2026-05-11T15:01:09.745718,2026-05-11T15:14:35.674066+00:00
2014,156,China,X,Export,882,Unknown,3004,Medicines & Pharmaceuticals,26782.0,28920.0,28920.0,2026-05-11T15:01:09.745721,2026-05-11T15:14:35.674066+00:00
2014,156,China,X,Export,626,Unknown,3004,Medicines & Pharmaceuticals,155444.0,16746.0,16746.0,2026-05-11T15:01:09.745737,2026-05-11T15:14:35.674066+00:00
2014,156,China,X,Export,706,Unknown,3004,Medicines & Pharmaceuticals,10800950.0,2071496.0,2071496.0,2026-05-11T15:01:09.745743,2026-05-11T15:14:35.674066+00:00
2014,156,China,X,Export,270,Unknown,3004,Medicines & Pharmaceuticals,765422.0,147413.0,147413.0,2026-05-11T15:01:09.745747,2026-05-11T15:14:35.674066+00:00
2014,156,China,X,Export,328,Unknown,3004,Medicines & Pharmaceuticals,187674.0,11875.0,11875.0,2026-05-11T15:01:09.745750,2026-05-11T15:14:35.674066+00:00
2014,156,China,X,Export,740,Unknown,3004,Medicines & Pharmaceuticals,42053.0,5180.0,5180.0,2026-05-11T15:01:09.745753,2026-05-11T15:14:35.674066+00:00
2014,156,China,X,Export,558,Unknown,3004,Medicines & Pharmaceuticals,2892527.0,258867.0,258867.0,2026-05-11T15:01:09.745757,2026-05-11T15:14:35.674066+00:00
2014,156,China,X,Export,430,Unknown,3004,Medicines & Pharmaceuticals,3640958.0,762163.0,762163.0,2026-05-11T15:01:09.745760,2026-05-11T15:14:35.674066+00:00
2014,156,China,X,Export,524,Unknown,3004,Medicines & Pharmaceuticals,9556.0,845.0,845.0,2026-05-11T15:01:09.745763,2026-05-11T15:14:35.674066+00:00
2014,156,China,X,Export,562,Unknown,3004,Medicines & Pharmaceuticals,6019484.0,1321425.0,1321425.0,2026-05-11T15:01:09.745766,2026-05-11T15:14:35.674066+00:00
2014,156,China,X,Export,694,Unknown,3004,Medicines & Pharmaceuticals,8178794.0,1340190.0,1340190.0,2026-05-11T15:01:09.745769,2026-05-11T15:14:35.674066+00:00
2014,156,China,X,Export,454,Unknown,3004,Medicines & Pharmaceuticals,2383590.0,133292.0,133292.0,2026-05-11T15:01:09.745774,2026-05-11T15:14:35.674066+00:00
2014,156,China,X,Export,31,Unknown,3004,Medicines & Pharmaceuticals,619740.0,82417.0,82417.0,2026-05-11T15:01:09.745780,2026-05-11T15:14:35.674066+00:00
2014,156,China,X,Export,470,Unknown,3004,Medicines & Pharmaceuticals,4147.0,113.0,113.0,2026-05-11T15:01:09.745783,2026-05-11T15:14:35.674066+00:00
2014,156,China,X,Export,516,Unknown,3004,Medicines & Pharmaceuticals,14945.0,2273.0,2273.0,2026-05-11T15:01:09.745787,2026-05-11T15:14:35.674066+00:00
2014,156,China,X,Export,418,Unknown,3004,Medicines & Pharmaceuticals,1065895.0,145271.0,145271.0,2026-05-11T15:01:09.745790,2026-05-11T15:14:35.674066+00:00
2014,156,China,X,Export,478,Unknown,3004,Medicines & Pharmaceuticals,4226323.0,1163377.0,1163377.0,2026-05-11T15:01:09.745793,2026-05-11T15:14:35.674066+00:00
2014,156,China,X,Export,795,Unknown,3004,Medicines & Pharmaceuticals,11486362.0,2965558.0,2965558.0,2026-05-11T15:01:09.745796,2026-05-11T15:14:35.674066+00:00
2014,156,China,X,Export,800,Uganda,3004,Medicines & Pharmaceuticals,13389967.0,1233901.0,1233901.0,2026-05-11T15:01:09.745800,2026-05-11T15:14:35.674066+00:00
2014,156,China,X,Export,226,Unknown,3004,Medicines & Pharmaceuticals,686341.0,61491.0,61491.0,2026-05-11T15:01:09.745803,2026-05-11T15:14:35.674066+00:00
2014,156,China,X,Export,266,Unknown,3004,Medicines & Pharmaceuticals,438678.0,650230.0,650230.0,2026-05-11T15:01:09.745806,2026-05-11T15:14:35.674066+00:00
2014,156,China,X,Export,703,Unknown,3004,Medicines & Pharmaceuticals,1592620.0,68992.0,68992.0,2026-05-11T15:01:09.745809,2026-05-11T15:14:35.674066+00:00
2014,156,China,X,Export,324,Unknown,3004,Medicines & Pharmaceuticals,18346735.0,3730255.0,3730255.0,2026-05-11T15:01:09.745814,2026-05-11T15:14:35.674066+00:00
2014,156,China,X,Export,716,Zimbabwe,3004,Medicines & Pharmaceuticals,445337.0,52655.0,52655.0,2026-05-11T15:01:09.745817,2026-05-11T15:14:35.674066+00:00
2014,156,China,X,Export,388,Jamaica,3004,Medicines & Pharmaceuticals,2828.0,792.0,792.0,2026-05-11T15:01:09.745820,2026-05-11T15:14:35.674066+00:00
2014,156,China,X,Export,762,Unknown,3004,Medicines & Pharmaceuticals,3724952.0,1081943.0,1081943.0,2026-05-11T15:01:09.745823,2026-05-11T15:14:35.674066+00:00
2014,156,China,X,Export,688,Unknown,3004,Medicines & Pharmaceuticals,553041.0,14607.0,14607.0,2026-05-11T15:01:09.745826,2026-05-11T15:14:35.674066+00:00
2014,156,China,X,Export,894,Zambia,3004,Medicines & Pharmaceuticals,1303346.0,194852.0,194852.0,2026-05-11T15:01:09.745829,2026-05-11T15:14:35.674066+00:00
2014,156,China,X,Export,196,Cyprus,3004,Medicines & Pharmaceuticals,9571372.0,333868.0,333868.0,2026-05-11T15:01:09.745832,2026-05-11T15:14:35.674066+00:00
2014,156,China,X,Export,8,Albania,3004,Medicines & Pharmaceuticals,294632.0,27489.0,27489.0,2026-05-11T15:01:09.745835,2026-05-11T15:14:35.674066+00:00
2014,156,China,X,Export,780,Unknown,3004,Medicines & Pharmaceuticals,45701.0,4827.0,4827.0,2026-05-11T15:01:09.745838,2026-05-11T15:14:35.674066+00:00
2014,156,China,X,Export,242,Unknown,3004,Medicines & Pharmaceuticals,233966.0,49542.0,49542.0,2026-05-11T15:01:09.745842,2026-05-11T15:14:35.674066+00:00
2014,156,China,X,Export,768,Unknown,3004,Medicines & Pharmaceuticals,9231616.0,2426109.0,2426109.0,2026-05-11T15:01:09.745847,2026-05-11T15:14:35.674066+00:00
2014,156,China,X,Export,233,Unknown,3004,Medicines & Pharmaceuticals,13241.0,966.0,966.0,2026-05-11T15:01:09.745850,2026-05-11T15:14:35.674066+00:00
2014,156,China,X,Export,204,Unknown,3004,Medicines & Pharmaceuticals,14992014.0,5321286.0,5321286.0,2026-05-11T15:01:09.745853,2026-05-11T15:14:35.674066+00:00
2014,156,China,X,Export,340,Unknown,3004,Medicines & Pharmaceuticals,2839870.0,332148.0,332148.0,2026-05-11T15:01:09.745856,2026-05-11T15:14:35.674066+00:00
2014,156,China,X,Export,96,Unknown,3004,Medicines & Pharmaceuticals,46618.0,10634.0,10634.0,2026-05-11T15:01:09.745860,2026-05-11T15:14:35.674066+00:00
2014,156,China,X,Export,222,Unknown,3004,Medicines & Pharmaceuticals,2355366.0,227446.0,227446.0,2026-05-11T15:01:09.745863,2026-05-11T15:14:35.674066+00:00
2014,156,China,X,Export,178,Unknown,3004,Medicines & Pharmaceuticals,2275651.0,327895.0,327895.0,2026-05-11T15:01:09.745866,2026-05-11T15:14:35.674066+00:00
2014,156,China,X,Export,192,Unknown,3004,Medicines & Pharmaceuticals,10323370.0,1287928.0,1287928.0,2026-05-11T15:01:09.745869,2026-05-11T15:14:35.674066+00:00
2014,156,China,X,Export,600,Unknown,3004,Medicines & Pharmaceuticals,1285388.0,17818.0,17818.0,2026-05-11T15:01:09.745872,2026-05-11T15:14:35.674066+00:00
2014,156,China,X,Export,384,Unknown,3004,Medicines & Pharmaceuticals,2424504.0,699296.0,699296.0,2026-05-11T15:01:09.745875,2026-05-11T15:14:35.674066+00:00
2014,156,China,X,Export,598,Unknown,3004,Medicines & Pharmaceuticals,2881183.0,309941.0,309941.0,2026-05-11T15:01:09.745881,2026-05-11T15:14:35.674066+00:00
2014,156,China,X,Export,434,Unknown,3004,Medicines & Pharmaceuticals,473675.0,185220.0,185220.0,2026-05-11T15:01:09.745886,2026-05-11T15:14:35.674066+00:00
2014,156,China,X,Export,686,Unknown,3004,Medicines & Pharmaceuticals,8578425.0,1788852.0,1788852.0,2026-05-11T15:01:09.745890,2026-05-11T15:14:35.674066+00:00
2014,156,China,X,Export,40,Austria,3004,Medicines & Pharmaceuticals,2757302.0,32947.0,32947.0,2026-05-11T15:01:09.745893,2026-05-11T15:14:35.674066+00:00
2014,156,China,X,Export,417,Unknown,3004,Medicines & Pharmaceuticals,4494228.0,1475036.0,1475036.0,2026-05-11T15:01:09.745896,2026-05-11T15:14:35.674066+00:00
2014,156,China,X,Export,262,Unknown,3004,Medicines & Pharmaceuticals,8533697.0,1067545.0,1067545.0,2026-05-11T15:01:09.745899,2026-05-11T15:14:35.674066+00:00
2014,156,China,X,Export,450,Unknown,3004,Medicines & Pharmaceuticals,16847356.0,3256652.0,3256652.0,2026-05-11T15:01:09.745903,2026-05-11T15:14:35.674066+00:00
2014,156,China,X,Export,268,Unknown,3004,Medicines & Pharmaceuticals,1412002.0,162725.0,162725.0,2026-05-11T15:01:09.745906,2026-05-11T15:14:35.674066+00:00
2014,156,China,X,Export,512,Unknown,3004,Medicines & Pharmaceuticals,399275.0,40227.0,40227.0,2026-05-11T15:01:09.745910,2026-05-11T15:14:35.674066+00:00
2014,156,China,X,Export,191,Croatia,3004,Medicines & Pharmaceuticals,17429.0,951.0,951.0,2026-05-11T15:01:09.745913,2026-05-11T15:14:35.674066+00:00
2014,156,China,X,Export,372,Ireland,3004,Medicines & Pharmaceuticals,98635.0,2611.0,2611.0,2026-05-11T15:01:09.745918,2026-05-11T15:14:35.674066+00:00
2014,156,China,X,Export,579,Unknown,3004,Medicines & Pharmaceuticals,33596.0,2005.0,2005.0,2026-05-11T15:01:09.745921,2026-05-11T15:14:35.674066+00:00
2014,156,China,X,Export,120,Unknown,3004,Medicines & Pharmaceuticals,21589189.0,4393279.0,4393279.0,2026-05-11T15:01:09.745924,2026-05-11T15:14:35.674066+00:00
2014,156,China,X,Export,348,Unknown,3004,Medicines & Pharmaceuticals,3872599.0,291262.0,291262.0,2026-05-11T15:01:09.745927,2026-05-11T15:14:35.674066+00:00
2014,156,China,X,Export,634,Qatar,3004,Medicines & Pharmaceuticals,373487.0,13809.0,13809.0,2026-05-11T15:01:09.745930,2026-05-11T15:14:35.674066+00:00
2014,156,China,X,Export,705,Unknown,3004,Medicines & Pharmaceuticals,1999561.0,98274.0,98274.0,2026-05-11T15:01:09.745933,2026-05-11T15:14:35.674066+00:00
2014,156,China,X,Export,428,Unknown,3004,Medicines & Pharmaceuticals,2063234.0,69083.0,69083.0,2026-05-11T15:01:09.745936,2026-05-11T15:14:35.674066+00:00
2014,156,China,X,Export,887,Yemen,3004,Medicines & Pharmaceuticals,8423842.0,2698598.0,2698598.0,2026-05-11T15:01:09.745939,2026-05-11T15:14:35.674066+00:00
2014,156,China,X,Export,788,Unknown,3004,Medicines & Pharmaceuticals,22883.0,6213.0,6213.0,2026-05-11T15:01:09.745943,2026-05-11T15:14:35.674066+00:00
2014,156,China,X,Export,188,Unknown,3004,Medicines & Pharmaceuticals,3903539.0,363910.0,363910.0,2026-05-11T15:01:09.745946,2026-05-11T15:14:35.674066+00:00
2014,156,China,X,Export,757,Unknown,3004,Medicines & Pharmaceuticals,3773283.0,51236.0,51236.0,2026-05-11T15:01:09.745951,2026-05-11T15:14:35.674066+00:00
2014,156,China,X,Export,760,Unknown,3004,Medicines & Pharmaceuticals,1873307.0,246468.0,246468.0,2026-05-11T15:01:09.745957,2026-05-11T15:14:35.674066+00:00
2014,156,China,X,Export,508,Unknown,3004,Medicines & Pharmaceuticals,5612318.0,2414754.0,2414754.0,2026-05-11T15:01:09.745961,2026-05-11T15:14:35.674066+00:00
2014,156,China,X,Export,480,Unknown,3004,Medicines & Pharmaceuticals,220927.0,33271.0,33271.0,2026-05-11T15:01:09.745964,2026-05-11T15:14:35.674066+00:00
2014,156,China,X,Export,729,Unknown,3004,Medicines & Pharmaceuticals,24628988.0,2030873.0,2030873.0,2026-05-11T15:01:09.745968,2026-05-11T15:14:35.674066+00:00
2014,156,China,X,Export,496,Unknown,3004,Medicines & Pharmaceuticals,2349245.0,707095.0,707095.0,2026-05-11T15:01:09.745971,2026-05-11T15:14:35.674066+00:00
2014,156,China,X,Export,214,Unknown,3004,Medicines & Pharmaceuticals,8391471.0,1187641.0,1187641.0,2026-05-11T15:01:09.745975,2026-05-11T15:14:35.674066+00:00
2014,156,China,X,Export,180,Unknown,3004,Medicines & Pharmaceuticals,36831003.0,5185646.0,5185646.0,2026-05-11T15:01:09.745978,2026-05-11T15:14:35.674066+00:00
2014,156,China,X,Export,246,Finland,3004,Medicines & Pharmaceuticals,2091835.0,1078450.0,1078450.0,2026-05-11T15:01:09.745982,2026-05-11T15:14:35.674066+00:00
2014,156,China,X,Export,231,Ethiopia,3004,Medicines & Pharmaceuticals,12788897.0,1959646.0,1959646.0,2026-05-11T15:01:09.745985,2026-05-11T15:14:35.674066+00:00
2014,156,China,X,Export,100,Bulgaria,3004,Medicines & Pharmaceuticals,1860590.0,93464.0,93464.0,2026-05-11T15:01:09.745992,2026-05-11T15:14:35.674066+00:00
2014,156,China,X,Export,203,Czech Republic,3004,Medicines & Pharmaceuticals,1356708.0,99346.0,99346.0,2026-05-11T15:01:09.745995,2026-05-11T15:14:35.674066+00:00
2014,156,China,X,Export,858,Unknown,3004,Medicines & Pharmaceuticals,359561.0,14869.0,14869.0,2026-05-11T15:01:09.745998,2026-05-11T15:14:35.674066+00:00
2014,156,China,X,Export,208,Denmark,3004,Medicines & Pharmaceuticals,52804082.0,259845.0,259845.0,2026-05-11T15:01:09.746002,2026-05-11T15:14:35.674066+00:00
2014,156,China,X,Export,320,Unknown,3004,Medicines & Pharmaceuticals,5597770.0,559093.0,559093.0,2026-05-11T15:01:09.746004,2026-05-11T15:14:35.674066+00:00
2014,156,China,X,Export,440,Unknown,3004,Medicines & Pharmaceuticals,1197911.0,110158.0,110158.0,2026-05-11T15:01:09.746008,2026-05-11T15:14:35.674066+00:00
2014,156,China,X,Export,368,Iraq,3004,Medicines & Pharmaceuticals,5480048.0,682183.0,682183.0,2026-05-11T15:01:09.746011,2026-05-11T15:14:35.674066+00:00
2014,156,China,X,Export,446,Unknown,3004,Medicines & Pharmaceuticals,2608265.0,537556.0,537556.0,2026-05-11T15:01:09.746014,2026-05-11T15:14:35.674066+00:00
2014,156,China,X,Export,414,Kuwait,3004,Medicines & Pharmaceuticals,335388.0,88084.0,88084.0,2026-05-11T15:01:09.746017,2026-05-11T15:14:35.674066+00:00
2014,156,China,X,Export,504,Morocco,3004,Medicines & Pharmaceuticals,229013.0,40538.0,40538.0,2026-05-11T15:01:09.746020,2026-05-11T15:14:35.674066+00:00
2014,156,China,X,Export,642,Romania,3004,Medicines & Pharmaceuticals,5509970.0,222634.0,222634.0,2026-05-11T15:01:09.746025,2026-05-11T15:14:35.674066+00:00
2014,156,China,X,Export,116,Cambodia,3004,Medicines & Pharmaceuticals,8831331.0,4362417.0,4362417.0,2026-05-11T15:01:09.746028,2026-05-11T15:14:35.674066+00:00
2014,156,China,X,Export,860,Unknown,3004,Medicines & Pharmaceuticals,11977808.0,3950860.0,3950860.0,2026-05-11T15:01:09.746031,2026-05-11T15:14:35.674066+00:00
2014,156,China,X,Export,288,Ghana,3004,Medicines & Pharmaceuticals,10656672.0,1437491.0,1437491.0,2026-05-11T15:01:09.746034,2026-05-11T15:14:35.674066+00:00
2014,156,China,X,Export,834,Unknown,3004,Medicines & Pharmaceuticals,17503751.0,2280467.0,2280467.0,2026-05-11T15:01:09.746037,2026-05-11T15:14:35.674066+00:00
2014,156,China,X,Export,862,Unknown,3004,Medicines & Pharmaceuticals,1300365.0,171914.0,171914.0,2026-05-11T15:01:09.746040,2026-05-11T15:14:35.674066+00:00
2014,156,China,X,Export,422,Lebanon,3004,Medicines & Pharmaceuticals,751146.0,30096.0,30096.0,2026-05-11T15:01:09.746043,2026-05-11T15:14:35.674066+00:00
2014,156,China,X,Export,300,Greece,3004,Medicines & Pharmaceuticals,3918403.0,36307.0,36307.0,2026-05-11T15:01:09.746046,2026-05-11T15:14:35.674066+00:00
2014,156,China,X,Export,12,Algeria,3004,Medicines & Pharmaceuticals,4004720.0,207673.0,207673.0,2026-05-11T15:01:09.746049,2026-05-11T15:14:35.674066+00:00
2014,156,China,X,Export,308,Unknown,3004,Medicines & Pharmaceuticals,278.0,35.0,35.0,2026-05-11T15:01:09.746052,2026-05-11T15:14:35.674066+00:00
2014,156,China,X,Export,218,Ecuador,3004,Medicines & Pharmaceuticals,629046.0,83476.0,83476.0,2026-05-11T15:01:09.746057,2026-05-11T15:14:35.674066+00:00
2014,156,China,X,Export,24,Angola,3004,Medicines & Pharmaceuticals,25811015.0,4743923.0,4743923.0,2026-05-11T15:01:09.746060,2026-05-11T15:14:35.674066+00:00
2014,156,China,X,Export,400,Jordan,3004,Medicines & Pharmaceuticals,14267722.0,2159371.0,2159371.0,2026-05-11T15:01:09.746063,2026-05-11T15:14:35.674066+00:00
2014,156,China,X,Export,404,Kenya,3004,Medicines & Pharmaceuticals,25525726.0,3688562.0,3688562.0,2026-05-11T15:01:09.746066,2026-05-11T15:14:35.674066+00:00
2014,156,China,X,Export,398,Kazakhstan,3004,Medicines & Pharmaceuticals,5700037.0,4784238.0,4784238.0,2026-05-11T15:01:09.746069,2026-05-11T15:14:35.674066+00:00
2014,156,China,X,Export,604,Peru,3004,Medicines & Pharmaceuticals,20311874.0,1705005.0,1705005.0,2026-05-11T15:01:09.746072,2026-05-11T15:14:35.674066+00:00
2014,156,China,X,Export,32,Argentina,3004,Medicines & Pharmaceuticals,1201273.0,153318.0,153318.0,2026-05-11T15:01:09.746075,2026-05-11T15:14:35.674066+00:00
2014,156,China,X,Export,804,Ukraine,3004,Medicines & Pharmaceuticals,2805864.0,2268326.0,2268326.0,2026-05-11T15:01:09.746078,2026-05-11T15:14:35.674066+00:00
2014,156,China,X,Export,170,Colombia,3004,Medicines & Pharmaceuticals,15419810.0,527842.0,527842.0,2026-05-11T15:01:09.746081,2026-05-11T15:14:35.674066+00:00
2014,156,China,X,Export,144,Sri Lanka,3004,Medicines & Pharmaceuticals,4164820.0,4676088.0,4676088.0,2026-05-11T15:01:09.746084,2026-05-11T15:14:35.674066+00:00
2014,156,China,X,Export,104,Unknown,3004,Medicines & Pharmaceuticals,36263719.0,12283132.0,12283132.0,2026-05-11T15:01:09.746089,2026-05-11T15:14:35.674066+00:00
2014,156,China,X,Export,616,Poland,3004,Medicines & Pharmaceuticals,585480.0,18346.0,18346.0,2026-05-11T15:01:09.746093,2026-05-11T15:14:35.674066+00:00
2014,156,China,X,Export,376,Israel,3004,Medicines & Pharmaceuticals,39053.0,42501.0,42501.0,2026-05-11T15:01:09.746096,2026-05-11T15:14:35.674066+00:00
2014,156,China,X,Export,566,Nigeria,3004,Medicines & Pharmaceuticals,114063805.0,15156820.0,15156820.0,2026-05-11T15:01:09.746099,2026-05-11T15:14:35.674066+00:00
2014,156,China,X,Export,554,New Zealand,3004,Medicines & Pharmaceuticals,20452758.0,436479.0,436479.0,2026-05-11T15:01:09.746102,2026-05-11T15:14:35.674066+00:00
2014,156,China,X,Export,408,North Korea,3004,Medicines & Pharmaceuticals,22393177.0,12376934.0,12376934.0,2026-05-11T15:01:09.746107,2026-05-11T15:14:35.674066+00:00
2014,156,China,X,Export,682,Saudi Arabia,3004,Medicines & Pharmaceuticals,2565866.0,241248.0,241248.0,2026-05-11T15:01:09.746111,2026-05-11T15:14:35.674066+00:00
2014,156,China,X,Export,152,Chile,3004,Medicines & Pharmaceuticals,10642598.0,1366597.0,1366597.0,2026-05-11T15:01:09.746114,2026-05-11T15:14:35.674066+00:00
2014,156,China,X,Export,50,Bangladesh,3004,Medicines & Pharmaceuticals,2148312.0,324468.0,324468.0,2026-05-11T15:01:09.746117,2026-05-11T15:14:35.674066+00:00
2014,156,China,X,Export,251,Unknown,3004,Medicines & Pharmaceuticals,44812290.0,1095869.0,1095869.0,2026-05-11T15:01:09.746120,2026-05-11T15:14:35.674066+00:00
2014,156,China,X,Export,484,Mexico,3004,Medicines & Pharmaceuticals,8011948.0,286918.0,286918.0,2026-05-11T15:01:09.746125,2026-05-11T15:14:35.674066+00:00
2014,156,China,X,Export,724,Spain,3004,Medicines & Pharmaceuticals,4165803.0,97836.0,97836.0,2026-05-11T15:01:09.746130,2026-05-11T15:14:35.674066+00:00
2014,156,China,X,Export,364,Iran,3004,Medicines & Pharmaceuticals,4647518.0,831035.0,831035.0,2026-05-11T15:01:09.746133,2026-05-11T15:14:35.674066+00:00
2014,156,China,X,Export,76,Brazil,3004,Medicines & Pharmaceuticals,18388872.0,4333245.0,4333245.0,2026-05-11T15:01:09.746137,2026-05-11T15:14:35.674066+00:00
2014,156,China,X,Export,784,UAE,3004,Medicines & Pharmaceuticals,8755407.0,1215362.0,1215362.0,2026-05-11T15:01:09.746140,2026-05-11T15:14:35.674066+00:00
2014,156,China,X,Export,792,Turkey,3004,Medicines & Pharmaceuticals,7715807.0,899127.0,899127.0,2026-05-11T15:01:09.746143,2026-05-11T15:14:35.674066+00:00
2014,156,China,X,Export,710,South Africa,3004,Medicines & Pharmaceuticals,11209676.0,449949.0,449949.0,2026-05-11T15:01:09.746146,2026-05-11T15:14:35.674066+00:00
2014,156,China,X,Export,528,Netherlands,3004,Medicines & Pharmaceuticals,80973003.0,3322996.0,3322996.0,2026-05-11T15:01:09.746149,2026-05-11T15:14:35.674066+00:00
2014,156,China,X,Export,608,Philippines,3004,Medicines & Pharmaceuticals,47625800.0,8416425.0,8416425.0,2026-05-11T15:01:09.746152,2026-05-11T15:14:35.674066+00:00
2014,156,China,X,Export,380,Italy,3004,Medicines & Pharmaceuticals,673506.0,30305.0,30305.0,2026-05-11T15:01:09.746155,2026-05-11T15:14:35.674066+00:00
2014,156,China,X,Export,826,United Kingdom,3004,Medicines & Pharmaceuticals,77943925.0,2306344.0,2306344.0,2026-05-11T15:01:09.746160,2026-05-11T15:14:35.674066+00:00
2014,156,China,X,Export,124,Canada,3004,Medicines & Pharmaceuticals,11499378.0,970065.0,970065.0,2026-05-11T15:01:09.746163,2026-05-11T15:14:35.674066+00:00
2014,156,China,X,Export,699,Unknown,3004,Medicines & Pharmaceuticals,15779971.0,1800311.0,1800311.0,2026-05-11T15:01:09.746166,2026-05-11T15:14:35.674066+00:00
2014,156,China,X,Export,643,Russia,3004,Medicines & Pharmaceuticals,18682757.0,1931691.0,1931691.0,2026-05-11T15:01:09.746170,2026-05-11T15:14:35.674066+00:00
2014,156,China,X,Export,360,Indonesia,3004,Medicines & Pharmaceuticals,27170926.0,3567817.0,3567817.0,2026-05-11T15:01:09.746173,2026-05-11T15:14:35.674066+00:00
2014,156,China,X,Export,704,Vietnam,3004,Medicines & Pharmaceuticals,44935882.0,9917667.0,9917667.0,2026-05-11T15:01:09.746176,2026-05-11T15:14:35.674066+00:00
2014,156,China,X,Export,490,Unknown,3004,Medicines & Pharmaceuticals,1677594.0,180995.0,180995.0,2026-05-11T15:01:09.746179,2026-05-11T15:14:35.674066+00:00
2014,156,China,X,Export,764,Thailand,3004,Medicines & Pharmaceuticals,50255470.0,5807734.0,5807734.0,2026-05-11T15:01:09.746182,2026-05-11T15:14:35.674066+00:00
2014,156,China,X,Export,392,Japan,3004,Medicines & Pharmaceuticals,30660339.0,800531.0,800531.0,2026-05-11T15:01:09.746185,2026-05-11T15:14:35.674066+00:00
2014,156,China,X,Export,344,Unknown,3004,Medicines & Pharmaceuticals,201834314.0,14398706.0,14398706.0,2026-05-11T15:01:09.746188,2026-05-11T15:14:35.674066+00:00
2014,156,China,X,Export,842,Unknown,3004,Medicines & Pharmaceuticals,108572747.0,6864530.0,6864530.0,2026-05-11T15:01:09.746193,2026-05-11T15:14:35.674066+00:00
2014,156,China,X,Export,410,South Korea,3004,Medicines & Pharmaceuticals,266608715.0,1125375.0,1125375.0,2026-05-11T15:01:09.746196,2026-05-11T15:14:35.674066+00:00
2014,156,China,X,Export,48,Unknown,3004,Medicines & Pharmaceuticals,580.0,200.0,200.0,2026-05-11T15:01:09.746199,2026-05-11T15:14:35.674066+00:00
2014,156,China,M,Import,191,Croatia,3004,Medicines & Pharmaceuticals,1790085.0,3755.0,3755.0,2026-05-11T15:01:09.746202,2026-05-11T15:14:35.674066+00:00
2014,156,China,M,Import,554,New Zealand,3004,Medicines & Pharmaceuticals,215698.0,1398.0,1398.0,2026-05-11T15:01:09.746206,2026-05-11T15:14:35.674066+00:00
2014,156,China,M,Import,372,Ireland,3004,Medicines & Pharmaceuticals,220393481.0,405878.0,405878.0,2026-05-11T15:01:09.746209,2026-05-11T15:14:35.674066+00:00
2014,156,China,M,Import,348,Unknown,3004,Medicines & Pharmaceuticals,45337336.0,225200.0,225200.0,2026-05-11T15:01:09.746212,2026-05-11T15:14:35.674066+00:00
2014,156,China,M,Import,246,Finland,3004,Medicines & Pharmaceuticals,55037313.0,29022.0,29022.0,2026-05-11T15:01:09.746214,2026-05-11T15:14:35.674066+00:00
2014,156,China,M,Import,484,Mexico,3004,Medicines & Pharmaceuticals,4025696.0,568708.0,568708.0,2026-05-11T15:01:09.746217,2026-05-11T15:14:35.674066+00:00
2014,156,China,M,Import,36,Australia,3004,Medicines & Pharmaceuticals,375662701.0,550026.0,550026.0,2026-05-11T15:01:09.746220,2026-05-11T15:14:35.674066+00:00
2014,156,China,M,Import,528,Netherlands,3004,Medicines & Pharmaceuticals,188135002.0,2633628.0,2633628.0,2026-05-11T15:01:09.746225,2026-05-11T15:14:35.674066+00:00
2014,156,China,M,Import,724,Spain,3004,Medicines & Pharmaceuticals,216648156.0,1612859.0,1612859.0,2026-05-11T15:01:09.746228,2026-05-11T15:14:35.674066+00:00
2014,156,China,M,Import,56,Belgium,3004,Medicines & Pharmaceuticals,313881304.0,1722904.0,1722904.0,2026-05-11T15:01:09.746231,2026-05-11T15:14:35.674066+00:00
2014,156,China,M,Import,752,Sweden,3004,Medicines & Pharmaceuticals,791870321.0,1932406.0,1932406.0,2026-05-11T15:01:09.746234,2026-05-11T15:14:35.674066+00:00
2014,156,China,M,Import,764,Thailand,3004,Medicines & Pharmaceuticals,5409121.0,339711.0,339711.0,2026-05-11T15:01:09.746237,2026-05-11T15:14:35.674066+00:00
2014,156,China,M,Import,124,Canada,3004,Medicines & Pharmaceuticals,75687209.0,203050.0,203050.0,2026-05-11T15:01:09.746240,2026-05-11T15:14:35.674066+00:00
2014,156,China,M,Import,380,Italy,3004,Medicines & Pharmaceuticals,1596732855.0,4189540.0,4189540.0,2026-05-11T15:01:09.746243,2026-05-11T15:14:35.674066+00:00
2014,156,China,M,Import,251,Unknown,3004,Medicines & Pharmaceuticals,1086029316.0,3745103.0,3745103.0,2026-05-11T15:01:09.746246,2026-05-11T15:14:35.674066+00:00
2014,156,China,M,Import,826,United Kingdom,3004,Medicines & Pharmaceuticals,980241937.0,1131280.0,1131280.0,2026-05-11T15:01:09.746249,2026-05-11T15:14:35.674066+00:00
2014,156,China,M,Import,276,Germany,3004,Medicines & Pharmaceuticals,2430677571.0,8820561.0,8820561.0,2026-05-11T15:01:09.746252,2026-05-11T15:14:35.674066+00:00
2014,156,China,M,Import,392,Japan,3004,Medicines & Pharmaceuticals,584202499.0,2754933.0,2754933.0,2026-05-11T15:01:09.746257,2026-05-11T15:14:35.674066+00:00
2014,156,China,M,Import,842,Unknown,3004,Medicines & Pharmaceuticals,1250744595.0,4364823.0,4364823.0,2026-05-11T15:01:09.746260,2026-05-11T15:14:35.674066+00:00
2014,156,China,M,Import,400,Jordan,3004,Medicines & Pharmaceuticals,113058.0,11268.0,11268.0,2026-05-11T15:01:09.746263,2026-05-11T15:14:35.674066+00:00
2014,156,China,M,Import,196,Cyprus,3004,Medicines & Pharmaceuticals,50749486.0,681312.0,681312.0,2026-05-11T15:01:09.746266,2026-05-11T15:14:35.674066+00:00
2014,156,China,M,Import,352,Unknown,3004,Medicines & Pharmaceuticals,602896.0,1394.0,1394.0,2026-05-11T15:01:09.746269,2026-05-11T15:14:35.674066+00:00
2014,156,China,M,Import,620,Portugal,3004,Medicines & Pharmaceuticals,372.0,1.0,1.0,2026-05-11T15:01:09.746272,2026-05-11T15:14:35.674066+00:00
2014,156,China,M,Import,458,Malaysia,3004,Medicines & Pharmaceuticals,22.0,0.0,0.0,2026-05-11T15:01:09.746276,2026-05-11T15:14:35.674066+00:00
2014,156,China,M,Import,0,World,3004,Medicines & Pharmaceuticals,12843114200.0,80436745.0,80436745.0,2026-05-11T15:01:09.746279,2026-05-11T15:14:35.674066+00:00
2014,156,China,M,Import,408,North Korea,3004,Medicines & Pharmaceuticals,11251.0,3584.0,3584.0,2026-05-11T15:01:09.746282,2026-05-11T15:14:35.674066+00:00
2014,156,China,M,Import,100,Bulgaria,3004,Medicines & Pharmaceuticals,593886.0,12208.0,12208.0,2026-05-11T15:01:09.746285,2026-05-11T15:14:35.674066+00:00
2014,156,China,M,Import,818,Egypt,3004,Medicines & Pharmaceuticals,1367760.0,12052.0,12052.0,2026-05-11T15:01:09.746289,2026-05-11T15:14:35.674066+00:00
2014,156,China,M,Import,50,Bangladesh,3004,Medicines & Pharmaceuticals,174222.0,1910.0,1910.0,2026-05-11T15:01:09.746292,2026-05-11T15:14:35.674066+00:00
2014,156,China,M,Import,300,Greece,3004,Medicines & Pharmaceuticals,16836600.0,102284.0,102284.0,2026-05-11T15:01:09.746297,2026-05-11T15:14:35.674066+00:00
2014,156,China,M,Import,32,Argentina,3004,Medicines & Pharmaceuticals,64674224.0,556103.0,556103.0,2026-05-11T15:01:09.746300,2026-05-11T15:14:35.674066+00:00
2014,156,China,M,Import,705,Unknown,3004,Medicines & Pharmaceuticals,1751980.0,6199.0,6199.0,2026-05-11T15:01:09.746303,2026-05-11T15:14:35.674066+00:00
2014,156,China,M,Import,642,Romania,3004,Medicines & Pharmaceuticals,307083.0,1185.0,1185.0,2026-05-11T15:01:09.746306,2026-05-11T15:14:35.674066+00:00
2014,156,China,M,Import,376,Israel,3004,Medicines & Pharmaceuticals,9809478.0,56992.0,56992.0,2026-05-11T15:01:09.746309,2026-05-11T15:14:35.674066+00:00
2014,156,China,M,Import,579,Unknown,3004,Medicines & Pharmaceuticals,11915418.0,244413.0,244413.0,2026-05-11T15:01:09.746312,2026-05-11T15:14:35.674066+00:00
2014,156,China,M,Import,710,South Africa,3004,Medicines & Pharmaceuticals,79199829.0,1220035.0,1220035.0,2026-05-11T15:01:09.746317,2026-05-11T15:14:35.674066+00:00
2014,156,China,M,Import,208,Denmark,3004,Medicines & Pharmaceuticals,499146396.0,858591.0,858591.0,2026-05-11T15:01:09.746320,2026-05-11T15:14:35.674066+00:00
2014,156,China,M,Import,792,Turkey,3004,Medicines & Pharmaceuticals,210517.0,2008.0,2008.0,2026-05-11T15:01:09.746324,2026-05-11T15:14:35.674066+00:00
2014,156,China,M,Import,757,Unknown,3004,Medicines & Pharmaceuticals,907827071.0,427100.0,427100.0,2026-05-11T15:01:09.746327,2026-05-11T15:14:35.674066+00:00
2014,156,China,M,Import,76,Brazil,3004,Medicines & Pharmaceuticals,144802026.0,369257.0,369257.0,2026-05-11T15:01:09.746330,2026-05-11T15:14:35.674066+00:00
2014,156,China,M,Import,616,Poland,3004,Medicines & Pharmaceuticals,33218941.0,70662.0,70662.0,2026-05-11T15:01:09.746333,2026-05-11T15:14:35.674066+00:00
2014,156,China,M,Import,40,Austria,3004,Medicines & Pharmaceuticals,137112990.0,615297.0,615297.0,2026-05-11T15:01:09.746336,2026-05-11T15:14:35.674066+00:00
2014,156,China,M,Import,704,Vietnam,3004,Medicines & Pharmaceuticals,92010.0,15040.0,15040.0,2026-05-11T15:01:09.746339,2026-05-11T15:14:35.674066+00:00
2014,156,China,M,Import,702,Unknown,3004,Medicines & Pharmaceuticals,5535662.0,72477.0,72477.0,2026-05-11T15:01:09.746342,2026-05-11T15:14:35.674066+00:00
2014,156,China,M,Import,344,Unknown,3004,Medicines & Pharmaceuticals,427334437.0,37363657.0,37363657.0,2026-05-11T15:01:09.746345,2026-05-11T15:14:35.674066+00:00
2014,156,China,M,Import,156,China,3004,Medicines & Pharmaceuticals,496092.0,82267.0,82267.0,2026-05-11T15:01:09.746348,2026-05-11T15:14:35.674066+00:00
2014,156,China,M,Import,699,Unknown,3004,Medicines & Pharmaceuticals,13402512.0,97446.0,97446.0,2026-05-11T15:01:09.746351,2026-05-11T15:14:35.674066+00:00
2014,156,China,M,Import,428,Unknown,3004,Medicines & Pharmaceuticals,45061.0,100.0,100.0,2026-05-11T15:01:09.746357,2026-05-11T15:14:35.674066+00:00
2014,156,China,M,Import,490,Unknown,3004,Medicines & Pharmaceuticals,134524419.0,873778.0,873778.0,2026-05-11T15:01:09.746360,2026-05-11T15:14:35.674066+00:00
2014,156,China,M,Import,410,South Korea,3004,Medicines & Pharmaceuticals,78536215.0,1443341.0,1443341.0,2026-05-11T15:01:09.746363,2026-05-11T15:14:35.674066+00:00
2014,156,China,M,Import,203,Czech Republic,3004,Medicines & Pharmaceuticals,90.0,1.0,1.0,2026-05-11T15:01:09.746366,2026-05-11T15:14:35.674066+00:00
2015,156,China,M,Import,0,World,3004,Medicines & Pharmaceuticals,453337976.0,2204966.233,2204966.233,2026-05-11T15:01:09.746370,2026-05-11T15:14:35.674066+00:00
2015,156,China,M,Import,32,Argentina,3004,Medicines & Pharmaceuticals,63389582.0,584994.364,584994.364,2026-05-11T15:01:09.746395,2026-05-11T15:14:35.674066+00:00
2015,156,China,M,Import,804,Ukraine,3004,Medicines & Pharmaceuticals,360000.0,1863.627,1863.627,2026-05-11T15:01:09.746397,2026-05-11T15:14:35.674066+00:00
2015,156,China,M,Import,710,South Africa,3004,Medicines & Pharmaceuticals,67744502.0,1308299.145,1308299.145,2026-05-11T15:01:09.746400,2026-05-11T15:14:35.674066+00:00
2015,156,China,M,Import,372,Ireland,3004,Medicines & Pharmaceuticals,277770462.0,716415.059,716415.059,2026-05-11T15:01:09.746403,2026-05-11T15:14:35.674066+00:00
2015,156,China,M,Import,36,Australia,3004,Medicines & Pharmaceuticals,471634209.0,733565.167,733565.167,2026-05-11T15:01:09.746406,2026-05-11T15:14:35.674066+00:00
2015,156,China,M,Import,702,Unknown,3004,Medicines & Pharmaceuticals,37905175.0,137623.078,137623.078,2026-05-11T15:01:09.746410,2026-05-11T15:14:35.674066+00:00
2015,156,China,M,Import,528,Netherlands,3004,Medicines & Pharmaceuticals,249642555.0,3077797.895,3077797.895,2026-05-11T15:01:09.746413,2026-05-11T15:14:35.674066+00:00
2015,156,China,M,Import,699,Unknown,3004,Medicines & Pharmaceuticals,15558696.0,105274.17,105274.17,2026-05-11T15:01:09.746416,2026-05-11T15:14:35.674066+00:00
2015,156,China,M,Import,757,Unknown,3004,Medicines & Pharmaceuticals,471034106.0,507642.122,507642.122,2026-05-11T15:01:09.746420,2026-05-11T15:14:35.674066+00:00
2015,156,China,M,Import,380,Italy,3004,Medicines & Pharmaceuticals,1472532420.0,3636404.896,3636404.896,2026-05-11T15:01:09.746423,2026-05-11T15:14:35.674066+00:00
2015,156,China,M,Import,251,Unknown,3004,Medicines & Pharmaceuticals,1220659053.0,5321894.529,5321894.529,2026-05-11T15:01:09.746426,2026-05-11T15:14:35.674066+00:00
2015,156,China,M,Import,826,United Kingdom,3004,Medicines & Pharmaceuticals,1022722933.0,1466419.086,1466419.086,2026-05-11T15:01:09.746429,2026-05-11T15:14:35.674066+00:00
2015,156,China,M,Import,392,Japan,3004,Medicines & Pharmaceuticals,545550320.0,2812035.233,2812035.233,2026-05-11T15:01:09.746432,2026-05-11T15:14:35.674066+00:00
2015,156,China,M,Import,276,Germany,3004,Medicines & Pharmaceuticals,2851547895.0,10240101.187,10240101.187,2026-05-11T15:01:09.746435,2026-05-11T15:14:35.674066+00:00
2015,156,China,M,Import,842,Unknown,3004,Medicines & Pharmaceuticals,1346280012.0,4633708.304,4633708.304,2026-05-11T15:01:09.746438,2026-05-11T15:14:35.674066+00:00
2015,156,China,M,Import,191,Croatia,3004,Medicines & Pharmaceuticals,3234299.0,6582.0,6582.0,2026-05-11T15:01:09.746444,2026-05-11T15:14:35.674066+00:00
2015,156,China,M,Import,196,Cyprus,3004,Medicines & Pharmaceuticals,37579190.0,545987.0,545987.0,2026-05-11T15:01:09.746447,2026-05-11T15:14:35.674066+00:00
2015,156,China,M,Import,428,Unknown,3004,Medicines & Pharmaceuticals,39082.0,110.0,110.0,2026-05-11T15:01:09.746451,2026-05-11T15:14:35.674066+00:00
2015,156,China,M,Import,50,Bangladesh,3004,Medicines & Pharmaceuticals,66148.0,799.0,799.0,2026-05-11T15:01:09.746455,2026-05-11T15:14:35.674066+00:00
2015,156,China,M,Import,100,Bulgaria,3004,Medicines & Pharmaceuticals,469363.0,15336.0,15336.0,2026-05-11T15:01:09.746457,2026-05-11T15:14:35.674066+00:00
2015,156,China,M,Import,300,Greece,3004,Medicines & Pharmaceuticals,3960708.0,24916.0,24916.0,2026-05-11T15:01:09.746462,2026-05-11T15:14:35.674066+00:00
2015,156,China,M,Import,442,Unknown,3004,Medicines & Pharmaceuticals,14851.0,44.0,44.0,2026-05-11T15:01:09.746465,2026-05-11T15:14:35.674066+00:00
2015,156,China,M,Import,724,Spain,3004,Medicines & Pharmaceuticals,81039.0,90.0,90.0,2026-05-11T15:01:09.746468,2026-05-11T15:14:35.674066+00:00
2015,156,China,M,Import,376,Israel,3004,Medicines & Pharmaceuticals,15269944.0,85171.0,85171.0,2026-05-11T15:01:09.746477,2026-05-11T15:14:35.674066+00:00
2015,156,China,M,Import,554,New Zealand,3004,Medicines & Pharmaceuticals,425121.0,3193.0,3193.0,2026-05-11T15:01:09.746488,2026-05-11T15:14:35.674066+00:00
2015,156,China,M,Import,579,Unknown,3004,Medicines & Pharmaceuticals,10283.0,49.0,49.0,2026-05-11T15:01:09.746494,2026-05-11T15:14:35.674066+00:00
2015,156,China,M,Import,76,Brazil,3004,Medicines & Pharmaceuticals,35841154.0,98076.0,98076.0,2026-05-11T15:01:09.746497,2026-05-11T15:14:35.674066+00:00
2015,156,China,M,Import,348,Unknown,3004,Medicines & Pharmaceuticals,458851.0,10866.0,10866.0,2026-05-11T15:01:09.746513,2026-05-11T15:14:35.674066+00:00
2015,156,China,M,Import,40,Austria,3004,Medicines & Pharmaceuticals,2250597.0,3409.0,3409.0,2026-05-11T15:01:09.746517,2026-05-11T15:14:35.674066+00:00
2015,156,China,M,Import,705,Unknown,3004,Medicines & Pharmaceuticals,1410105.0,4477.0,4477.0,2026-05-11T15:01:09.746520,2026-05-11T15:14:35.674066+00:00
2015,156,China,M,Import,246,Finland,3004,Medicines & Pharmaceuticals,14518648.0,25669.0,25669.0,2026-05-11T15:01:09.746523,2026-05-11T15:14:35.674066+00:00
2015,156,China,M,Import,616,Poland,3004,Medicines & Pharmaceuticals,73258649.0,129811.0,129811.0,2026-05-11T15:01:09.746528,2026-05-11T15:14:35.674066+00:00
2015,156,China,M,Import,484,Mexico,3004,Medicines & Pharmaceuticals,2685762.0,460540.0,460540.0,2026-05-11T15:01:09.746531,2026-05-11T15:14:35.674066+00:00
2015,156,China,M,Import,124,Canada,3004,Medicines & Pharmaceuticals,11410594.0,12431.0,12431.0,2026-05-11T15:01:09.746546,2026-05-11T15:14:35.674066+00:00
2015,156,China,M,Import,208,Denmark,3004,Medicines & Pharmaceuticals,305692053.0,525950.0,525950.0,2026-05-11T15:01:09.746555,2026-05-11T15:14:35.674066+00:00
2015,156,China,M,Import,764,Thailand,3004,Medicines & Pharmaceuticals,5387801.0,252549.0,252549.0,2026-05-11T15:01:09.746572,2026-05-11T15:14:35.674066+00:00
2015,156,China,M,Import,752,Sweden,3004,Medicines & Pharmaceuticals,554909766.0,2338135.0,2338135.0,2026-05-11T15:01:09.746581,2026-05-11T15:14:35.674066+00:00
2015,156,China,M,Import,458,Malaysia,3004,Medicines & Pharmaceuticals,5242.0,120.0,120.0,2026-05-11T15:01:09.746584,2026-05-11T15:14:35.674066+00:00
2015,156,China,M,Import,360,Indonesia,3004,Medicines & Pharmaceuticals,9113.0,24.0,24.0,2026-05-11T15:01:09.746587,2026-05-11T15:14:35.674066+00:00
2015,156,China,M,Import,56,Belgium,3004,Medicines & Pharmaceuticals,2045.0,236.0,236.0,2026-05-11T15:01:09.746595,2026-05-11T15:14:35.674066+00:00
2015,156,China,M,Import,203,Czech Republic,3004,Medicines & Pharmaceuticals,70817.0,1064.0,1064.0,2026-05-11T15:01:09.746601,2026-05-11T15:14:35.674066+00:00
2015,156,China,M,Import,792,Turkey,3004,Medicines & Pharmaceuticals,15981.0,230.0,230.0,2026-05-11T15:01:09.746616,2026-05-11T15:14:35.674066+00:00
2015,156,China,M,Import,620,Portugal,3004,Medicines & Pharmaceuticals,2095.0,150.0,150.0,2026-05-11T15:01:09.746688,2026-05-11T15:14:35.674066+00:00
2015,156,China,M,Import,410,South Korea,3004,Medicines & Pharmaceuticals,81360767.0,868620.0,868620.0,2026-05-11T15:01:09.746757,2026-05-11T15:14:35.674066+00:00
2015,156,China,M,Import,490,Unknown,3004,Medicines & Pharmaceuticals,68679042.0,859457.0,859457.0,2026-05-11T15:01:09.746760,2026-05-11T15:14:35.674066+00:00
2015,156,China,M,Import,352,Unknown,3004,Medicines & Pharmaceuticals,23875.0,11.0,11.0,2026-05-11T15:01:09.746941,2026-05-11T15:14:35.674066+00:00
2015,156,China,M,Import,156,China,3004,Medicines & Pharmaceuticals,20486.0,999.0,999.0,2026-05-11T15:01:09.746988,2026-05-11T15:14:35.674066+00:00
2015,156,China,M,Import,642,Romania,3004,Medicines & Pharmaceuticals,9260.0,8.0,8.0,2026-05-11T15:01:09.747047,2026-05-11T15:14:35.674066+00:00
2015,156,China,M,Import,344,Unknown,3004,Medicines & Pharmaceuticals,344071804.0,22755612.0,22755612.0,2026-05-11T15:01:09.747121,2026-05-11T15:14:35.674066+00:00
2015,156,China,M,Import,0,World,7108,Gold,3787109946.0,99088.141,99088.141,2026-05-11T15:01:11.829917,2026-05-11T15:14:35.674066+00:00
2015,156,China,M,Import,842,Unknown,7108,Gold,5740630914.0,154420.831,154420.831,2026-05-11T15:01:11.829932,2026-05-11T15:14:35.674066+00:00
2015,156,China,M,Import,180,Unknown,7108,Gold,730143.0,24.12,24.12,2026-05-11T15:01:11.829939,2026-05-11T15:14:35.674066+00:00
2015,156,China,M,Import,762,Unknown,7108,Gold,1752998.0,50.31,50.31,2026-05-11T15:01:11.829943,2026-05-11T15:14:35.674066+00:00
2015,156,China,M,Import,834,Unknown,7108,Gold,1356104.0,40.8,40.8,2026-05-11T15:01:11.829946,2026-05-11T15:14:35.674066+00:00
2015,156,China,M,Import,408,North Korea,7108,Gold,2850990.0,100.46,100.46,2026-05-11T15:01:11.829949,2026-05-11T15:14:35.674066+00:00
2015,156,China,M,Import,784,UAE,7108,Gold,2362382.0,63.86,63.86,2026-05-11T15:01:11.829958,2026-05-11T15:14:35.674066+00:00
2015,156,China,M,Import,710,South Africa,7108,Gold,752993.0,20.82,20.82,2026-05-11T15:01:11.829962,2026-05-11T15:14:35.674066+00:00
2015,156,China,M,Import,608,Philippines,7108,Gold,14197.0,0.39,0.39,2026-05-11T15:01:11.829965,2026-05-11T15:14:35.674066+00:00
2015,156,China,M,Import,124,Canada,7108,Gold,95793926.0,2535.65,2535.65,2026-05-11T15:01:11.829968,2026-05-11T15:14:35.674066+00:00
2015,156,China,M,Import,36,Australia,7108,Gold,2408022148.0,66133.63,66133.63,2026-05-11T15:01:11.829972,2026-05-11T15:14:35.674066+00:00
2015,156,China,M,Import,702,Unknown,7108,Gold,142396.0,4.21,4.21,2026-05-11T15:01:11.829975,2026-05-11T15:14:35.674066+00:00
2015,156,China,M,Import,458,Malaysia,7108,Gold,245678.0,5.17,5.17,2026-05-11T15:01:11.829982,2026-05-11T15:14:35.674066+00:00
2015,156,China,M,Import,682,Saudi Arabia,7108,Gold,20014.0,0.5,0.5,2026-05-11T15:01:11.829988,2026-05-11T15:14:35.674066+00:00
2015,156,China,M,Import,757,Unknown,7108,Gold,7277025907.0,194705.0,194705.0,2026-05-11T15:01:11.829994,2026-05-11T15:14:35.674066+00:00
2015,156,China,M,Import,826,United Kingdom,7108,Gold,13239328.0,349.79,349.79,2026-05-11T15:01:11.830009,2026-05-11T15:14:35.674066+00:00
2015,156,China,M,Import,251,Unknown,7108,Gold,1016768.0,34.26,34.26,2026-05-11T15:01:11.830016,2026-05-11T15:14:35.674066+00:00
2015,156,China,M,Import,410,South Korea,7108,Gold,479794.0,10.36,10.36,2026-05-11T15:01:11.830019,2026-05-11T15:14:35.674066+00:00
2015,156,China,M,Import,392,Japan,7108,Gold,106654859.0,2801.82,2801.82,2026-05-11T15:01:11.830027,2026-05-11T15:14:35.674066+00:00
2015,156,China,M,Import,490,Unknown,7108,Gold,1721806.0,40.95,40.95,2026-05-11T15:01:11.830037,2026-05-11T15:14:35.674066+00:00
2015,156,China,M,Import,56,Belgium,7108,Gold,441000.0,9.0,9.0,2026-05-11T15:01:11.830095,2026-05-11T15:14:35.674066+00:00
2015,156,China,M,Import,764,Thailand,7108,Gold,762840.0,18.0,18.0,2026-05-11T15:01:11.830098,2026-05-11T15:14:35.674066+00:00
2015,156,China,M,Import,288,Ghana,7108,Gold,96519083.0,2188.0,2188.0,2026-05-11T15:01:11.830104,2026-05-11T15:14:35.674066+00:00
2015,156,China,M,Import,899,Unknown,7108,Gold,973301951.0,25601.29,25601.29,2026-05-11T15:01:11.830114,2026-05-11T15:14:35.674066+00:00
2015,156,China,M,Import,376,Israel,7108,Gold,208228.0,7.26,7.26,2026-05-11T15:01:11.830128,2026-05-11T15:14:35.674066+00:00
2015,156,China,M,Import,643,Russia,7108,Gold,9963924.0,265.07,265.07,2026-05-11T15:01:11.830137,2026-05-11T15:14:35.674066+00:00
2015,156,China,M,Import,76,Brazil,7108,Gold,5983727.0,174.81,174.81,2026-05-11T15:01:11.830140,2026-05-11T15:14:35.674066+00:00
2015,156,China,M,Import,484,Mexico,7108,Gold,1483757.0,37.73,37.73,2026-05-11T15:01:11.830147,2026-05-11T15:14:35.674066+00:00
2015,156,China,M,Import,276,Germany,7108,Gold,2976535.0,73.27,73.27,2026-05-11T15:01:11.830151,2026-05-11T15:14:35.674066+00:00
2015,156,China,M,Import,792,Turkey,7108,Gold,5575164.0,114.65,114.65,2026-05-11T15:01:11.830174,2026-05-11T15:14:35.674066+00:00
2015,156,China,M,Import,380,Italy,7108,Gold,7621725.0,200.57,200.57,2026-05-11T15:01:11.830224,2026-05-11T15:14:35.674066+00:00
2015,156,China,M,Import,344,Unknown,7108,Gold,4626328603.0,124948.09,124948.09,2026-05-11T15:01:11.830233,2026-05-11T15:14:35.674066+00:00
2015,156,China,M,Import,156,China,7108,Gold,933354061.0,24800.0,24800.0,2026-05-11T15:01:11.830242,2026-05-11T15:14:35.674066+00:00
2015,156,China,RM,Export,0,World,7108,Gold,933354061.0,24800.0,24800.0,2026-05-11T15:01:11.830252,2026-05-11T15:14:35.674066+00:00
2015,156,China,X,Export,51,Unknown,7108,Gold,3509.0,0.04,0.04,2026-05-11T15:01:11.830273,2026-05-11T15:14:35.674066+00:00
2015,156,China,X,Export,40,Austria,7108,Gold,132100.0,2.91,2.91,2026-05-11T15:01:11.830278,2026-05-11T15:14:35.674066+00:00
2015,156,China,X,Export,251,Unknown,7108,Gold,526062.0,11.94,11.94,2026-05-11T15:01:11.830281,2026-05-11T15:14:35.674066+00:00
2015,156,China,X,Export,76,Brazil,7108,Gold,220.0,0.006,0.006,2026-05-11T15:01:11.830284,2026-05-11T15:14:35.674066+00:00
2015,156,China,X,Export,36,Australia,7108,Gold,375020.0,8.86,8.86,2026-05-11T15:01:11.830287,2026-05-11T15:14:35.674066+00:00
2015,156,China,X,Export,276,Germany,7108,Gold,3613956.0,79.16,79.16,2026-05-11T15:01:11.830291,2026-05-11T15:14:35.674066+00:00
2015,156,China,X,Export,0,World,7108,Gold,3509.0,0.04,0.04,2026-05-11T15:01:11.830315,2026-05-11T15:14:35.674066+00:00
2015,156,China,X,Export,703,Unknown,7108,Gold,53810.0,0.97,0.97,2026-05-11T15:01:11.830592,2026-05-11T15:14:35.674066+00:00
2015,156,China,X,Export,372,Ireland,7108,Gold,58007.0,1.19,1.19,2026-05-11T15:01:11.830595,2026-05-11T15:14:35.674066+00:00
2015,156,China,X,Export,818,Egypt,7108,Gold,25725.0,0.62,0.62,2026-05-11T15:01:11.830598,2026-05-11T15:14:35.674066+00:00
2015,156,China,X,Export,705,Unknown,7108,Gold,435.0,0.007,0.007,2026-05-11T15:01:11.830603,2026-05-11T15:14:35.674066+00:00
2015,156,China,X,Export,792,Turkey,7108,Gold,15361.0,0.32,0.32,2026-05-11T15:01:11.830606,2026-05-11T15:14:35.674066+00:00
2015,156,China,X,Export,616,Poland,7108,Gold,40060.0,0.9,0.9,2026-05-11T15:01:11.830609,2026-05-11T15:14:35.674066+00:00
2015,156,China,X,Export,380,Italy,7108,Gold,1367314.0,30.5,30.5,2026-05-11T15:01:11.830612,2026-05-11T15:14:35.674066+00:00
2015,156,China,X,Export,490,Unknown,7108,Gold,10061826.0,231.18,231.18,2026-05-11T15:01:11.830615,2026-05-11T15:14:35.674066+00:00
2015,156,China,X,Export,826,United Kingdom,7108,Gold,2680184.0,57.66,57.66,2026-05-11T15:01:11.830618,2026-05-11T15:14:35.674066+00:00
2015,156,China,X,Export,608,Philippines,7108,Gold,1851333.0,48.26,48.26,2026-05-11T15:01:11.830621,2026-05-11T15:14:35.674066+00:00
2015,156,China,X,Export,392,Japan,7108,Gold,2071612.0,54.5,54.5,2026-05-11T15:01:11.830624,2026-05-11T15:14:35.674066+00:00
2015,156,China,X,Export,360,Indonesia,7108,Gold,351437.0,90.4,90.4,2026-05-11T15:01:11.830627,2026-05-11T15:14:35.674066+00:00
2015,156,China,X,Export,704,Vietnam,7108,Gold,193220.0,4.42,4.42,2026-05-11T15:01:11.830631,2026-05-11T15:14:35.674066+00:00
2015,156,China,X,Export,458,Malaysia,7108,Gold,819405.0,20.19,20.19,2026-05-11T15:01:11.830635,2026-05-11T15:14:35.674066+00:00
2015,156,China,X,Export,410,South Korea,7108,Gold,46865529.0,1101.35,1101.35,2026-05-11T15:01:11.830638,2026-05-11T15:14:35.674066+00:00
2015,156,China,X,Export,842,Unknown,7108,Gold,1073526.0,24.4,24.4,2026-05-11T15:01:11.830642,2026-05-11T15:14:35.674066+00:00
2015,156,China,X,Export,702,Unknown,7108,Gold,30364279.0,740.13,740.13,2026-05-11T15:01:11.830645,2026-05-11T15:14:35.674066+00:00
2015,156,China,X,Export,764,Thailand,7108,Gold,13269434.0,339.56,339.56,2026-05-11T15:01:11.830648,2026-05-11T15:14:35.674066+00:00
2015,156,China,X,Export,344,Unknown,7108,Gold,1750066552.0,46295.9,46295.9,2026-05-11T15:01:11.830654,2026-05-11T15:14:35.674066+00:00
2015,156,China,RM,Export,156,China,7108,Gold,933354061.0,24800.0,24800.0,2026-05-11T15:01:11.830722,2026-05-11T15:14:35.674066+00:00
2016,156,China,X,Export,826,United Kingdom,7108,Gold,8176.0,0.225,0.225,2026-05-11T15:01:11.830743,2026-05-11T15:14:35.674066+00:00
2016,156,China,X,Export,616,Poland,7108,Gold,31794.0,0.874,0.874,2026-05-11T15:01:11.830751,2026-05-11T15:14:35.674066+00:00
2016,156,China,X,Export,458,Malaysia,7108,Gold,1115306.0,30.656,30.656,2026-05-11T15:01:11.830754,2026-05-11T15:14:35.674066+00:00
2016,156,China,X,Export,372,Ireland,7108,Gold,77889.0,2.141,2.141,2026-05-11T15:01:11.830757,2026-05-11T15:14:35.674066+00:00
2016,156,China,X,Export,276,Germany,7108,Gold,2990224.0,82.192,82.192,2026-05-11T15:01:11.830761,2026-05-11T15:14:35.674066+00:00
2016,156,China,X,Export,704,Vietnam,7108,Gold,226047.0,6.213,6.213,2026-05-11T15:01:11.830764,2026-05-11T15:14:35.674066+00:00
2016,156,China,X,Export,380,Italy,7108,Gold,2574252.0,70.758,70.758,2026-05-11T15:01:11.830767,2026-05-11T15:14:35.674066+00:00
2016,156,China,X,Export,608,Philippines,7108,Gold,1806251.0,49.648,49.648,2026-05-11T15:01:11.830769,2026-05-11T15:14:35.674066+00:00
2016,156,China,X,Export,392,Japan,7108,Gold,1638301.0,45.032,45.032,2026-05-11T15:01:11.830772,2026-05-11T15:14:35.674066+00:00
2016,156,China,X,Export,702,Unknown,7108,Gold,3810550.0,104.74,104.74,2026-05-11T15:01:11.830775,2026-05-11T15:14:35.674066+00:00
2016,156,China,X,Export,410,South Korea,7108,Gold,30584004.0,840.657,840.657,2026-05-11T15:01:11.830778,2026-05-11T15:14:35.674066+00:00
2016,156,China,X,Export,792,Turkey,7108,Gold,31732.0,0.872,0.872,2026-05-11T15:01:11.830784,2026-05-11T15:14:35.674066+00:00
2016,156,China,X,Export,724,Spain,7108,Gold,134200.0,3.689,3.689,2026-05-11T15:01:11.830787,2026-05-11T15:14:35.674066+00:00
2016,156,China,X,Export,344,Unknown,7108,Gold,1167613278.0,31189.561,31189.561,2026-05-11T15:01:11.830790,2026-05-11T15:14:35.674066+00:00
2016,156,China,X,Export,36,Australia,7108,Gold,469294.0,12.899,12.899,2026-05-11T15:01:11.830793,2026-05-11T15:14:35.674066+00:00
2015,156,China,M,Import,699,Unknown,7108,Gold,80000.0,2.0,2.0,2026-05-11T15:01:11.830840,2026-05-11T15:14:35.674066+00:00
2016,156,China,RM,Export,156,China,7108,Gold,307887328.0,7999.896,7999.896,2026-05-11T15:01:11.830848,2026-05-11T15:14:35.674066+00:00
2016,156,China,M,Import,180,Unknown,7108,Gold,16828208.0,453.308,453.308,2026-05-11T15:01:11.830851,2026-05-11T15:14:35.674066+00:00
2016,156,China,M,Import,702,Unknown,7108,Gold,15057.0,0.406,0.406,2026-05-11T15:01:11.830854,2026-05-11T15:14:35.674066+00:00
2016,156,China,M,Import,784,UAE,7108,Gold,5018737.0,134.828,134.828,2026-05-11T15:01:11.830857,2026-05-11T15:14:35.674066+00:00
2016,156,China,M,Import,458,Malaysia,7108,Gold,2530123.0,67.941,67.941,2026-05-11T15:01:11.830860,2026-05-11T15:14:35.674066+00:00
2016,156,China,M,Import,643,Russia,7108,Gold,31764828.0,824.226,824.226,2026-05-11T15:01:11.830863,2026-05-11T15:14:35.674066+00:00
2016,156,China,M,Import,124,Canada,7108,Gold,42456256.0,1101.644,1101.644,2026-05-11T15:01:11.830867,2026-05-11T15:14:35.674066+00:00
2016,156,China,M,Import,764,Thailand,7108,Gold,54989.0,1.481,1.481,2026-05-11T15:01:11.830870,2026-05-11T15:14:35.674066+00:00
2016,156,China,M,Import,608,Philippines,7108,Gold,642.0,0.017,0.017,2026-05-11T15:01:11.830873,2026-05-11T15:14:35.674066+00:00
2016,156,China,M,Import,410,South Korea,7108,Gold,36264.0,0.977,0.977,2026-05-11T15:01:11.830878,2026-05-11T15:14:35.674066+00:00
2016,156,China,M,Import,36,Australia,7108,Gold,1691489988.0,43890.596,43890.596,2026-05-11T15:01:11.830884,2026-05-11T15:14:35.674066+00:00
2016,156,China,M,Import,710,South Africa,7108,Gold,420780.0,11.076,11.076,2026-05-11T15:01:11.830887,2026-05-11T15:14:35.674066+00:00
2016,156,China,M,Import,392,Japan,7108,Gold,63232955.0,1701.005,1701.005,2026-05-11T15:01:11.830910,2026-05-11T15:14:35.674066+00:00
2016,156,China,M,Import,276,Germany,7108,Gold,5840.0,0.157,0.157,2026-05-11T15:01:11.830929,2026-05-11T15:14:35.674066+00:00
2016,156,China,M,Import,818,Egypt,7108,Gold,208000.0,5.397,5.397,2026-05-11T15:01:11.830938,2026-05-11T15:14:35.674066+00:00
2016,156,China,M,Import,792,Turkey,7108,Gold,4719000.0,122.447,122.447,2026-05-11T15:01:11.830944,2026-05-11T15:14:35.674066+00:00
2016,156,China,M,Import,752,Sweden,7108,Gold,65505.0,1.7,1.7,2026-05-11T15:01:11.830954,2026-05-11T15:14:35.674066+00:00
2016,156,China,M,Import,524,Unknown,7108,Gold,2331.0,0.06,0.06,2026-05-11T15:01:11.830960,2026-05-11T15:14:35.674066+00:00
2016,156,China,M,Import,376,Israel,7108,Gold,186525.0,5.024,5.024,2026-05-11T15:01:11.830969,2026-05-11T15:14:35.674066+00:00
2016,156,China,M,Import,360,Indonesia,7108,Gold,100273.0,2.602,2.602,2026-05-11T15:01:11.830972,2026-05-11T15:14:35.674066+00:00
2016,156,China,M,Import,76,Brazil,7108,Gold,50000.0,1.297,1.297,2026-05-11T15:01:11.830977,2026-05-11T15:14:35.674066+00:00
2016,156,China,M,Import,826,United Kingdom,7108,Gold,2309641.0,59.93,59.93,2026-05-11T15:01:11.830982,2026-05-11T15:14:35.674066+00:00
2016,156,China,M,Import,380,Italy,7108,Gold,8253060.0,214.512,214.512,2026-05-11T15:01:11.830988,2026-05-11T15:14:35.674066+00:00
2016,156,China,M,Import,344,Unknown,7108,Gold,10271244376.0,266657.294,266657.294,2026-05-11T15:01:11.830997,2026-05-11T15:14:35.674066+00:00
2016,156,China,M,Import,156,China,7108,Gold,307887328.0,7999.896,7999.896,2026-05-11T15:01:11.831003,2026-05-11T15:14:35.674066+00:00
2016,156,China,M,Import,682,Saudi Arabia,7108,Gold,3384.0,0.102,0.102,2026-05-11T15:01:11.831084,2026-05-11T15:14:35.674066+00:00
2016,156,China,M,Import,757,Unknown,7108,Gold,15541839570.0,403276.927,403276.927,2026-05-11T15:01:11.831134,2026-05-11T15:14:35.674066+00:00
2016,156,China,M,Import,251,Unknown,7108,Gold,1210170.0,32.599,32.599,2026-05-11T15:01:11.831137,2026-05-11T15:14:35.674066+00:00
2016,156,China,M,Import,842,Unknown,7108,Gold,68136.0,1.835,1.835,2026-05-11T15:01:11.831140,2026-05-11T15:14:35.674066+00:00
2016,156,China,M,Import,490,Unknown,7108,Gold,43828987.0,1138.103,1138.103,2026-05-11T15:01:11.831146,2026-05-11T15:14:35.674066+00:00
2016,156,China,M,Import,899,Unknown,7108,Gold,914093168.0,23718.835,23718.835,2026-05-11T15:01:11.831156,2026-05-11T15:14:35.674066+00:00
2016,156,China,RM,Export,0,World,7108,Gold,307887328.0,7999.896,7999.896,2026-05-11T15:01:11.831200,2026-05-11T15:14:35.674066+00:00
2016,156,China,M,Import,0,World,7108,Gold,16828208.0,453.308,453.308,2026-05-11T15:01:11.831203,2026-05-11T15:14:35.674066+00:00
2017,156,China,M,Import,40,Austria,7108,Gold,50000.0,1.0,1.0,2026-05-11T15:01:11.831301,2026-05-11T15:14:35.674066+00:00
2017,156,China,M,Import,826,United Kingdom,7108,Gold,46109.0,1.0,1.0,2026-05-11T15:01:11.831304,2026-05-11T15:14:35.674066+00:00
2017,156,China,M,Import,702,Unknown,7108,Gold,4772722986.0,118870.443,118870.443,2026-05-11T15:01:11.831310,2026-05-11T15:14:35.674066+00:00
2017,156,China,M,Import,792,Turkey,7108,Gold,15617304.0,377.0,377.0,2026-05-11T15:01:11.831316,2026-05-11T15:14:35.674066+00:00
2017,156,China,M,Import,344,Unknown,7108,Gold,572099689.0,14006.0,14006.0,2026-05-11T15:01:11.831319,2026-05-11T15:14:35.674066+00:00
2017,156,China,M,Import,124,Canada,7108,Gold,556141145.0,13667.06,13667.06,2026-05-11T15:01:11.831322,2026-05-11T15:14:35.674066+00:00
2017,156,China,M,Import,458,Malaysia,7108,Gold,3885987.0,95.21,95.21,2026-05-11T15:01:11.831327,2026-05-11T15:14:35.674066+00:00
2017,156,China,M,Import,36,Australia,7108,Gold,8326670574.0,204792.17,204792.17,2026-05-11T15:01:11.831330,2026-05-11T15:14:35.674066+00:00
2017,156,China,M,Import,156,China,7108,Gold,830968183.0,20220.59,20220.59,2026-05-11T15:01:11.831337,2026-05-11T15:14:35.674066+00:00
2017,156,China,M,Import,699,Unknown,7108,Gold,168500.0,3.5,3.5,2026-05-11T15:01:11.831340,2026-05-11T15:14:35.674066+00:00
2017,156,China,M,Import,251,Unknown,7108,Gold,2198299.0,67.43,67.43,2026-05-11T15:01:11.831343,2026-05-11T15:14:35.674066+00:00
2017,156,China,M,Import,842,Unknown,7108,Gold,4774441197.0,118848.91,118848.91,2026-05-11T15:01:11.831346,2026-05-11T15:14:35.674066+00:00
2017,156,China,M,Import,764,Thailand,7108,Gold,140300.0,3.04,3.04,2026-05-11T15:01:11.831351,2026-05-11T15:14:35.674066+00:00
2017,156,China,M,Import,276,Germany,7108,Gold,179440943.0,3818.09,3818.09,2026-05-11T15:01:11.831354,2026-05-11T15:14:35.674066+00:00
2017,156,China,M,Import,380,Italy,7108,Gold,11156723.0,257.1,257.1,2026-05-11T15:01:11.831357,2026-05-11T15:14:35.674066+00:00
2017,156,China,M,Import,392,Japan,7108,Gold,454801203.0,11276.53,11276.53,2026-05-11T15:01:11.831360,2026-05-11T15:14:35.674066+00:00
2017,156,China,M,Import,490,Unknown,7108,Gold,11120257.0,267.44,267.44,2026-05-11T15:01:11.831363,2026-05-11T15:14:35.674066+00:00
2017,156,China,M,Import,410,South Korea,7108,Gold,55410309.0,1279.46,1279.46,2026-05-11T15:01:11.831366,2026-05-11T15:14:35.674066+00:00
2017,156,China,M,Import,0,World,7108,Gold,55140367.0,1268.49,1268.49,2026-05-11T15:01:11.831369,2026-05-11T15:14:35.674066+00:00
2016,156,China,X,Export,40,Austria,7108,Gold,54800.0,1.506,1.506,2026-05-11T15:01:11.831405,2026-05-11T15:14:35.674066+00:00
2016,156,China,X,Export,251,Unknown,7108,Gold,618350.0,16.996,16.996,2026-05-11T15:01:11.831408,2026-05-11T15:14:35.674066+00:00
2016,156,China,X,Export,490,Unknown,7108,Gold,9393972.0,258.211,258.211,2026-05-11T15:01:11.831411,2026-05-11T15:14:35.674066+00:00
2016,156,China,X,Export,842,Unknown,7108,Gold,11298814.0,303.356,303.356,2026-05-11T15:01:11.831416,2026-05-11T15:14:35.674066+00:00
2016,156,China,X,Export,0,World,7108,Gold,31794.0,0.874,0.874,2026-05-11T15:01:11.831430,2026-05-11T15:14:35.674066+00:00
2017,156,China,M,Import,178,Unknown,7108,Gold,7765747.0,221.37,221.37,2026-05-11T15:01:11.831492,2026-05-11T15:14:35.674066+00:00
2017,156,China,M,Import,180,Unknown,7108,Gold,30959650.0,857.61,857.61,2026-05-11T15:01:11.831495,2026-05-11T15:14:35.674066+00:00
2017,156,China,M,Import,710,South Africa,7108,Gold,358024239.0,9000.0,9000.0,2026-05-11T15:01:11.831498,2026-05-11T15:14:35.674066+00:00
2017,156,China,M,Import,643,Russia,7108,Gold,98815183.0,2565.0,2565.0,2026-05-11T15:01:11.831501,2026-05-11T15:14:35.674066+00:00
2017,156,China,M,Import,784,UAE,7108,Gold,5425751.0,132.73,132.73,2026-05-11T15:01:11.831509,2026-05-11T15:14:35.674066+00:00
2017,156,China,M,Import,757,Unknown,7108,Gold,12823724389.0,317075.56,317075.56,2026-05-11T15:01:11.831534,2026-05-11T15:14:35.674066+00:00
2017,156,China,M,Import,288,Ghana,7108,Gold,2276765.0,56.8,56.8,2026-05-11T15:01:11.831613,2026-05-11T15:14:35.674066+00:00
2017,156,China,M,Import,376,Israel,7108,Gold,205285.0,6.75,6.75,2026-05-11T15:01:11.831616,2026-05-11T15:14:35.674066+00:00
2017,156,China,X,Export,380,Italy,7108,Gold,2730023.0,56.19,56.19,2026-05-11T15:01:11.831760,2026-05-11T15:14:35.674066+00:00
2017,156,China,X,Export,608,Philippines,7108,Gold,2011302.0,49.69,49.69,2026-05-11T15:01:11.831763,2026-05-11T15:14:35.674066+00:00
2017,156,China,X,Export,702,Unknown,7108,Gold,3343263.0,81.74,81.74,2026-05-11T15:01:11.831766,2026-05-11T15:14:35.674066+00:00
2017,156,China,X,Export,276,Germany,7108,Gold,2916547.0,59.77,59.77,2026-05-11T15:01:11.831769,2026-05-11T15:14:35.674066+00:00
2017,156,China,X,Export,36,Australia,7108,Gold,368116.0,8.24,8.24,2026-05-11T15:01:11.831772,2026-05-11T15:14:35.674066+00:00
2017,156,China,X,Export,360,Indonesia,7108,Gold,19951.0,0.41,0.41,2026-05-11T15:01:11.831775,2026-05-11T15:14:35.674066+00:00
2017,156,China,X,Export,490,Unknown,7108,Gold,10012452.0,244.84,244.84,2026-05-11T15:01:11.831778,2026-05-11T15:14:35.674066+00:00
2017,156,China,X,Export,458,Malaysia,7108,Gold,677669.0,16.01,16.01,2026-05-11T15:01:11.831782,2026-05-11T15:14:35.674066+00:00
2017,156,China,X,Export,344,Unknown,7108,Gold,413071261.0,10204.78,10204.78,2026-05-11T15:01:11.831785,2026-05-11T15:14:35.674066+00:00
2017,156,China,X,Export,392,Japan,7108,Gold,1019739.0,24.29,24.29,2026-05-11T15:01:11.831788,2026-05-11T15:14:35.674066+00:00
2017,156,China,X,Export,704,Vietnam,7108,Gold,407440.0,7.75,7.75,2026-05-11T15:01:11.831791,2026-05-11T15:14:35.674066+00:00
2017,156,China,X,Export,410,South Korea,7108,Gold,18607234.0,463.27,463.27,2026-05-11T15:01:11.831794,2026-05-11T15:14:35.674066+00:00
2017,156,China,X,Export,0,World,7108,Gold,73717.0,1.45,1.45,2026-05-11T15:01:11.831797,2026-05-11T15:14:35.674066+00:00
2014,276,Germany,M,Import,0,World,8471,Computers & Laptops,2040097.27,17398.155,0.0,2026-05-11T15:01:31.537257,2026-05-11T15:14:35.674066+00:00
2014,276,Germany,M,Import,56,Belgium,8471,Computers & Laptops,2217340.13,7134.852,0.0,2026-05-11T15:01:31.537826,2026-05-11T15:14:35.674066+00:00
2014,276,Germany,M,Import,40,Austria,8471,Computers & Laptops,443366.25,811.966,0.0,2026-05-11T15:01:31.537832,2026-05-11T15:14:35.674066+00:00
2014,276,Germany,M,Import,48,Unknown,8471,Computers & Laptops,44297.43,194.441,0.0,2026-05-11T15:01:31.537838,2026-05-11T15:14:35.674066+00:00
2014,276,Germany,M,Import,50,Bangladesh,8471,Computers & Laptops,229.86,6.334,0.0,2026-05-11T15:01:31.537844,2026-05-11T15:14:35.674066+00:00
2014,276,Germany,M,Import,36,Australia,8471,Computers & Laptops,1947956.12,6458.0,0.0,2026-05-11T15:01:31.537850,2026-05-11T15:14:35.674066+00:00
2014,276,Germany,M,Import,76,Brazil,8471,Computers & Laptops,1.33,0.008,0.0,2026-05-11T15:01:31.537864,2026-05-11T15:14:35.674066+00:00
2014,276,Germany,M,Import,31,Unknown,8471,Computers & Laptops,14170.55,52.498,0.0,2026-05-11T15:01:31.538051,2026-05-11T15:14:35.674066+00:00
2014,276,Germany,M,Import,70,Unknown,8471,Computers & Laptops,31575.16,93.257,0.0,2026-05-11T15:01:31.538069,2026-05-11T15:14:35.674066+00:00
2014,276,Germany,M,Import,100,Bulgaria,8471,Computers & Laptops,2445723.21,21336.278,0.0,2026-05-11T15:01:31.538187,2026-05-11T15:14:35.674066+00:00
2014,276,Germany,M,Import,4,Afghanistan,8471,Computers & Laptops,635.12,50.0,1.0,2026-05-11T15:01:31.538397,2026-05-11T15:14:35.674066+00:00
2014,276,Germany,M,Import,44,Unknown,8471,Computers & Laptops,6794.96,3.0,1.0,2026-05-11T15:01:31.538403,2026-05-11T15:14:35.674066+00:00
2014,276,Germany,M,Import,96,Unknown,8471,Computers & Laptops,9876.2,3.0,1.0,2026-05-11T15:01:31.538432,2026-05-11T15:14:35.674066+00:00
2014,276,Germany,M,Import,8,Albania,8471,Computers & Laptops,51081.76,114.0,609.0,2026-05-11T15:01:31.538558,2026-05-11T15:14:35.674066+00:00
2014,276,Germany,M,Import,32,Argentina,8471,Computers & Laptops,84647.3,259.0,190.0,2026-05-11T15:01:31.538561,2026-05-11T15:14:35.674066+00:00
2014,276,Germany,M,Import,51,Unknown,8471,Computers & Laptops,1648.91,19.0,9.0,2026-05-11T15:01:31.538578,2026-05-11T15:14:35.674066+00:00
2014,276,Germany,M,Import,72,Unknown,8471,Computers & Laptops,4692.96,124.0,21.0,2026-05-11T15:01:31.538581,2026-05-11T15:14:35.674066+00:00
2014,276,Germany,M,Import,12,Algeria,8471,Computers & Laptops,6837.48,19.029,10.0,2026-05-11T15:01:31.538602,2026-05-11T15:14:35.674066+00:00
2014,276,Germany,M,Import,0,World,8517,Phones & Communication Devices,29350.92,238.0,238.0,2026-05-11T15:01:33.677477,2026-05-11T15:14:35.674066+00:00
2014,276,Germany,M,Import,56,Belgium,8517,Phones & Communication Devices,4411.27,11.0,0.0,2026-05-11T15:01:33.678686,2026-05-11T15:14:35.674066+00:00
2014,276,Germany,M,Import,76,Brazil,8517,Phones & Communication Devices,425.18,2.157,0.0,2026-05-11T15:01:33.678694,2026-05-11T15:14:35.674066+00:00
2014,276,Germany,M,Import,36,Australia,8517,Phones & Communication Devices,9877.53,30.69,0.0,2026-05-11T15:01:33.678706,2026-05-11T15:14:35.674066+00:00
2014,276,Germany,M,Import,40,Austria,8517,Phones & Communication Devices,6541.18,13.641,0.0,2026-05-11T15:01:33.678712,2026-05-11T15:14:35.674066+00:00
2014,276,Germany,M,Import,70,Unknown,8517,Phones & Communication Devices,105942.32,68.652,0.0,2026-05-11T15:01:33.678793,2026-05-11T15:14:35.674066+00:00
2014,276,Germany,M,Import,8,Albania,8517,Phones & Communication Devices,822.46,9.336,0.0,2026-05-11T15:01:33.678796,2026-05-11T15:14:35.674066+00:00
2014,276,Germany,M,Import,31,Unknown,8517,Phones & Communication Devices,17763.35,68.559,0.0,2026-05-11T15:01:33.678799,2026-05-11T15:14:35.674066+00:00
2014,276,Germany,M,Import,48,Unknown,8517,Phones & Communication Devices,15947.02,94.751,0.0,2026-05-11T15:01:33.678804,2026-05-11T15:14:35.674066+00:00
2014,276,Germany,M,Import,50,Bangladesh,8517,Phones & Communication Devices,26939.33,242.002,0.0,2026-05-11T15:01:33.678807,2026-05-11T15:14:35.674066+00:00
2014,276,Germany,M,Import,68,Bolivia,8517,Phones & Communication Devices,1514.72,3.395,0.0,2026-05-11T15:01:33.678809,2026-05-11T15:14:35.674066+00:00
2014,276,Germany,M,Import,4,Afghanistan,8517,Phones & Communication Devices,10155.23,35.0,0.0,2026-05-11T15:01:33.678812,2026-05-11T15:14:35.674066+00:00
2014,276,Germany,M,Import,12,Algeria,8517,Phones & Communication Devices,1610.38,28.0,0.0,2026-05-11T15:01:33.678815,2026-05-11T15:14:35.674066+00:00
2014,276,Germany,M,Import,51,Unknown,8517,Phones & Communication Devices,3013.48,12.0,0.0,2026-05-11T15:01:33.678818,2026-05-11T15:14:35.674066+00:00
2014,276,Germany,M,Import,72,Unknown,8517,Phones & Communication Devices,14110.76,22.0,0.0,2026-05-11T15:01:33.678821,2026-05-11T15:14:35.674066+00:00
2014,276,Germany,M,Import,32,Argentina,8517,Phones & Communication Devices,616612.39,3673.0,0.0,2026-05-11T15:01:33.678849,2026-05-11T15:14:35.674066+00:00
2014,276,Germany,M,Import,20,Unknown,8517,Phones & Communication Devices,4444.49,6.0,0.0,2026-05-11T15:01:33.678972,2026-05-11T15:14:35.674066+00:00
2014,276,Germany,M,Import,0,World,2709,Crude Oil,7559101.89,10059200.0,10059200.0,2026-05-11T15:01:36.090379,2026-05-11T15:14:35.674066+00:00
2014,276,Germany,M,Import,12,Algeria,2709,Crude Oil,1981682071.79,2408697000.0,2408697000.0,2026-05-11T15:01:36.090505,2026-05-11T15:14:35.674066+00:00
2014,276,Germany,M,Import,8,Albania,2709,Crude Oil,7559101.89,10059200.0,10059200.0,2026-05-11T15:01:36.090509,2026-05-11T15:14:35.674066+00:00
2014,276,Germany,M,Import,24,Angola,2709,Crude Oil,145577190.06,197173000.0,197173000.0,2026-05-11T15:01:36.090518,2026-05-11T15:14:35.674066+00:00
2014,276,Germany,M,Import,31,Unknown,2709,Crude Oil,2636194411.1,3385682000.0,3385682000.0,2026-05-11T15:01:36.090521,2026-05-11T15:14:35.674066+00:00
2014,276,Germany,M,Import,76,Brazil,2709,Crude Oil,472827983.14,683222000.0,683222000.0,2026-05-11T15:01:36.090527,2026-05-11T15:14:35.674066+00:00
2014,276,Germany,M,Import,208,Denmark,2709,Crude Oil,119378453.43,158025856.0,158025856.0,2026-05-11T15:01:36.091046,2026-05-11T15:14:35.674066+00:00
2014,276,Germany,M,Import,170,Colombia,2709,Crude Oil,599060561.08,903865000.0,903865000.0,2026-05-11T15:01:36.091049,2026-05-11T15:14:35.674066+00:00
2014,276,Germany,M,Import,226,Unknown,2709,Crude Oil,47975686.68,68164000.0,68164000.0,2026-05-11T15:01:36.091052,2026-05-11T15:14:35.674066+00:00
2014,276,Germany,M,Import,251,Unknown,2709,Crude Oil,953361.34,1259834.0,1259834.0,2026-05-11T15:01:36.091402,2026-05-11T15:14:35.674066+00:00
2014,276,Germany,M,Import,268,Unknown,2709,Crude Oil,24848460.3,30772000.0,30772000.0,2026-05-11T15:01:36.091408,2026-05-11T15:14:35.674066+00:00
2014,276,Germany,M,Import,368,Iraq,2709,Crude Oil,564378095.62,794647000.0,794647000.0,2026-05-11T15:01:36.091411,2026-05-11T15:14:35.674066+00:00
2014,276,Germany,M,Import,380,Italy,2709,Crude Oil,147466557.29,233339500.0,233339500.0,2026-05-11T15:01:36.091417,2026-05-11T15:14:35.674066+00:00
2014,276,Germany,M,Import,398,Kazakhstan,2709,Crude Oil,3474299425.0,4291847000.0,4291847000.0,2026-05-11T15:01:36.091655,2026-05-11T15:14:35.674066+00:00
2014,276,Germany,M,Import,384,Unknown,2709,Crude Oil,284473670.5,378779000.0,378779000.0,2026-05-11T15:01:36.091667,2026-05-11T15:14:35.674066+00:00
2014,276,Germany,M,Import,414,Kuwait,2709,Crude Oil,157887393.43,213381000.0,213381000.0,2026-05-11T15:01:36.091677,2026-05-11T15:14:35.674066+00:00
2014,276,Germany,M,Import,434,Unknown,2709,Crude Oil,2246606651.68,2966092000.0,2966092000.0,2026-05-11T15:01:36.091680,2026-05-11T15:14:35.674066+00:00
2014,276,Germany,M,Import,579,Unknown,2709,Crude Oil,2145575176.86,2834098000.0,2834098000.0,2026-05-11T15:01:36.091920,2026-05-11T15:14:35.674066+00:00
2014,276,Germany,M,Import,643,Russia,2709,Crude Oil,35837904.33,42067000.0,42067000.0,2026-05-11T15:01:36.091932,2026-05-11T15:14:35.674066+00:00
2014,276,Germany,M,Import,616,Poland,2709,Crude Oil,256939809.99,347935000.0,347935000.0,2026-05-11T15:01:36.091948,2026-05-11T15:14:35.674066+00:00
2014,276,Germany,M,Import,528,Netherlands,2709,Crude Oil,24072021.61,39251000.0,39251000.0,2026-05-11T15:01:36.091956,2026-05-11T15:14:35.674066+00:00
2014,276,Germany,M,Import,566,Nigeria,2709,Crude Oil,5017447231.61,6356564000.0,6356564000.0,2026-05-11T15:01:36.091976,2026-05-11T15:14:35.674066+00:00
2014,276,Germany,M,Import,682,Saudi Arabia,2709,Crude Oil,989318478.05,1425513000.0,1425513000.0,2026-05-11T15:01:36.091986,2026-05-11T15:14:35.674066+00:00
2014,276,Germany,M,Import,586,Pakistan,2709,Crude Oil,31955818.5,38921000.0,38921000.0,2026-05-11T15:01:36.091999,2026-05-11T15:14:35.674066+00:00
2014,276,Germany,M,Import,484,Mexico,2709,Crude Oil,286677054.0,386495000.0,386495000.0,2026-05-11T15:01:36.092018,2026-05-11T15:14:35.674066+00:00
2014,276,Germany,M,Import,780,Unknown,2709,Crude Oil,114748365.68,135315000.0,135315000.0,2026-05-11T15:01:36.092256,2026-05-11T15:14:35.674066+00:00
2014,276,Germany,M,Import,788,Unknown,2709,Crude Oil,236886935.94,294321000.0,294321000.0,2026-05-11T15:01:36.092273,2026-05-11T15:14:35.674066+00:00
2014,276,Germany,M,Import,842,Unknown,2709,Crude Oil,11571423.94,13277400.0,13277400.0,2026-05-11T15:01:36.092306,2026-05-11T15:14:35.674066+00:00
2014,276,Germany,M,Import,795,Unknown,2709,Crude Oil,22615979.66,31191000.0,31191000.0,2026-05-11T15:01:36.092321,2026-05-11T15:14:35.674066+00:00
2014,276,Germany,M,Import,818,Egypt,2709,Crude Oil,1161498413.66,1457672000.0,1457672000.0,2026-05-11T15:01:36.092324,2026-05-11T15:14:35.674066+00:00
2014,276,Germany,M,Import,826,United Kingdom,2709,Crude Oil,125206543.52,191873000.0,191873000.0,2026-05-11T15:01:36.092361,2026-05-11T15:14:35.674066+00:00
2014,276,Germany,M,Import,0,World,3004,Medicines & Pharmaceuticals,67420.74,3797.0,3797.0,2026-05-11T15:01:38.803625,2026-05-11T15:14:35.674066+00:00
2014,276,Germany,M,Import,56,Belgium,3004,Medicines & Pharmaceuticals,1475222071.08,16382207.51,16382207.51,2026-05-11T15:01:38.805082,2026-05-11T15:14:35.674066+00:00
2014,276,Germany,M,Import,36,Australia,3004,Medicines & Pharmaceuticals,24349154.58,256588.255,256588.255,2026-05-11T15:01:38.805085,2026-05-11T15:14:35.674066+00:00
2014,276,Germany,M,Import,32,Argentina,3004,Medicines & Pharmaceuticals,308524.76,1175.3,1175.3,2026-05-11T15:01:38.805088,2026-05-11T15:14:35.674066+00:00
2014,276,Germany,M,Import,76,Brazil,3004,Medicines & Pharmaceuticals,2934657.12,26619.112,26619.112,2026-05-11T15:01:38.805091,2026-05-11T15:14:35.674066+00:00
2014,276,Germany,M,Import,70,Unknown,3004,Medicines & Pharmaceuticals,16420.04,247.17,247.17,2026-05-11T15:01:38.805100,2026-05-11T15:14:35.674066+00:00
2014,276,Germany,M,Import,40,Austria,3004,Medicines & Pharmaceuticals,500178010.46,9652895.286,9652895.286,2026-05-11T15:01:38.805106,2026-05-11T15:14:35.674066+00:00
2014,276,Germany,M,Import,100,Bulgaria,3004,Medicines & Pharmaceuticals,101493965.0,787850.327,787850.327,2026-05-11T15:01:38.805120,2026-05-11T15:14:35.674066+00:00
2014,276,Germany,M,Import,50,Bangladesh,3004,Medicines & Pharmaceuticals,341145.6,1475.0,1475.0,2026-05-11T15:01:38.805568,2026-05-11T15:14:35.674066+00:00
2014,276,Germany,M,Import,48,Unknown,3004,Medicines & Pharmaceuticals,1488.14,25.0,25.0,2026-05-11T15:01:38.805571,2026-05-11T15:14:35.674066+00:00
2014,276,Germany,M,Import,36,Australia,7108,Gold,3928.96,0.1,0.1,2026-05-11T15:01:40.897119,2026-05-11T15:14:35.674066+00:00
2014,276,Germany,M,Import,40,Austria,7108,Gold,198357.18,4.0,4.0,2026-05-11T15:01:40.897136,2026-05-11T15:14:35.674066+00:00
2014,276,Germany,M,Import,70,Unknown,7108,Gold,345198.13,15.0,15.0,2026-05-11T15:01:40.897143,2026-05-11T15:14:35.674066+00:00
2014,276,Germany,M,Import,32,Argentina,7108,Gold,910122.88,23.0,23.0,2026-05-11T15:01:40.897149,2026-05-11T15:14:35.674066+00:00
2014,276,Germany,M,Import,76,Brazil,7108,Gold,586938.6,14.0,14.0,2026-05-11T15:01:40.897156,2026-05-11T15:14:35.674066+00:00
2014,276,Germany,M,Import,90,Unknown,7108,Gold,25245.24,1.0,1.0,2026-05-11T15:01:40.897254,2026-05-11T15:14:35.674066+00:00
2014,276,Germany,M,Import,100,Bulgaria,7108,Gold,471267.56,10.166,10.166,2026-05-11T15:01:40.897286,2026-05-11T15:14:35.674066+00:00
2014,276,Germany,M,Import,0,World,7108,Gold,61529375.02,1733.0,1733.0,2026-05-11T15:01:40.897401,2026-05-11T15:14:35.674066+00:00
2014,276,Germany,M,Import,156,China,7108,Gold,3689814.07,80.03,80.03,2026-05-11T15:01:40.898757,2026-05-11T15:14:35.674066+00:00
2014,276,Germany,M,Import,191,Croatia,7108,Gold,9470.95,0.25,0.25,2026-05-11T15:01:40.898857,2026-05-11T15:14:35.674066+00:00
2014,276,Germany,M,Import,208,Denmark,7108,Gold,232638.9,4.99,4.99,2026-05-11T15:01:40.898863,2026-05-11T15:14:35.674066+00:00
2014,276,Germany,M,Import,203,Czech Republic,7108,Gold,117298.7,2.85,2.85,2026-05-11T15:01:40.898869,2026-05-11T15:14:35.674066+00:00
2014,276,Germany,M,Import,120,Unknown,7108,Gold,283525.33,8.0,8.0,2026-05-11T15:01:40.898881,2026-05-11T15:14:35.674066+00:00
2014,276,Germany,M,Import,170,Colombia,7108,Gold,1953.18,0.058,0.058,2026-05-11T15:01:40.898884,2026-05-11T15:14:35.674066+00:00
2014,276,Germany,M,Import,196,Cyprus,7108,Gold,51178.75,1.16,1.16,2026-05-11T15:01:40.898890,2026-05-11T15:14:35.674066+00:00
2014,276,Germany,M,Import,233,Unknown,7108,Gold,2019.62,0.048,0.048,2026-05-11T15:01:40.898896,2026-05-11T15:14:35.674066+00:00
2014,276,Germany,M,Import,124,Canada,7108,Gold,27243.6,1.23,1.23,2026-05-11T15:01:40.898924,2026-05-11T15:14:35.674066+00:00
2014,392,Japan,X,Export,4,Afghanistan,8471,Computers & Laptops,270854.0,3233.0,748.0,2026-05-11T15:01:43.069838,2026-05-11T15:14:35.674066+00:00
2014,392,Japan,X,Export,12,Algeria,8471,Computers & Laptops,566146.0,2350.0,63.0,2026-05-11T15:01:43.069853,2026-05-11T15:14:35.674066+00:00
2014,392,Japan,X,Export,24,Angola,8471,Computers & Laptops,48084.0,329.0,26.0,2026-05-11T15:01:43.069858,2026-05-11T15:14:35.674066+00:00
2014,392,Japan,X,Export,32,Argentina,8471,Computers & Laptops,1026152.0,5297.0,1509.0,2026-05-11T15:01:43.069861,2026-05-11T15:14:35.674066+00:00
2014,392,Japan,X,Export,36,Australia,8471,Computers & Laptops,13242977.0,72131.0,18718.0,2026-05-11T15:01:43.069865,2026-05-11T15:14:35.674066+00:00
2014,392,Japan,X,Export,40,Austria,8471,Computers & Laptops,561094.0,3836.0,2863.0,2026-05-11T15:01:43.069868,2026-05-11T15:14:35.674066+00:00
2014,392,Japan,X,Export,44,Unknown,8471,Computers & Laptops,72116.0,419.0,8.0,2026-05-11T15:01:43.069871,2026-05-11T15:14:35.674066+00:00
2014,392,Japan,X,Export,48,Unknown,8471,Computers & Laptops,237869.0,1315.0,15.0,2026-05-11T15:01:43.069879,2026-05-11T15:14:35.674066+00:00
2014,392,Japan,X,Export,50,Bangladesh,8471,Computers & Laptops,3820052.0,21767.0,341.0,2026-05-11T15:01:43.069883,2026-05-11T15:14:35.674066+00:00
2014,392,Japan,X,Export,56,Belgium,8471,Computers & Laptops,9454369.0,50544.0,60130.0,2026-05-11T15:01:43.069886,2026-05-11T15:14:35.674066+00:00
2014,392,Japan,X,Export,68,Bolivia,8471,Computers & Laptops,44854.0,195.0,9.0,2026-05-11T15:01:43.069889,2026-05-11T15:14:35.674066+00:00
2014,392,Japan,X,Export,76,Brazil,8471,Computers & Laptops,7240515.0,38007.0,24180.0,2026-05-11T15:01:43.069892,2026-05-11T15:14:35.674066+00:00
2014,392,Japan,X,Export,100,Bulgaria,8471,Computers & Laptops,55487.0,217.0,28.0,2026-05-11T15:01:43.069896,2026-05-11T15:14:35.674066+00:00
2014,392,Japan,X,Export,104,Unknown,8471,Computers & Laptops,1264021.0,6596.0,16760.0,2026-05-11T15:01:43.069899,2026-05-11T15:14:35.674066+00:00
2014,392,Japan,X,Export,116,Cambodia,8471,Computers & Laptops,1636614.0,8744.0,51319.0,2026-05-11T15:01:43.069902,2026-05-11T15:14:35.674066+00:00
2014,392,Japan,X,Export,120,Unknown,8471,Computers & Laptops,336312.0,1820.0,13706.0,2026-05-11T15:01:43.069906,2026-05-11T15:14:35.674066+00:00
2014,392,Japan,X,Export,124,Canada,8471,Computers & Laptops,21547028.0,114724.0,28012.0,2026-05-11T15:01:43.069909,2026-05-11T15:14:35.674066+00:00
2014,392,Japan,X,Export,144,Sri Lanka,8471,Computers & Laptops,910362.0,6186.0,7450.0,2026-05-11T15:01:43.069912,2026-05-11T15:14:35.674066+00:00
2014,392,Japan,X,Export,152,Chile,8471,Computers & Laptops,818330.0,4329.0,237.0,2026-05-11T15:01:43.069915,2026-05-11T15:14:35.674066+00:00
2014,392,Japan,X,Export,170,Colombia,8471,Computers & Laptops,311251.0,1967.0,163.0,2026-05-11T15:01:43.069918,2026-05-11T15:14:35.674066+00:00
2014,392,Japan,X,Export,188,Unknown,8471,Computers & Laptops,149653.0,1818.0,2603.0,2026-05-11T15:01:43.069922,2026-05-11T15:14:35.674066+00:00
2014,392,Japan,X,Export,192,Unknown,8471,Computers & Laptops,191608.0,747.0,86.0,2026-05-11T15:01:43.069925,2026-05-11T15:14:35.674066+00:00
2014,392,Japan,X,Export,203,Czech Republic,8471,Computers & Laptops,136650.0,1002.0,1072.0,2026-05-11T15:01:43.069928,2026-05-11T15:14:35.674066+00:00
2014,392,Japan,X,Export,208,Denmark,8471,Computers & Laptops,971798.0,5301.0,1683.0,2026-05-11T15:01:43.069931,2026-05-11T15:14:35.674066+00:00
2014,392,Japan,X,Export,218,Ecuador,8471,Computers & Laptops,143949.0,887.0,69.0,2026-05-11T15:01:43.069934,2026-05-11T15:14:35.674066+00:00
2014,392,Japan,X,Export,222,Unknown,8471,Computers & Laptops,152589.0,764.0,20.0,2026-05-11T15:01:43.069938,2026-05-11T15:14:35.674066+00:00
2014,392,Japan,X,Export,233,Unknown,8471,Computers & Laptops,181882.0,704.0,429.0,2026-05-11T15:01:43.069941,2026-05-11T15:14:35.674066+00:00
2014,392,Japan,X,Export,246,Finland,8471,Computers & Laptops,313139.0,3006.0,1370.0,2026-05-11T15:01:43.069946,2026-05-11T15:14:35.674066+00:00
2014,392,Japan,X,Export,251,Unknown,8471,Computers & Laptops,13208151.0,63665.0,28121.0,2026-05-11T15:01:43.069952,2026-05-11T15:14:35.674066+00:00
2014,392,Japan,X,Export,262,Unknown,8471,Computers & Laptops,154988.0,889.0,13.0,2026-05-11T15:01:43.069956,2026-05-11T15:14:35.674066+00:00
2014,392,Japan,X,Export,276,Germany,8471,Computers & Laptops,395246690.0,2115611.0,885182.0,2026-05-11T15:01:43.069959,2026-05-11T15:14:35.674066+00:00
2014,392,Japan,X,Export,288,Ghana,8471,Computers & Laptops,107357.0,597.0,2099.0,2026-05-11T15:01:43.069962,2026-05-11T15:14:35.674066+00:00
2014,392,Japan,X,Export,300,Greece,8471,Computers & Laptops,36969.0,267.0,19.0,2026-05-11T15:01:43.069966,2026-05-11T15:14:35.674066+00:00
2014,392,Japan,X,Export,316,Unknown,8471,Computers & Laptops,860663.0,4731.0,20.0,2026-05-11T15:01:43.069969,2026-05-11T15:14:35.674066+00:00
2014,392,Japan,X,Export,348,Unknown,8471,Computers & Laptops,462820.0,2697.0,699.0,2026-05-11T15:01:43.069972,2026-05-11T15:14:35.674066+00:00
2014,392,Japan,X,Export,360,Indonesia,8471,Computers & Laptops,6991711.0,45634.0,12549.0,2026-05-11T15:01:43.069975,2026-05-11T15:14:35.674066+00:00
2014,392,Japan,X,Export,364,Iran,8471,Computers & Laptops,232402.0,2851.0,377.0,2026-05-11T15:01:43.069979,2026-05-11T15:14:35.674066+00:00
2014,392,Japan,X,Export,368,Iraq,8471,Computers & Laptops,420808.0,5333.0,58.0,2026-05-11T15:01:43.069983,2026-05-11T15:14:35.674066+00:00
2014,392,Japan,X,Export,372,Ireland,8471,Computers & Laptops,4462025.0,26206.0,505.0,2026-05-11T15:01:43.069987,2026-05-11T15:14:35.674066+00:00
2014,392,Japan,X,Export,376,Israel,8471,Computers & Laptops,439751.0,2663.0,272.0,2026-05-11T15:01:43.069990,2026-05-11T15:14:35.674066+00:00
2014,392,Japan,X,Export,380,Italy,8471,Computers & Laptops,4383346.0,29298.0,4369.0,2026-05-11T15:01:43.069994,2026-05-11T15:14:35.674066+00:00
2014,392,Japan,X,Export,398,Kazakhstan,8471,Computers & Laptops,16091.0,71.0,13.0,2026-05-11T15:01:43.069997,2026-05-11T15:14:35.674066+00:00
2014,392,Japan,X,Export,400,Jordan,8471,Computers & Laptops,46913.0,546.0,292.0,2026-05-11T15:01:43.070000,2026-05-11T15:14:35.674066+00:00
2014,392,Japan,X,Export,404,Kenya,8471,Computers & Laptops,361601.0,1869.0,1773.0,2026-05-11T15:01:43.070004,2026-05-11T15:14:35.674066+00:00
2014,392,Japan,X,Export,414,Kuwait,8471,Computers & Laptops,1301047.0,6859.0,3277.0,2026-05-11T15:01:43.070007,2026-05-11T15:14:35.674066+00:00
2014,392,Japan,X,Export,422,Lebanon,8471,Computers & Laptops,264716.0,1791.0,42.0,2026-05-11T15:01:43.070010,2026-05-11T15:14:35.674066+00:00
2014,392,Japan,X,Export,434,Unknown,8471,Computers & Laptops,554002.0,2491.0,74.0,2026-05-11T15:01:43.070013,2026-05-11T15:14:35.674066+00:00
2014,392,Japan,X,Export,442,Unknown,8471,Computers & Laptops,428165.0,4750.0,4322.0,2026-05-11T15:01:43.070018,2026-05-11T15:14:35.674066+00:00
2014,392,Japan,X,Export,446,Unknown,8471,Computers & Laptops,1553666.0,8003.0,110911.0,2026-05-11T15:01:43.070021,2026-05-11T15:14:35.674066+00:00
2014,392,Japan,X,Export,458,Malaysia,8471,Computers & Laptops,25350593.0,262005.0,695193.0,2026-05-11T15:01:43.070025,2026-05-11T15:14:35.674066+00:00
2014,392,Japan,X,Export,462,Unknown,8471,Computers & Laptops,70898.0,388.0,26.0,2026-05-11T15:01:43.070028,2026-05-11T15:14:35.674066+00:00
2014,392,Japan,X,Export,484,Mexico,8471,Computers & Laptops,10058070.0,64659.0,21867.0,2026-05-11T15:01:43.070031,2026-05-11T15:14:35.674066+00:00
2014,392,Japan,X,Export,496,Unknown,8471,Computers & Laptops,290892.0,1794.0,103.0,2026-05-11T15:01:43.070034,2026-05-11T15:14:35.674066+00:00
2014,392,Japan,X,Export,504,Morocco,8471,Computers & Laptops,210796.0,1150.0,53.0,2026-05-11T15:01:43.070037,2026-05-11T15:14:35.674066+00:00
2014,392,Japan,X,Export,508,Unknown,8471,Computers & Laptops,146140.0,731.0,32103.0,2026-05-11T15:01:43.070040,2026-05-11T15:14:35.674066+00:00
2014,392,Japan,X,Export,512,Unknown,8471,Computers & Laptops,27224.0,199.0,39.0,2026-05-11T15:01:43.070043,2026-05-11T15:14:35.674066+00:00
2014,392,Japan,X,Export,524,Unknown,8471,Computers & Laptops,196320.0,2467.0,53.0,2026-05-11T15:01:43.070046,2026-05-11T15:14:35.674066+00:00
2014,392,Japan,X,Export,528,Netherlands,8471,Computers & Laptops,163802310.0,819575.0,395009.0,2026-05-11T15:01:43.070052,2026-05-11T15:14:35.674066+00:00
2014,392,Japan,X,Export,531,Unknown,8471,Computers & Laptops,111578.0,654.0,19.0,2026-05-11T15:01:43.070055,2026-05-11T15:14:35.674066+00:00
2014,392,Japan,X,Export,554,New Zealand,8471,Computers & Laptops,1208638.0,6988.0,4715.0,2026-05-11T15:01:43.070058,2026-05-11T15:14:35.674066+00:00
2014,392,Japan,X,Export,566,Nigeria,8471,Computers & Laptops,513170.0,2669.0,17972.0,2026-05-11T15:01:43.070061,2026-05-11T15:14:35.674066+00:00
2014,392,Japan,X,Export,579,Unknown,8471,Computers & Laptops,18140.0,157.0,7.0,2026-05-11T15:01:43.070065,2026-05-11T15:14:35.674066+00:00
2014,392,Japan,X,Export,585,Unknown,8471,Computers & Laptops,4722.0,33.0,20.0,2026-05-11T15:01:43.070068,2026-05-11T15:14:35.674066+00:00
2014,392,Japan,X,Export,586,Pakistan,8471,Computers & Laptops,2228794.0,13132.0,97871.0,2026-05-11T15:01:43.070071,2026-05-11T15:14:35.674066+00:00
2014,392,Japan,X,Export,591,Unknown,8471,Computers & Laptops,114600.0,719.0,108.0,2026-05-11T15:01:43.070075,2026-05-11T15:14:35.674066+00:00
2014,392,Japan,X,Export,604,Peru,8471,Computers & Laptops,1499246.0,6711.0,70.0,2026-05-11T15:01:43.070078,2026-05-11T15:14:35.674066+00:00
2014,392,Japan,X,Export,608,Philippines,8471,Computers & Laptops,10562855.0,69474.0,134789.0,2026-05-11T15:01:43.070082,2026-05-11T15:14:35.674066+00:00
2014,392,Japan,X,Export,616,Poland,8471,Computers & Laptops,207415.0,1323.0,320.0,2026-05-11T15:01:43.070087,2026-05-11T15:14:35.674066+00:00
2014,392,Japan,X,Export,620,Portugal,8471,Computers & Laptops,345935.0,3578.0,10112.0,2026-05-11T15:01:43.070091,2026-05-11T15:14:35.674066+00:00
2014,392,Japan,X,Export,634,Qatar,8471,Computers & Laptops,285471.0,1610.0,18.0,2026-05-11T15:01:43.070094,2026-05-11T15:14:35.674066+00:00
2014,392,Japan,X,Export,637,Unknown,8471,Computers & Laptops,2191.0,14.0,20.0,2026-05-11T15:01:43.070097,2026-05-11T15:14:35.674066+00:00
2014,392,Japan,X,Export,642,Romania,8471,Computers & Laptops,109010.0,943.0,214.0,2026-05-11T15:01:43.070100,2026-05-11T15:14:35.674066+00:00
2014,392,Japan,X,Export,643,Russia,8471,Computers & Laptops,1793339.0,10033.0,688.0,2026-05-11T15:01:43.070103,2026-05-11T15:14:35.674066+00:00
2014,392,Japan,X,Export,646,Unknown,8471,Computers & Laptops,105809.0,605.0,70.0,2026-05-11T15:01:43.070107,2026-05-11T15:14:35.674066+00:00
2014,392,Japan,X,Export,682,Saudi Arabia,8471,Computers & Laptops,1683451.0,13267.0,1066.0,2026-05-11T15:01:43.070110,2026-05-11T15:14:35.674066+00:00
2014,392,Japan,X,Export,686,Unknown,8471,Computers & Laptops,9726.0,50.0,72.0,2026-05-11T15:01:43.070113,2026-05-11T15:14:35.674066+00:00
2014,392,Japan,X,Export,699,Unknown,8471,Computers & Laptops,8506056.0,52162.0,11770.0,2026-05-11T15:01:43.070116,2026-05-11T15:14:35.674066+00:00
2014,392,Japan,X,Export,703,Unknown,8471,Computers & Laptops,102570.0,732.0,209.0,2026-05-11T15:01:43.070122,2026-05-11T15:14:35.674066+00:00
2014,392,Japan,X,Export,704,Vietnam,8471,Computers & Laptops,9825772.0,57935.0,85542.0,2026-05-11T15:01:43.070127,2026-05-11T15:14:35.674066+00:00
2014,392,Japan,X,Export,705,Unknown,8471,Computers & Laptops,7951.0,105.0,60.0,2026-05-11T15:01:43.070130,2026-05-11T15:14:35.674066+00:00
2014,392,Japan,X,Export,710,South Africa,8471,Computers & Laptops,3267590.0,20221.0,1707.0,2026-05-11T15:01:43.070134,2026-05-11T15:14:35.674066+00:00
2014,392,Japan,X,Export,716,Zimbabwe,8471,Computers & Laptops,47715.0,266.0,177.0,2026-05-11T15:01:43.070137,2026-05-11T15:14:35.674066+00:00
2014,392,Japan,X,Export,724,Spain,8471,Computers & Laptops,2667987.0,23462.0,52263.0,2026-05-11T15:01:43.070140,2026-05-11T15:14:35.674066+00:00
2014,392,Japan,X,Export,752,Sweden,8471,Computers & Laptops,6620421.0,52596.0,11335.0,2026-05-11T15:01:43.070144,2026-05-11T15:14:35.674066+00:00
2014,392,Japan,X,Export,757,Unknown,8471,Computers & Laptops,670453.0,4103.0,4956.0,2026-05-11T15:01:43.070147,2026-05-11T15:14:35.674066+00:00
2014,392,Japan,X,Export,784,UAE,8471,Computers & Laptops,16576110.0,85355.0,93071.0,2026-05-11T15:01:43.070150,2026-05-11T15:14:35.674066+00:00
2014,392,Japan,X,Export,788,Unknown,8471,Computers & Laptops,179795.0,763.0,43.0,2026-05-11T15:01:43.070153,2026-05-11T15:14:35.674066+00:00
2014,392,Japan,X,Export,792,Turkey,8471,Computers & Laptops,10648314.0,54933.0,15471.0,2026-05-11T15:01:43.070158,2026-05-11T15:14:35.674066+00:00
2014,392,Japan,X,Export,800,Uganda,8471,Computers & Laptops,6733.0,39.0,99.0,2026-05-11T15:01:43.070161,2026-05-11T15:14:35.674066+00:00
2014,392,Japan,X,Export,804,Ukraine,8471,Computers & Laptops,310051.0,1798.0,25.0,2026-05-11T15:01:43.070165,2026-05-11T15:14:35.674066+00:00
2014,392,Japan,X,Export,818,Egypt,8471,Computers & Laptops,1671968.0,10907.0,3076.0,2026-05-11T15:01:43.070168,2026-05-11T15:14:35.674066+00:00
2014,392,Japan,X,Export,826,United Kingdom,8471,Computers & Laptops,74970697.0,444323.0,242128.0,2026-05-11T15:01:43.070171,2026-05-11T15:14:35.674066+00:00
2014,392,Japan,X,Export,834,Unknown,8471,Computers & Laptops,180730.0,1131.0,1701.0,2026-05-11T15:01:43.070174,2026-05-11T15:14:35.674066+00:00
2014,392,Japan,X,Export,858,Unknown,8471,Computers & Laptops,143014.0,674.0,48.0,2026-05-11T15:01:43.070178,2026-05-11T15:14:35.674066+00:00
2014,392,Japan,X,Export,860,Unknown,8471,Computers & Laptops,34779.0,199.0,14.0,2026-05-11T15:01:43.070181,2026-05-11T15:14:35.674066+00:00
2014,392,Japan,X,Export,862,Unknown,8471,Computers & Laptops,73967.0,394.0,159.0,2026-05-11T15:01:43.070184,2026-05-11T15:14:35.674066+00:00
2014,392,Japan,X,Export,887,Yemen,8471,Computers & Laptops,74071.0,345.0,20.0,2026-05-11T15:01:43.070187,2026-05-11T15:14:35.674066+00:00
2014,392,Japan,X,Export,894,Zambia,8471,Computers & Laptops,64477.0,322.0,1487.0,2026-05-11T15:01:43.070192,2026-05-11T15:14:35.674066+00:00
2014,392,Japan,X,Export,764,Thailand,8471,Computers & Laptops,23962274.0,147361.0,160680.0,2026-05-11T15:01:43.070195,2026-05-11T15:14:35.674066+00:00
2014,392,Japan,X,Export,702,Unknown,8471,Computers & Laptops,129283443.0,688628.0,1866372.0,2026-05-11T15:01:43.070198,2026-05-11T15:14:35.674066+00:00
2014,392,Japan,X,Export,842,Unknown,8471,Computers & Laptops,564427355.0,2984829.0,1271695.0,2026-05-11T15:01:43.070201,2026-05-11T15:14:35.674066+00:00
2014,392,Japan,X,Export,410,South Korea,8471,Computers & Laptops,41313654.0,277872.0,113228.0,2026-05-11T15:01:43.070204,2026-05-11T15:14:35.674066+00:00
2014,392,Japan,X,Export,490,Unknown,8471,Computers & Laptops,37775258.0,297082.0,172044.0,2026-05-11T15:01:43.070208,2026-05-11T15:14:35.674066+00:00
2014,392,Japan,X,Export,344,Unknown,8471,Computers & Laptops,121809261.0,742087.0,6308462.0,2026-05-11T15:01:43.070211,2026-05-11T15:14:35.674066+00:00
2014,392,Japan,X,Export,156,China,8471,Computers & Laptops,137766684.0,950052.0,1687384.0,2026-05-11T15:01:43.070216,2026-05-11T15:14:35.674066+00:00
2014,392,Japan,X,Export,0,World,8471,Computers & Laptops,1912889473.0,10881018.0,14806551.0,2026-05-11T15:01:43.070219,2026-05-11T15:14:35.674066+00:00
2014,392,Japan,X,Export,454,Unknown,8471,Computers & Laptops,48735.0,268.0,6.0,2026-05-11T15:01:43.070222,2026-05-11T15:14:35.674066+00:00
2014,392,Japan,X,Export,540,Unknown,8471,Computers & Laptops,132334.0,533.0,6.0,2026-05-11T15:01:43.070227,2026-05-11T15:14:35.674066+00:00
2014,392,Japan,X,Export,729,Unknown,8471,Computers & Laptops,36988.0,427.0,6.0,2026-05-11T15:01:43.070231,2026-05-11T15:14:35.674066+00:00
2014,392,Japan,X,Export,776,Unknown,8471,Computers & Laptops,565768.0,3468.0,6.0,2026-05-11T15:01:43.070234,2026-05-11T15:14:35.674066+00:00
2014,392,Japan,X,Export,31,Unknown,8471,Computers & Laptops,53617.0,338.0,5.0,2026-05-11T15:01:43.070237,2026-05-11T15:14:35.674066+00:00
2014,392,Japan,X,Export,64,Bhutan,8471,Computers & Laptops,5666.0,28.0,5.0,2026-05-11T15:01:43.070240,2026-05-11T15:14:35.674066+00:00
2014,392,Japan,X,Export,148,Unknown,8471,Computers & Laptops,8688.0,48.0,5.0,2026-05-11T15:01:43.070243,2026-05-11T15:14:35.674066+00:00
2014,392,Japan,X,Export,214,Unknown,8471,Computers & Laptops,27064.0,149.0,5.0,2026-05-11T15:01:43.070246,2026-05-11T15:14:35.674066+00:00
2014,392,Japan,X,Export,296,Unknown,8471,Computers & Laptops,158869.0,913.0,5.0,2026-05-11T15:01:43.070249,2026-05-11T15:14:35.674066+00:00
2014,392,Japan,X,Export,580,Unknown,8471,Computers & Laptops,5864.0,32.0,5.0,2026-05-11T15:01:43.070253,2026-05-11T15:14:35.674066+00:00
2014,392,Japan,X,Export,626,Unknown,8471,Computers & Laptops,2059.0,27.0,5.0,2026-05-11T15:01:43.070256,2026-05-11T15:14:35.674066+00:00
2014,392,Japan,X,Export,882,Unknown,8471,Computers & Laptops,6006.0,31.0,5.0,2026-05-11T15:01:43.070261,2026-05-11T15:14:35.674066+00:00
2014,392,Japan,X,Export,180,Unknown,8471,Computers & Laptops,5562.0,28.0,4.0,2026-05-11T15:01:43.070264,2026-05-11T15:14:35.674066+00:00
2014,392,Japan,X,Export,384,Unknown,8471,Computers & Laptops,35128.0,149.0,4.0,2026-05-11T15:01:43.070267,2026-05-11T15:14:35.674066+00:00
2014,392,Japan,X,Export,480,Unknown,8471,Computers & Laptops,34533.0,237.0,4.0,2026-05-11T15:01:43.070270,2026-05-11T15:14:35.674066+00:00
2014,392,Japan,X,Export,499,Unknown,8471,Computers & Laptops,2937.0,39.0,4.0,2026-05-11T15:01:43.070274,2026-05-11T15:14:35.674066+00:00
2014,392,Japan,X,Export,52,Unknown,8471,Computers & Laptops,2370.0,12.0,3.0,2026-05-11T15:01:43.070277,2026-05-11T15:14:35.674066+00:00
2014,392,Japan,X,Export,242,Unknown,8471,Computers & Laptops,242251.0,1528.0,3.0,2026-05-11T15:01:43.070280,2026-05-11T15:14:35.674066+00:00
2014,392,Japan,X,Export,275,Unknown,8471,Computers & Laptops,7866.0,45.0,3.0,2026-05-11T15:01:43.070283,2026-05-11T15:14:35.674066+00:00
2014,392,Japan,X,Export,417,Unknown,8471,Computers & Laptops,147160.0,928.0,3.0,2026-05-11T15:01:43.070286,2026-05-11T15:14:35.674066+00:00
2014,392,Japan,X,Export,598,Unknown,8471,Computers & Laptops,8093.0,41.0,3.0,2026-05-11T15:01:43.070289,2026-05-11T15:14:35.674066+00:00
2014,392,Japan,X,Export,340,Unknown,8471,Computers & Laptops,7866.0,43.0,2.0,2026-05-11T15:01:43.070296,2026-05-11T15:14:35.674066+00:00
2014,392,Japan,X,Export,388,Jamaica,8471,Computers & Laptops,2408.0,32.0,2.0,2026-05-11T15:01:43.070299,2026-05-11T15:14:35.674066+00:00
2014,392,Japan,X,Export,430,Unknown,8471,Computers & Laptops,2011.0,9.0,2.0,2026-05-11T15:01:43.070304,2026-05-11T15:14:35.674066+00:00
2014,392,Japan,X,Export,440,Unknown,8471,Computers & Laptops,6941.0,45.0,2.0,2026-05-11T15:01:43.070308,2026-05-11T15:14:35.674066+00:00
2014,392,Japan,X,Export,478,Unknown,8471,Computers & Laptops,7866.0,43.0,2.0,2026-05-11T15:01:43.070311,2026-05-11T15:14:35.674066+00:00
2014,392,Japan,X,Export,470,Unknown,8471,Computers & Laptops,5194.0,52.0,2.0,2026-05-11T15:01:43.070314,2026-05-11T15:14:35.674066+00:00
2014,392,Japan,X,Export,688,Unknown,8471,Computers & Laptops,5071.0,36.0,2.0,2026-05-11T15:01:43.070317,2026-05-11T15:14:35.674066+00:00
2014,392,Japan,X,Export,748,Unknown,8471,Computers & Laptops,1945.0,26.0,2.0,2026-05-11T15:01:43.070320,2026-05-11T15:14:35.674066+00:00
2014,392,Japan,X,Export,768,Unknown,8471,Computers & Laptops,17328.0,72.0,2.0,2026-05-11T15:01:43.070323,2026-05-11T15:14:35.674066+00:00
2014,392,Japan,X,Export,90,Unknown,8471,Computers & Laptops,4797.0,34.0,1.0,2026-05-11T15:01:43.070327,2026-05-11T15:14:35.674066+00:00
2014,392,Japan,X,Export,92,Unknown,8471,Computers & Laptops,6856.0,38.0,1.0,2026-05-11T15:01:43.070332,2026-05-11T15:14:35.674066+00:00
2014,392,Japan,X,Export,231,Ethiopia,8471,Computers & Laptops,13777.0,76.0,1.0,2026-05-11T15:01:43.070335,2026-05-11T15:14:35.674066+00:00
2014,392,Japan,X,Export,266,Unknown,8471,Computers & Laptops,2115.0,11.0,1.0,2026-05-11T15:01:43.070338,2026-05-11T15:14:35.674066+00:00
2014,392,Japan,X,Export,352,Unknown,8471,Computers & Laptops,2304.0,31.0,1.0,2026-05-11T15:01:43.070341,2026-05-11T15:14:35.674066+00:00
2014,392,Japan,X,Export,428,Unknown,8471,Computers & Laptops,2814.0,15.0,1.0,2026-05-11T15:01:43.070344,2026-05-11T15:14:35.674066+00:00
2014,392,Japan,X,Export,516,Unknown,8471,Computers & Laptops,42871.0,304.0,1.0,2026-05-11T15:01:43.070347,2026-05-11T15:14:35.674066+00:00
2014,392,Japan,X,Export,728,Unknown,8471,Computers & Laptops,1974.0,10.0,1.0,2026-05-11T15:01:43.070350,2026-05-11T15:14:35.674066+00:00
2014,392,Japan,X,Export,780,Unknown,8471,Computers & Laptops,8480.0,44.0,1.0,2026-05-11T15:01:43.070353,2026-05-11T15:14:35.674066+00:00
2014,392,Japan,X,Export,795,Unknown,8471,Computers & Laptops,11218.0,79.0,1.0,2026-05-11T15:01:43.070356,2026-05-11T15:14:35.674066+00:00
2014,392,Japan,X,Export,807,Unknown,8471,Computers & Laptops,11964.0,85.0,1.0,2026-05-11T15:01:43.070359,2026-05-11T15:14:35.674066+00:00
2014,392,Japan,M,Import,120,Unknown,8471,Computers & Laptops,163895.0,839.0,432.0,2026-05-11T15:01:43.070364,2026-05-11T15:14:35.674066+00:00
2014,392,Japan,M,Import,152,Chile,8471,Computers & Laptops,5370.0,28.0,27.0,2026-05-11T15:01:43.070367,2026-05-11T15:14:35.674066+00:00
2014,392,Japan,M,Import,233,Unknown,8471,Computers & Laptops,2156.0,9.0,4.0,2026-05-11T15:01:43.070440,2026-05-11T15:14:35.674066+00:00
2014,392,Japan,M,Import,262,Unknown,8471,Computers & Laptops,48716.0,241.0,100.0,2026-05-11T15:01:43.070443,2026-05-11T15:14:35.674066+00:00
2014,392,Japan,M,Import,300,Greece,8471,Computers & Laptops,24722.0,123.0,27.0,2026-05-11T15:01:43.070446,2026-05-11T15:14:35.674066+00:00
2014,392,Japan,M,Import,554,New Zealand,8471,Computers & Laptops,527580.0,2704.0,73.0,2026-05-11T15:01:43.070449,2026-05-11T15:14:35.674066+00:00
2014,392,Japan,M,Import,566,Nigeria,8471,Computers & Laptops,5304.0,28.0,12.0,2026-05-11T15:01:43.070452,2026-05-11T15:14:35.674066+00:00
2014,392,Japan,M,Import,642,Romania,8471,Computers & Laptops,433230.0,2055.0,1500.0,2026-05-11T15:01:43.070455,2026-05-11T15:14:35.674066+00:00
2014,392,Japan,M,Import,643,Russia,8471,Computers & Laptops,170645.0,796.0,126.0,2026-05-11T15:01:43.070458,2026-05-11T15:14:35.674066+00:00
2014,392,Japan,M,Import,688,Unknown,8471,Computers & Laptops,13727.0,71.0,66.0,2026-05-11T15:01:43.070461,2026-05-11T15:14:35.674066+00:00
2014,392,Japan,M,Import,710,South Africa,8471,Computers & Laptops,153826.0,689.0,117.0,2026-05-11T15:01:43.070467,2026-05-11T15:14:35.674066+00:00
2014,392,Japan,M,Import,788,Unknown,8471,Computers & Laptops,35377.0,321.0,8.0,2026-05-11T15:01:43.070470,2026-05-11T15:14:35.674066+00:00
2014,392,Japan,M,Import,792,Turkey,8471,Computers & Laptops,81588.0,420.0,219.0,2026-05-11T15:01:43.070473,2026-05-11T15:14:35.674066+00:00
2014,392,Japan,M,Import,804,Ukraine,8471,Computers & Laptops,23115.0,121.0,22.0,2026-05-11T15:01:43.070476,2026-05-11T15:14:35.674066+00:00
2014,392,Japan,M,Import,800,Uganda,8471,Computers & Laptops,13576.0,73.0,3.0,2026-05-11T15:01:43.070479,2026-05-11T15:14:35.674066+00:00
2014,392,Japan,M,Import,352,Unknown,8471,Computers & Laptops,8442.0,35.0,2.0,2026-05-11T15:01:43.070482,2026-05-11T15:14:35.674066+00:00
2014,392,Japan,M,Import,591,Unknown,8471,Computers & Laptops,2127.0,11.0,2.0,2026-05-11T15:01:43.070485,2026-05-11T15:14:35.674066+00:00
2014,392,Japan,M,Import,0,World,8471,Computers & Laptops,16808227725.0,0.0,88943598.0,2026-05-11T15:01:43.070488,2026-05-11T15:14:35.674066+00:00
2014,392,Japan,M,Import,36,Australia,8471,Computers & Laptops,1994681.0,0.0,16852.0,2026-05-11T15:01:43.070492,2026-05-11T15:14:35.674066+00:00
2014,392,Japan,M,Import,40,Austria,8471,Computers & Laptops,9817988.0,0.0,9428.0,2026-05-11T15:01:43.070495,2026-05-11T15:14:35.674066+00:00
2014,392,Japan,M,Import,56,Belgium,8471,Computers & Laptops,7355723.0,0.0,4239.0,2026-05-11T15:01:43.070500,2026-05-11T15:14:35.674066+00:00
2014,392,Japan,M,Import,76,Brazil,8471,Computers & Laptops,142415.0,0.0,3208.0,2026-05-11T15:01:43.070505,2026-05-11T15:14:35.674066+00:00
2014,392,Japan,M,Import,100,Bulgaria,8471,Computers & Laptops,352379.0,0.0,3462.0,2026-05-11T15:01:43.070508,2026-05-11T15:14:35.674066+00:00
2014,392,Japan,M,Import,124,Canada,8471,Computers & Laptops,20783749.0,0.0,8953.0,2026-05-11T15:01:43.070511,2026-05-11T15:14:35.674066+00:00
2014,392,Japan,M,Import,156,China,8471,Computers & Laptops,13308380702.0,0.0,65242052.0,2026-05-11T15:01:43.070514,2026-05-11T15:14:35.674066+00:00
2014,392,Japan,M,Import,170,Colombia,8471,Computers & Laptops,12035.0,0.0,3.0,2026-05-11T15:01:43.070517,2026-05-11T15:14:35.674066+00:00
2014,392,Japan,M,Import,188,Unknown,8471,Computers & Laptops,1014414.0,0.0,3513.0,2026-05-11T15:01:43.070521,2026-05-11T15:14:35.674066+00:00
2014,392,Japan,M,Import,203,Czech Republic,8471,Computers & Laptops,11845040.0,0.0,6880.0,2026-05-11T15:01:43.070524,2026-05-11T15:14:35.674066+00:00
2014,392,Japan,M,Import,208,Denmark,8471,Computers & Laptops,1998037.0,0.0,1370.0,2026-05-11T15:01:43.070527,2026-05-11T15:14:35.674066+00:00
2014,392,Japan,M,Import,246,Finland,8471,Computers & Laptops,1143783.0,0.0,496.0,2026-05-11T15:01:43.070530,2026-05-11T15:14:35.674066+00:00
2014,392,Japan,M,Import,251,Unknown,8471,Computers & Laptops,15117958.0,0.0,106704.0,2026-05-11T15:01:43.070535,2026-05-11T15:14:35.674066+00:00
2014,392,Japan,M,Import,276,Germany,8471,Computers & Laptops,99733810.0,0.0,93280.0,2026-05-11T15:01:43.070538,2026-05-11T15:14:35.674066+00:00
2014,392,Japan,M,Import,344,Unknown,8471,Computers & Laptops,8983673.0,0.0,192534.0,2026-05-11T15:01:43.070541,2026-05-11T15:14:35.674066+00:00
2014,392,Japan,M,Import,348,Unknown,8471,Computers & Laptops,71820232.0,0.0,53365.0,2026-05-11T15:01:43.070546,2026-05-11T15:14:35.674066+00:00
2014,392,Japan,M,Import,360,Indonesia,8471,Computers & Laptops,17966448.0,0.0,90677.0,2026-05-11T15:01:43.070549,2026-05-11T15:14:35.674066+00:00
2014,392,Japan,M,Import,372,Ireland,8471,Computers & Laptops,65223742.0,0.0,58918.0,2026-05-11T15:01:43.070552,2026-05-11T15:14:35.674066+00:00
2014,392,Japan,M,Import,376,Israel,8471,Computers & Laptops,34162124.0,0.0,9372.0,2026-05-11T15:01:43.070555,2026-05-11T15:14:35.674066+00:00
2014,392,Japan,M,Import,380,Italy,8471,Computers & Laptops,6478382.0,0.0,13407.0,2026-05-11T15:01:43.070558,2026-05-11T15:14:35.674066+00:00
2014,392,Japan,M,Import,410,South Korea,8471,Computers & Laptops,136111223.0,0.0,797780.0,2026-05-11T15:01:43.070562,2026-05-11T15:14:35.674066+00:00
2014,392,Japan,M,Import,428,Unknown,8471,Computers & Laptops,12961.0,0.0,14.0,2026-05-11T15:01:43.070565,2026-05-11T15:14:35.674066+00:00
2014,392,Japan,M,Import,442,Unknown,8471,Computers & Laptops,50806.0,0.0,31.0,2026-05-11T15:01:43.070570,2026-05-11T15:14:35.674066+00:00
2014,392,Japan,M,Import,458,Malaysia,8471,Computers & Laptops,200098902.0,0.0,3486323.0,2026-05-11T15:01:43.070573,2026-05-11T15:14:35.674066+00:00
2014,392,Japan,M,Import,484,Mexico,8471,Computers & Laptops,166084062.0,0.0,92625.0,2026-05-11T15:01:43.070576,2026-05-11T15:14:35.674066+00:00
2014,392,Japan,M,Import,490,Unknown,8471,Computers & Laptops,318837511.0,0.0,2066294.0,2026-05-11T15:01:43.070579,2026-05-11T15:14:35.674066+00:00
2014,392,Japan,M,Import,528,Netherlands,8471,Computers & Laptops,10004696.0,0.0,44256.0,2026-05-11T15:01:43.070582,2026-05-11T15:14:35.674066+00:00
2014,392,Japan,M,Import,579,Unknown,8471,Computers & Laptops,5723310.0,0.0,3547.0,2026-05-11T15:01:43.070585,2026-05-11T15:14:35.674066+00:00
2014,392,Japan,M,Import,608,Philippines,8471,Computers & Laptops,269827796.0,0.0,7849849.0,2026-05-11T15:01:43.070588,2026-05-11T15:14:35.674066+00:00
2014,392,Japan,M,Import,616,Poland,8471,Computers & Laptops,7183092.0,0.0,1523.0,2026-05-11T15:01:43.070591,2026-05-11T15:14:35.674066+00:00
2014,392,Japan,M,Import,620,Portugal,8471,Computers & Laptops,310186.0,0.0,409.0,2026-05-11T15:01:43.070594,2026-05-11T15:14:35.674066+00:00
2014,392,Japan,M,Import,682,Saudi Arabia,8471,Computers & Laptops,41598.0,0.0,38.0,2026-05-11T15:01:43.070597,2026-05-11T15:14:35.674066+00:00
2014,392,Japan,M,Import,699,Unknown,8471,Computers & Laptops,2851364.0,0.0,5583.0,2026-05-11T15:01:43.070601,2026-05-11T15:14:35.674066+00:00
2014,392,Japan,M,Import,702,Unknown,8471,Computers & Laptops,570751357.0,0.0,631983.0,2026-05-11T15:01:43.070604,2026-05-11T15:14:35.674066+00:00
2014,392,Japan,M,Import,703,Unknown,8471,Computers & Laptops,87686.0,0.0,351.0,2026-05-11T15:01:43.070607,2026-05-11T15:14:35.674066+00:00
2014,392,Japan,M,Import,704,Vietnam,8471,Computers & Laptops,5738427.0,0.0,66489.0,2026-05-11T15:01:43.070610,2026-05-11T15:14:35.674066+00:00
2014,392,Japan,M,Import,705,Unknown,8471,Computers & Laptops,91675.0,0.0,428.0,2026-05-11T15:01:43.070613,2026-05-11T15:14:35.674066+00:00
2014,392,Japan,M,Import,724,Spain,8471,Computers & Laptops,699492.0,0.0,178.0,2026-05-11T15:01:43.070617,2026-05-11T15:14:35.674066+00:00
2014,392,Japan,M,Import,752,Sweden,8471,Computers & Laptops,7560279.0,0.0,4375.0,2026-05-11T15:01:43.070620,2026-05-11T15:14:35.674066+00:00
2014,392,Japan,M,Import,757,Unknown,8471,Computers & Laptops,3285615.0,0.0,1847.0,2026-05-11T15:01:43.070622,2026-05-11T15:14:35.674066+00:00
2014,392,Japan,M,Import,764,Thailand,8471,Computers & Laptops,580385333.0,0.0,7591418.0,2026-05-11T15:01:43.070626,2026-05-11T15:14:35.674066+00:00
2014,392,Japan,M,Import,784,UAE,8471,Computers & Laptops,43677.0,0.0,437.0,2026-05-11T15:01:43.070628,2026-05-11T15:14:35.674066+00:00
2014,392,Japan,M,Import,826,United Kingdom,8471,Computers & Laptops,19646433.0,0.0,87733.0,2026-05-11T15:01:43.070633,2026-05-11T15:14:35.674066+00:00
2014,392,Japan,M,Import,842,Unknown,8471,Computers & Laptops,816739200.0,0.0,288631.0,2026-05-11T15:01:43.070636,2026-05-11T15:14:35.674066+00:00
2014,392,Japan,M,Import,222,Unknown,8471,Computers & Laptops,14673.0,79.0,1.0,2026-05-11T15:01:43.070639,2026-05-11T15:14:35.674066+00:00
2014,392,Japan,M,Import,364,Iran,8471,Computers & Laptops,2647.0,13.0,1.0,2026-05-11T15:01:43.070642,2026-05-11T15:14:35.674066+00:00
2014,392,Japan,M,Import,818,Egypt,8471,Computers & Laptops,3016.0,27.0,1.0,2026-05-11T15:01:43.070646,2026-05-11T15:14:35.674066+00:00
2015,392,Japan,X,Export,430,Unknown,8471,Computers & Laptops,1793.0,0.0,1.0,2026-05-11T15:01:43.070649,2026-05-11T15:14:35.674066+00:00
2015,392,Japan,X,Export,0,World,8471,Computers & Laptops,1683787124.0,0.0,11833296.0,2026-05-11T15:01:43.070651,2026-05-11T15:14:35.674066+00:00
2015,392,Japan,X,Export,12,Algeria,8471,Computers & Laptops,1052164.0,0.0,130.0,2026-05-11T15:01:43.070654,2026-05-11T15:14:35.674066+00:00
2015,392,Japan,X,Export,32,Argentina,8471,Computers & Laptops,1043487.0,0.0,511.0,2026-05-11T15:01:43.070657,2026-05-11T15:14:35.674066+00:00
2015,392,Japan,X,Export,36,Australia,8471,Computers & Laptops,16834082.0,0.0,21472.0,2026-05-11T15:01:43.070660,2026-05-11T15:14:35.674066+00:00
2015,392,Japan,X,Export,40,Austria,8471,Computers & Laptops,685548.0,0.0,1148.0,2026-05-11T15:01:43.070665,2026-05-11T15:14:35.674066+00:00
2015,392,Japan,X,Export,44,Unknown,8471,Computers & Laptops,18561.0,0.0,7.0,2026-05-11T15:01:43.070668,2026-05-11T15:14:35.674066+00:00
2015,392,Japan,X,Export,48,Unknown,8471,Computers & Laptops,83095.0,0.0,13.0,2026-05-11T15:01:43.070672,2026-05-11T15:14:35.674066+00:00
2015,392,Japan,X,Export,50,Bangladesh,8471,Computers & Laptops,1049107.0,0.0,233.0,2026-05-11T15:01:43.070675,2026-05-11T15:14:35.674066+00:00
2015,392,Japan,X,Export,56,Belgium,8471,Computers & Laptops,7031730.0,0.0,64400.0,2026-05-11T15:01:43.070677,2026-05-11T15:14:35.674066+00:00
2015,392,Japan,X,Export,68,Bolivia,8471,Computers & Laptops,82508.0,0.0,29.0,2026-05-11T15:01:43.070681,2026-05-11T15:14:35.674066+00:00
2015,392,Japan,X,Export,76,Brazil,8471,Computers & Laptops,5329999.0,0.0,21697.0,2026-05-11T15:01:43.070684,2026-05-11T15:14:35.674066+00:00
2015,392,Japan,X,Export,124,Canada,8471,Computers & Laptops,24328423.0,0.0,25025.0,2026-05-11T15:01:43.070687,2026-05-11T15:14:35.674066+00:00
2015,392,Japan,X,Export,144,Sri Lanka,8471,Computers & Laptops,418505.0,0.0,4136.0,2026-05-11T15:01:43.070690,2026-05-11T15:14:35.674066+00:00
2015,392,Japan,X,Export,152,Chile,8471,Computers & Laptops,500327.0,0.0,150.0,2026-05-11T15:01:43.070693,2026-05-11T15:14:35.674066+00:00
2015,392,Japan,X,Export,156,China,8471,Computers & Laptops,133071680.0,0.0,1659704.0,2026-05-11T15:01:43.070698,2026-05-11T15:14:35.674066+00:00
2015,392,Japan,X,Export,170,Colombia,8471,Computers & Laptops,351922.0,0.0,149.0,2026-05-11T15:01:43.070701,2026-05-11T15:14:35.674066+00:00
2015,392,Japan,X,Export,192,Unknown,8471,Computers & Laptops,15652.0,0.0,33.0,2026-05-11T15:01:43.070704,2026-05-11T15:14:35.674066+00:00
2015,392,Japan,X,Export,203,Czech Republic,8471,Computers & Laptops,323172.0,0.0,1034.0,2026-05-11T15:01:43.070707,2026-05-11T15:14:35.674066+00:00
2015,392,Japan,X,Export,208,Denmark,8471,Computers & Laptops,773353.0,0.0,1106.0,2026-05-11T15:01:43.070712,2026-05-11T15:14:35.674066+00:00
2015,392,Japan,X,Export,218,Ecuador,8471,Computers & Laptops,245416.0,0.0,60.0,2026-05-11T15:01:43.070719,2026-05-11T15:14:35.674066+00:00
2015,392,Japan,X,Export,246,Finland,8471,Computers & Laptops,99019.0,0.0,416.0,2026-05-11T15:01:43.070722,2026-05-11T15:14:35.674066+00:00
2015,392,Japan,X,Export,251,Unknown,8471,Computers & Laptops,21852280.0,0.0,25545.0,2026-05-11T15:01:43.070739,2026-05-11T15:14:35.674066+00:00
2015,392,Japan,X,Export,262,Unknown,8471,Computers & Laptops,7813331.0,0.0,18.0,2026-05-11T15:01:43.070743,2026-05-11T15:14:35.674066+00:00
2015,392,Japan,X,Export,276,Germany,8471,Computers & Laptops,362190981.0,0.0,601831.0,2026-05-11T15:01:43.070746,2026-05-11T15:14:35.674066+00:00
2015,392,Japan,X,Export,300,Greece,8471,Computers & Laptops,62005.0,0.0,124.0,2026-05-11T15:01:43.070751,2026-05-11T15:14:35.674066+00:00
2015,392,Japan,X,Export,344,Unknown,8471,Computers & Laptops,81821418.0,0.0,4541303.0,2026-05-11T15:01:43.070754,2026-05-11T15:14:35.674066+00:00
2015,392,Japan,X,Export,348,Unknown,8471,Computers & Laptops,926741.0,0.0,1449.0,2026-05-11T15:01:43.070757,2026-05-11T15:14:35.674066+00:00
2015,392,Japan,X,Export,360,Indonesia,8471,Computers & Laptops,10048553.0,0.0,21240.0,2026-05-11T15:01:43.070760,2026-05-11T15:14:35.674066+00:00
2015,392,Japan,X,Export,364,Iran,8471,Computers & Laptops,111944.0,0.0,207.0,2026-05-11T15:01:43.070763,2026-05-11T15:14:35.674066+00:00
2015,392,Japan,X,Export,372,Ireland,8471,Computers & Laptops,2086222.0,0.0,877.0,2026-05-11T15:01:43.070766,2026-05-11T15:14:35.674066+00:00
2015,392,Japan,X,Export,376,Israel,8471,Computers & Laptops,385020.0,0.0,237.0,2026-05-11T15:01:43.070770,2026-05-11T15:14:35.674066+00:00
2015,392,Japan,X,Export,380,Italy,8471,Computers & Laptops,3209812.0,0.0,2957.0,2026-05-11T15:01:43.070773,2026-05-11T15:14:35.674066+00:00
2015,392,Japan,X,Export,400,Jordan,8471,Computers & Laptops,158396.0,0.0,28.0,2026-05-11T15:01:43.070776,2026-05-11T15:14:35.674066+00:00
2015,392,Japan,X,Export,410,South Korea,8471,Computers & Laptops,44395373.0,0.0,139725.0,2026-05-11T15:01:43.070779,2026-05-11T15:14:35.674066+00:00
2015,392,Japan,X,Export,440,Unknown,8471,Computers & Laptops,48014.0,0.0,535.0,2026-05-11T15:01:43.070783,2026-05-11T15:14:35.674066+00:00
2015,392,Japan,X,Export,442,Unknown,8471,Computers & Laptops,448446.0,0.0,5092.0,2026-05-11T15:01:43.070786,2026-05-11T15:14:35.674066+00:00
2015,392,Japan,X,Export,446,Unknown,8471,Computers & Laptops,5232674.0,0.0,571017.0,2026-05-11T15:01:43.070789,2026-05-11T15:14:35.674066+00:00
2015,392,Japan,X,Export,458,Malaysia,8471,Computers & Laptops,20512008.0,0.0,116820.0,2026-05-11T15:01:43.070792,2026-05-11T15:14:35.674066+00:00
2015,392,Japan,X,Export,484,Mexico,8471,Computers & Laptops,7267138.0,0.0,12456.0,2026-05-11T15:01:43.070795,2026-05-11T15:14:35.674066+00:00
2015,392,Japan,X,Export,490,Unknown,8471,Computers & Laptops,42067305.0,0.0,132946.0,2026-05-11T15:01:43.070798,2026-05-11T15:14:35.674066+00:00
2015,392,Japan,X,Export,512,Unknown,8471,Computers & Laptops,9818.0,0.0,4.0,2026-05-11T15:01:43.070801,2026-05-11T15:14:35.674066+00:00
2015,392,Japan,X,Export,524,Unknown,8471,Computers & Laptops,151653.0,0.0,50.0,2026-05-11T15:01:43.070804,2026-05-11T15:14:35.674066+00:00
2015,392,Japan,X,Export,528,Netherlands,8471,Computers & Laptops,105724187.0,0.0,329993.0,2026-05-11T15:01:43.070807,2026-05-11T15:14:35.674066+00:00
2015,392,Japan,X,Export,554,New Zealand,8471,Computers & Laptops,1032157.0,0.0,218.0,2026-05-11T15:01:43.070810,2026-05-11T15:14:35.674066+00:00
2015,392,Japan,X,Export,566,Nigeria,8471,Computers & Laptops,351369.0,0.0,10829.0,2026-05-11T15:01:43.070815,2026-05-11T15:14:35.674066+00:00
2015,392,Japan,X,Export,579,Unknown,8471,Computers & Laptops,30478.0,0.0,35.0,2026-05-11T15:01:43.070818,2026-05-11T15:14:35.674066+00:00
2015,392,Japan,X,Export,584,Unknown,8471,Computers & Laptops,16379.0,0.0,14.0,2026-05-11T15:01:43.070821,2026-05-11T15:14:35.674066+00:00
2015,392,Japan,X,Export,586,Pakistan,8471,Computers & Laptops,900016.0,0.0,21124.0,2026-05-11T15:01:43.070824,2026-05-11T15:14:35.674066+00:00
2015,392,Japan,X,Export,591,Unknown,8471,Computers & Laptops,174048.0,0.0,56.0,2026-05-11T15:01:43.070828,2026-05-11T15:14:35.674066+00:00
2015,392,Japan,X,Export,598,Unknown,8471,Computers & Laptops,14528.0,0.0,12.0,2026-05-11T15:01:43.070831,2026-05-11T15:14:35.674066+00:00
2015,392,Japan,X,Export,604,Peru,8471,Computers & Laptops,286034.0,0.0,54.0,2026-05-11T15:01:43.070834,2026-05-11T15:14:35.674066+00:00
2015,392,Japan,X,Export,608,Philippines,8471,Computers & Laptops,11991519.0,0.0,136566.0,2026-05-11T15:01:43.070837,2026-05-11T15:14:35.674066+00:00
2015,392,Japan,X,Export,616,Poland,8471,Computers & Laptops,289141.0,0.0,134.0,2026-05-11T15:01:43.070840,2026-05-11T15:14:35.674066+00:00
2015,392,Japan,X,Export,620,Portugal,8471,Computers & Laptops,27230.0,0.0,31.0,2026-05-11T15:01:43.070843,2026-05-11T15:14:35.674066+00:00
2015,392,Japan,X,Export,642,Romania,8471,Computers & Laptops,24825.0,0.0,91.0,2026-05-11T15:01:43.070848,2026-05-11T15:14:35.674066+00:00
2015,392,Japan,X,Export,634,Qatar,8471,Computers & Laptops,1441200.0,0.0,103.0,2026-05-11T15:01:43.070851,2026-05-11T15:14:35.674066+00:00
2015,392,Japan,X,Export,643,Russia,8471,Computers & Laptops,1438432.0,0.0,3244.0,2026-05-11T15:01:43.070855,2026-05-11T15:14:35.674066+00:00
2015,392,Japan,X,Export,682,Saudi Arabia,8471,Computers & Laptops,599512.0,0.0,238.0,2026-05-11T15:01:43.070858,2026-05-11T15:14:35.674066+00:00
2015,392,Japan,X,Export,694,Unknown,8471,Computers & Laptops,22784.0,0.0,16.0,2026-05-11T15:01:43.070872,2026-05-11T15:14:35.674066+00:00
2015,392,Japan,X,Export,699,Unknown,8471,Computers & Laptops,9250738.0,0.0,11777.0,2026-05-11T15:01:43.070875,2026-05-11T15:14:35.674066+00:00
2015,392,Japan,X,Export,702,Unknown,8471,Computers & Laptops,82682774.0,0.0,1816302.0,2026-05-11T15:01:43.070879,2026-05-11T15:14:35.674066+00:00
2015,392,Japan,X,Export,703,Unknown,8471,Computers & Laptops,65021.0,0.0,10.0,2026-05-11T15:01:43.070882,2026-05-11T15:14:35.674066+00:00
2015,392,Japan,X,Export,704,Vietnam,8471,Computers & Laptops,8102125.0,0.0,64096.0,2026-05-11T15:01:43.070885,2026-05-11T15:14:35.674066+00:00
2015,392,Japan,X,Export,710,South Africa,8471,Computers & Laptops,6595755.0,0.0,2016.0,2026-05-11T15:01:43.070888,2026-05-11T15:14:35.674066+00:00
2015,392,Japan,X,Export,724,Spain,8471,Computers & Laptops,1983872.0,0.0,7279.0,2026-05-11T15:01:43.070893,2026-05-11T15:14:35.674066+00:00
2015,392,Japan,X,Export,729,Unknown,8471,Computers & Laptops,69236.0,0.0,10.0,2026-05-11T15:01:43.070896,2026-05-11T15:14:35.674066+00:00
2015,392,Japan,X,Export,748,Unknown,8471,Computers & Laptops,11181.0,0.0,11.0,2026-05-11T15:01:43.070899,2026-05-11T15:14:35.674066+00:00
2015,392,Japan,X,Export,752,Sweden,8471,Computers & Laptops,6797909.0,0.0,19018.0,2026-05-11T15:01:43.070902,2026-05-11T15:14:35.674066+00:00
2015,392,Japan,X,Export,757,Unknown,8471,Computers & Laptops,613147.0,0.0,471.0,2026-05-11T15:01:43.070905,2026-05-11T15:14:35.674066+00:00
2015,392,Japan,X,Export,764,Thailand,8471,Computers & Laptops,23122631.0,0.0,163411.0,2026-05-11T15:01:43.070910,2026-05-11T15:14:35.674066+00:00
2015,392,Japan,X,Export,784,UAE,8471,Computers & Laptops,10730498.0,0.0,111515.0,2026-05-11T15:01:43.070913,2026-05-11T15:14:35.674066+00:00
2015,392,Japan,X,Export,792,Turkey,8471,Computers & Laptops,6016076.0,0.0,9644.0,2026-05-11T15:01:43.070916,2026-05-11T15:14:35.674066+00:00
2015,392,Japan,X,Export,818,Egypt,8471,Computers & Laptops,1608745.0,0.0,42297.0,2026-05-11T15:01:43.070919,2026-05-11T15:14:35.674066+00:00
2015,392,Japan,X,Export,826,United Kingdom,8471,Computers & Laptops,53096448.0,0.0,101276.0,2026-05-11T15:01:43.070922,2026-05-11T15:14:35.674066+00:00
2015,392,Japan,X,Export,842,Unknown,8471,Computers & Laptops,533555425.0,0.0,894459.0,2026-05-11T15:01:43.070926,2026-05-11T15:14:35.674066+00:00
2015,392,Japan,X,Export,4,Afghanistan,8471,Computers & Laptops,47130.0,211.0,4513.0,2026-05-11T15:01:43.070930,2026-05-11T15:14:35.674066+00:00
2015,392,Japan,X,Export,64,Bhutan,8471,Computers & Laptops,37684.0,229.0,8.0,2026-05-11T15:01:43.070933,2026-05-11T15:14:35.674066+00:00
2015,392,Japan,X,Export,70,Unknown,8471,Computers & Laptops,14677.0,68.0,32.0,2026-05-11T15:01:43.070936,2026-05-11T15:14:35.674066+00:00
2015,392,Japan,X,Export,100,Bulgaria,8471,Computers & Laptops,37560.0,157.0,14.0,2026-05-11T15:01:43.070939,2026-05-11T15:14:35.674066+00:00
2015,392,Japan,X,Export,104,Unknown,8471,Computers & Laptops,814169.0,4098.0,7902.0,2026-05-11T15:01:43.070942,2026-05-11T15:14:35.674066+00:00
2015,392,Japan,X,Export,116,Cambodia,8471,Computers & Laptops,1458125.0,7012.0,53102.0,2026-05-11T15:01:43.070945,2026-05-11T15:14:35.674066+00:00
2015,392,Japan,X,Export,120,Unknown,8471,Computers & Laptops,304785.0,1394.0,13539.0,2026-05-11T15:01:43.070948,2026-05-11T15:14:35.674066+00:00
2015,392,Japan,X,Export,180,Unknown,8471,Computers & Laptops,1785.0,7.0,7.0,2026-05-11T15:01:43.070953,2026-05-11T15:14:35.674066+00:00
2015,392,Japan,X,Export,188,Unknown,8471,Computers & Laptops,35395.0,172.0,9005.0,2026-05-11T15:01:43.070956,2026-05-11T15:14:35.674066+00:00
2015,392,Japan,X,Export,222,Unknown,8471,Computers & Laptops,278431.0,1156.0,43.0,2026-05-11T15:01:43.070961,2026-05-11T15:14:35.674066+00:00
2015,392,Japan,X,Export,233,Unknown,8471,Computers & Laptops,120911.0,503.0,158.0,2026-05-11T15:01:43.070964,2026-05-11T15:14:35.674066+00:00
2015,392,Japan,X,Export,288,Ghana,8471,Computers & Laptops,392251.0,1569.0,1875.0,2026-05-11T15:01:43.070967,2026-05-11T15:14:35.674066+00:00
2015,392,Japan,X,Export,324,Unknown,8471,Computers & Laptops,2124.0,10.0,16.0,2026-05-11T15:01:43.070970,2026-05-11T15:14:35.674066+00:00
2015,392,Japan,X,Export,368,Iraq,8471,Computers & Laptops,408217.0,1948.0,22.0,2026-05-11T15:01:43.070973,2026-05-11T15:14:35.674066+00:00
2015,392,Japan,X,Export,384,Unknown,8471,Computers & Laptops,62005.0,249.0,14.0,2026-05-11T15:01:43.070976,2026-05-11T15:14:35.674066+00:00
2015,392,Japan,X,Export,404,Kenya,8471,Computers & Laptops,161148.0,727.0,57.0,2026-05-11T15:01:43.070979,2026-05-11T15:14:35.674066+00:00
2015,392,Japan,X,Export,414,Kuwait,8471,Computers & Laptops,810277.0,3500.0,4183.0,2026-05-11T15:01:43.070982,2026-05-11T15:14:35.674066+00:00
2015,392,Japan,X,Export,418,Unknown,8471,Computers & Laptops,301661.0,1776.0,25.0,2026-05-11T15:01:43.070985,2026-05-11T15:14:35.674066+00:00
2015,392,Japan,X,Export,422,Lebanon,8471,Computers & Laptops,142356.0,662.0,46.0,2026-05-11T15:01:43.070988,2026-05-11T15:14:35.674066+00:00
2015,392,Japan,X,Export,428,Unknown,8471,Computers & Laptops,6644.0,24.0,11.0,2026-05-11T15:01:43.070993,2026-05-11T15:14:35.674066+00:00
2015,392,Japan,X,Export,454,Unknown,8471,Computers & Laptops,107292.0,499.0,8.0,2026-05-11T15:01:43.070996,2026-05-11T15:14:35.674066+00:00
2015,392,Japan,X,Export,496,Unknown,8471,Computers & Laptops,84574.0,379.0,16.0,2026-05-11T15:01:43.070999,2026-05-11T15:14:35.674066+00:00
2015,392,Japan,X,Export,504,Morocco,8471,Computers & Laptops,48849.0,226.0,11.0,2026-05-11T15:01:43.071003,2026-05-11T15:14:35.674066+00:00
2015,392,Japan,X,Export,508,Unknown,8471,Computers & Laptops,283414.0,1236.0,14212.0,2026-05-11T15:01:43.071006,2026-05-11T15:14:35.674066+00:00
2015,392,Japan,X,Export,548,Unknown,8471,Computers & Laptops,644600.0,3188.0,9.0,2026-05-11T15:01:43.071009,2026-05-11T15:14:35.674066+00:00
2015,392,Japan,X,Export,585,Unknown,8471,Computers & Laptops,7181.0,38.0,7.0,2026-05-11T15:01:43.071012,2026-05-11T15:14:35.674066+00:00
2015,392,Japan,X,Export,600,Unknown,8471,Computers & Laptops,217128.0,1121.0,196.0,2026-05-11T15:01:43.071015,2026-05-11T15:14:35.674066+00:00
2015,392,Japan,X,Export,686,Unknown,8471,Computers & Laptops,2372.0,9.0,110.0,2026-05-11T15:01:43.071018,2026-05-11T15:14:35.674066+00:00
2015,392,Japan,X,Export,688,Unknown,8471,Computers & Laptops,190006.0,883.0,21.0,2026-05-11T15:01:43.071020,2026-05-11T15:14:35.674066+00:00
2015,392,Japan,X,Export,705,Unknown,8471,Computers & Laptops,4082.0,19.0,100.0,2026-05-11T15:01:43.071025,2026-05-11T15:14:35.674066+00:00
2015,392,Japan,X,Export,706,Unknown,8471,Computers & Laptops,4553.0,20.0,24.0,2026-05-11T15:01:43.071028,2026-05-11T15:14:35.674066+00:00
2015,392,Japan,X,Export,788,Unknown,8471,Computers & Laptops,245813.0,883.0,51.0,2026-05-11T15:01:43.071031,2026-05-11T15:14:35.674066+00:00
2015,392,Japan,X,Export,800,Uganda,8471,Computers & Laptops,18197.0,88.0,190.0,2026-05-11T15:01:43.071034,2026-05-11T15:14:35.674066+00:00
2015,392,Japan,X,Export,834,Unknown,8471,Computers & Laptops,94424.0,443.0,1291.0,2026-05-11T15:01:43.071037,2026-05-11T15:14:35.674066+00:00
2015,392,Japan,X,Export,858,Unknown,8471,Computers & Laptops,172941.0,944.0,140.0,2026-05-11T15:01:43.071040,2026-05-11T15:14:35.674066+00:00
2015,392,Japan,X,Export,316,Unknown,8471,Computers & Laptops,7611.0,36.0,6.0,2026-05-11T15:01:43.071043,2026-05-11T15:14:35.674066+00:00
2015,392,Japan,X,Export,516,Unknown,8471,Computers & Laptops,219955.0,1024.0,6.0,2026-05-11T15:01:43.071046,2026-05-11T15:14:35.674066+00:00
2015,392,Japan,X,Export,862,Unknown,8471,Computers & Laptops,21701.0,119.0,6.0,2026-05-11T15:01:43.071049,2026-05-11T15:14:35.674066+00:00
2015,392,Japan,X,Export,450,Unknown,8471,Computers & Laptops,50278.0,298.0,5.0,2026-05-11T15:01:43.071053,2026-05-11T15:14:35.674066+00:00
2015,392,Japan,X,Export,760,Unknown,8471,Computers & Laptops,5190.0,24.0,4.0,2026-05-11T15:01:43.071057,2026-05-11T15:14:35.674066+00:00
2015,392,Japan,X,Export,96,Unknown,8471,Computers & Laptops,2565146.0,9978.0,3.0,2026-05-11T15:01:43.071060,2026-05-11T15:14:35.674066+00:00
2015,392,Japan,X,Export,275,Unknown,8471,Computers & Laptops,5281.0,31.0,3.0,2026-05-11T15:01:43.071063,2026-05-11T15:14:35.674066+00:00
2015,392,Japan,X,Export,480,Unknown,8471,Computers & Laptops,15751.0,86.0,3.0,2026-05-11T15:01:43.071066,2026-05-11T15:14:35.674066+00:00
2015,392,Japan,X,Export,583,Unknown,8471,Computers & Laptops,4925.0,30.0,3.0,2026-05-11T15:01:43.071069,2026-05-11T15:14:35.674066+00:00
2015,392,Japan,X,Export,798,Unknown,8471,Computers & Laptops,4925.0,30.0,3.0,2026-05-11T15:01:43.071072,2026-05-11T15:14:35.674066+00:00
2015,392,Japan,X,Export,196,Cyprus,8471,Computers & Laptops,2421.0,9.0,2.0,2026-05-11T15:01:43.071077,2026-05-11T15:14:35.674066+00:00
2015,392,Japan,X,Export,214,Unknown,8471,Computers & Laptops,21751.0,101.0,2.0,2026-05-11T15:01:43.071080,2026-05-11T15:14:35.674066+00:00
2015,392,Japan,X,Export,231,Ethiopia,8471,Computers & Laptops,6198.0,21.0,2.0,2026-05-11T15:01:43.071083,2026-05-11T15:14:35.674066+00:00
2015,392,Japan,X,Export,242,Unknown,8471,Computers & Laptops,8371.0,44.0,2.0,2026-05-11T15:01:43.071086,2026-05-11T15:14:35.674066+00:00
2015,392,Japan,X,Export,320,Unknown,8471,Computers & Laptops,8760.0,41.0,2.0,2026-05-11T15:01:43.071091,2026-05-11T15:14:35.674066+00:00
2015,392,Japan,X,Export,340,Unknown,8471,Computers & Laptops,241011.0,1426.0,2.0,2026-05-11T15:01:43.071094,2026-05-11T15:14:35.674066+00:00
2015,392,Japan,X,Export,462,Unknown,8471,Computers & Laptops,13850.0,67.0,2.0,2026-05-11T15:01:43.071097,2026-05-11T15:14:35.674066+00:00
2015,392,Japan,X,Export,466,Unknown,8471,Computers & Laptops,4454.0,21.0,2.0,2026-05-11T15:01:43.071100,2026-05-11T15:14:35.674066+00:00
2015,392,Japan,X,Export,478,Unknown,8471,Computers & Laptops,4347.0,20.0,2.0,2026-05-11T15:01:43.071103,2026-05-11T15:14:35.674066+00:00
2015,392,Japan,X,Export,558,Unknown,8471,Computers & Laptops,4537.0,24.0,2.0,2026-05-11T15:01:43.071106,2026-05-11T15:14:35.674066+00:00
2015,392,Japan,X,Export,716,Zimbabwe,8471,Computers & Laptops,164561.0,568.0,2.0,2026-05-11T15:01:43.071109,2026-05-11T15:14:35.674066+00:00
2015,392,Japan,X,Export,740,Unknown,8471,Computers & Laptops,5016.0,23.0,2.0,2026-05-11T15:01:43.071112,2026-05-11T15:14:35.674066+00:00
2015,392,Japan,X,Export,768,Unknown,8471,Computers & Laptops,19966.0,93.0,2.0,2026-05-11T15:01:43.071115,2026-05-11T15:14:35.674066+00:00
2015,392,Japan,X,Export,24,Angola,8471,Computers & Laptops,2182.0,13.0,1.0,2026-05-11T15:01:43.071118,2026-05-11T15:14:35.674066+00:00
2015,392,Japan,X,Export,136,Unknown,8471,Computers & Laptops,4132.0,19.0,1.0,2026-05-11T15:01:43.071125,2026-05-11T15:14:35.674066+00:00
2015,392,Japan,X,Export,562,Unknown,8471,Computers & Laptops,2165.0,10.0,1.0,2026-05-11T15:01:43.071128,2026-05-11T15:14:35.674066+00:00
2015,392,Japan,X,Export,662,Unknown,8471,Computers & Laptops,3223.0,14.0,1.0,2026-05-11T15:01:43.071131,2026-05-11T15:14:35.674066+00:00
2015,392,Japan,X,Export,795,Unknown,8471,Computers & Laptops,2562.0,12.0,1.0,2026-05-11T15:01:43.071134,2026-05-11T15:14:35.674066+00:00
2015,392,Japan,M,Import,120,Unknown,8471,Computers & Laptops,10280.0,48.0,52.0,2026-05-11T15:01:43.071137,2026-05-11T15:14:35.674066+00:00
2015,392,Japan,M,Import,148,Unknown,8471,Computers & Laptops,13933.0,65.0,35.0,2026-05-11T15:01:43.071140,2026-05-11T15:14:35.674066+00:00
2015,392,Japan,M,Import,152,Chile,8471,Computers & Laptops,5074.0,25.0,3.0,2026-05-11T15:01:43.071144,2026-05-11T15:14:35.674066+00:00
2015,392,Japan,M,Import,188,Unknown,8471,Computers & Laptops,361054.0,1874.0,498.0,2026-05-11T15:01:43.071147,2026-05-11T15:14:35.674066+00:00
2015,392,Japan,M,Import,233,Unknown,8471,Computers & Laptops,73054.0,332.0,4.0,2026-05-11T15:01:43.071150,2026-05-11T15:14:35.674066+00:00
2015,392,Japan,M,Import,300,Greece,8471,Computers & Laptops,59889.0,351.0,36.0,2026-05-11T15:01:43.071153,2026-05-11T15:14:35.674066+00:00
2015,392,Japan,M,Import,340,Unknown,8471,Computers & Laptops,13313.0,68.0,27.0,2026-05-11T15:01:43.071158,2026-05-11T15:14:35.674066+00:00
2015,392,Japan,M,Import,352,Unknown,8471,Computers & Laptops,11330.0,50.0,4.0,2026-05-11T15:01:43.071161,2026-05-11T15:14:35.674066+00:00
2015,392,Japan,M,Import,364,Iran,8471,Computers & Laptops,20594.0,141.0,17.0,2026-05-11T15:01:43.071166,2026-05-11T15:14:35.674066+00:00
2015,392,Japan,M,Import,428,Unknown,8471,Computers & Laptops,53443.0,235.0,1022.0,2026-05-11T15:01:43.071169,2026-05-11T15:14:35.674066+00:00
2015,392,Japan,M,Import,524,Unknown,8471,Computers & Laptops,17421.0,81.0,5.0,2026-05-11T15:01:43.071172,2026-05-11T15:14:35.674066+00:00
2015,392,Japan,M,Import,554,New Zealand,8471,Computers & Laptops,894413.0,4429.0,262.0,2026-05-11T15:01:43.071175,2026-05-11T15:14:35.674066+00:00
2015,392,Japan,M,Import,586,Pakistan,8471,Computers & Laptops,19619.0,102.0,3.0,2026-05-11T15:01:43.071178,2026-05-11T15:14:35.674066+00:00
2015,392,Japan,M,Import,591,Unknown,8471,Computers & Laptops,3256.0,14.0,4.0,2026-05-11T15:01:43.071181,2026-05-11T15:14:35.674066+00:00
2015,392,Japan,M,Import,642,Romania,8471,Computers & Laptops,1607398.0,6932.0,2544.0,2026-05-11T15:01:43.071185,2026-05-11T15:14:35.674066+00:00
2015,392,Japan,M,Import,643,Russia,8471,Computers & Laptops,90962.0,397.0,78.0,2026-05-11T15:01:43.071188,2026-05-11T15:14:35.674066+00:00
2015,392,Japan,M,Import,688,Unknown,8471,Computers & Laptops,24461.0,111.0,8.0,2026-05-11T15:01:43.071193,2026-05-11T15:14:35.674066+00:00
2015,392,Japan,M,Import,682,Saudi Arabia,8471,Computers & Laptops,20685.0,128.0,12.0,2026-05-11T15:01:43.071196,2026-05-11T15:14:35.674066+00:00
2015,392,Japan,M,Import,703,Unknown,8471,Computers & Laptops,539656.0,4050.0,1012.0,2026-05-11T15:01:43.071199,2026-05-11T15:14:35.674066+00:00
2015,392,Japan,M,Import,788,Unknown,8471,Computers & Laptops,49320.0,371.0,18.0,2026-05-11T15:01:43.071202,2026-05-11T15:14:35.674066+00:00
2015,392,Japan,M,Import,792,Turkey,8471,Computers & Laptops,40130.0,179.0,140.0,2026-05-11T15:01:43.071205,2026-05-11T15:14:35.674066+00:00
2015,392,Japan,M,Import,804,Ukraine,8471,Computers & Laptops,12652.0,81.0,11.0,2026-05-11T15:01:43.071208,2026-05-11T15:14:35.674066+00:00
2015,392,Japan,M,Import,96,Unknown,8471,Computers & Laptops,6826.0,31.0,2.0,2026-05-11T15:01:43.071211,2026-05-11T15:14:35.674066+00:00
2015,392,Japan,M,Import,470,Unknown,8471,Computers & Laptops,8917.0,42.0,2.0,2026-05-11T15:01:43.071214,2026-05-11T15:14:35.674066+00:00
2015,392,Japan,M,Import,796,Unknown,8471,Computers & Laptops,1802.0,8.0,2.0,2026-05-11T15:01:43.071217,2026-05-11T15:14:35.674066+00:00
2015,392,Japan,M,Import,316,Unknown,8471,Computers & Laptops,2818.0,14.0,1.0,2026-05-11T15:01:43.071220,2026-05-11T15:14:35.674066+00:00
2015,392,Japan,M,Import,384,Unknown,8471,Computers & Laptops,18462.0,147.0,1.0,2026-05-11T15:01:43.071224,2026-05-11T15:14:35.674066+00:00
2015,392,Japan,M,Import,388,Jamaica,8471,Computers & Laptops,2248.0,11.0,1.0,2026-05-11T15:01:43.071228,2026-05-11T15:14:35.674066+00:00
2015,392,Japan,M,Import,462,Unknown,8471,Computers & Laptops,3760.0,17.0,1.0,2026-05-11T15:01:43.071231,2026-05-11T15:14:35.674066+00:00
2015,392,Japan,M,Import,0,World,8471,Computers & Laptops,13503653629.0,0.0,73280229.0,2026-05-11T15:01:43.071234,2026-05-11T15:14:35.674066+00:00
2015,392,Japan,M,Import,36,Australia,8471,Computers & Laptops,2410311.0,0.0,1506.0,2026-05-11T15:01:43.071237,2026-05-11T15:14:35.674066+00:00
2015,392,Japan,M,Import,40,Austria,8471,Computers & Laptops,9758371.0,0.0,12301.0,2026-05-11T15:01:43.071240,2026-05-11T15:14:35.674066+00:00
2015,392,Japan,M,Import,56,Belgium,8471,Computers & Laptops,5707465.0,0.0,1320.0,2026-05-11T15:01:43.071243,2026-05-11T15:14:35.674066+00:00
2015,392,Japan,M,Import,76,Brazil,8471,Computers & Laptops,115126.0,0.0,31.0,2026-05-11T15:01:43.071247,2026-05-11T15:14:35.674066+00:00
2015,392,Japan,M,Import,100,Bulgaria,8471,Computers & Laptops,296479.0,0.0,1130.0,2026-05-11T15:01:43.071251,2026-05-11T15:14:35.674066+00:00
2015,392,Japan,M,Import,124,Canada,8471,Computers & Laptops,47336456.0,0.0,12271.0,2026-05-11T15:01:43.071254,2026-05-11T15:14:35.674066+00:00
2015,392,Japan,M,Import,156,China,8471,Computers & Laptops,10419541671.0,0.0,53697460.0,2026-05-11T15:01:43.071259,2026-05-11T15:14:35.674066+00:00
2015,392,Japan,M,Import,203,Czech Republic,8471,Computers & Laptops,8587065.0,0.0,7414.0,2026-05-11T15:01:43.071262,2026-05-11T15:14:35.674066+00:00
2015,392,Japan,M,Import,208,Denmark,8471,Computers & Laptops,2084082.0,0.0,1340.0,2026-05-11T15:01:43.071265,2026-05-11T15:14:35.674066+00:00
2015,392,Japan,M,Import,246,Finland,8471,Computers & Laptops,1029579.0,0.0,457.0,2026-05-11T15:01:43.071267,2026-05-11T15:14:35.674066+00:00
2015,392,Japan,M,Import,251,Unknown,8471,Computers & Laptops,11325605.0,0.0,179255.0,2026-05-11T15:01:43.071271,2026-05-11T15:14:35.674066+00:00
2015,392,Japan,M,Import,268,Unknown,8471,Computers & Laptops,2554.0,0.0,12.0,2026-05-11T15:01:43.071273,2026-05-11T15:14:35.674066+00:00
2015,392,Japan,M,Import,276,Germany,8471,Computers & Laptops,89330543.0,0.0,109667.0,2026-05-11T15:01:43.071277,2026-05-11T15:14:35.674066+00:00
2015,392,Japan,M,Import,344,Unknown,8471,Computers & Laptops,6231139.0,0.0,125598.0,2026-05-11T15:01:43.071280,2026-05-11T15:14:35.674066+00:00
2015,392,Japan,M,Import,348,Unknown,8471,Computers & Laptops,72823079.0,0.0,45452.0,2026-05-11T15:01:43.071283,2026-05-11T15:14:35.674066+00:00
2015,392,Japan,M,Import,360,Indonesia,8471,Computers & Laptops,15322671.0,0.0,73323.0,2026-05-11T15:01:43.071286,2026-05-11T15:14:35.674066+00:00
2015,392,Japan,M,Import,372,Ireland,8471,Computers & Laptops,74658340.0,0.0,50020.0,2026-05-11T15:01:43.071290,2026-05-11T15:14:35.674066+00:00
2015,392,Japan,M,Import,376,Israel,8471,Computers & Laptops,23432663.0,0.0,3516.0,2026-05-11T15:01:43.071293,2026-05-11T15:14:35.674066+00:00
2015,392,Japan,M,Import,380,Italy,8471,Computers & Laptops,5286241.0,0.0,10517.0,2026-05-11T15:01:43.071296,2026-05-11T15:14:35.674066+00:00
2015,392,Japan,M,Import,410,South Korea,8471,Computers & Laptops,98498327.0,0.0,597421.0,2026-05-11T15:01:43.071299,2026-05-11T15:14:35.674066+00:00
2015,392,Japan,M,Import,442,Unknown,8471,Computers & Laptops,338229.0,0.0,32.0,2026-05-11T15:01:43.071303,2026-05-11T15:14:35.674066+00:00
2015,392,Japan,M,Import,458,Malaysia,8471,Computers & Laptops,151075085.0,0.0,3014674.0,2026-05-11T15:01:43.071306,2026-05-11T15:14:35.674066+00:00
2015,392,Japan,M,Import,484,Mexico,8471,Computers & Laptops,127456548.0,0.0,58869.0,2026-05-11T15:01:43.071309,2026-05-11T15:14:35.674066+00:00
2015,392,Japan,M,Import,490,Unknown,8471,Computers & Laptops,287759306.0,0.0,2081483.0,2026-05-11T15:01:43.071312,2026-05-11T15:14:35.674066+00:00
2015,392,Japan,M,Import,528,Netherlands,8471,Computers & Laptops,5772239.0,0.0,1218.0,2026-05-11T15:01:43.071315,2026-05-11T15:14:35.674066+00:00
2015,392,Japan,M,Import,579,Unknown,8471,Computers & Laptops,865761.0,0.0,4515.0,2026-05-11T15:01:43.071318,2026-05-11T15:14:35.674066+00:00
2015,392,Japan,M,Import,608,Philippines,8471,Computers & Laptops,264209741.0,0.0,6037416.0,2026-05-11T15:01:43.071322,2026-05-11T15:14:35.674066+00:00
2015,392,Japan,M,Import,616,Poland,8471,Computers & Laptops,11133062.0,0.0,90944.0,2026-05-11T15:01:43.071326,2026-05-11T15:14:35.674066+00:00
2015,392,Japan,M,Import,620,Portugal,8471,Computers & Laptops,294174.0,0.0,691.0,2026-05-11T15:01:43.071328,2026-05-11T15:14:35.674066+00:00
2015,392,Japan,M,Import,699,Unknown,8471,Computers & Laptops,492196.0,0.0,945.0,2026-05-11T15:01:43.071331,2026-05-11T15:14:35.674066+00:00
2015,392,Japan,M,Import,702,Unknown,8471,Computers & Laptops,550817657.0,0.0,432752.0,2026-05-11T15:01:43.071334,2026-05-11T15:14:35.674066+00:00
2015,392,Japan,M,Import,704,Vietnam,8471,Computers & Laptops,6929645.0,0.0,79700.0,2026-05-11T15:01:43.071337,2026-05-11T15:14:35.674066+00:00
2015,392,Japan,M,Import,705,Unknown,8471,Computers & Laptops,51625.0,0.0,216.0,2026-05-11T15:01:43.071340,2026-05-11T15:14:35.674066+00:00
2015,392,Japan,M,Import,710,South Africa,8471,Computers & Laptops,45452.0,0.0,80.0,2026-05-11T15:01:43.071343,2026-05-11T15:14:35.674066+00:00
2015,392,Japan,M,Import,724,Spain,8471,Computers & Laptops,392449.0,0.0,132.0,2026-05-11T15:01:43.071346,2026-05-11T15:14:35.674066+00:00
2015,392,Japan,M,Import,752,Sweden,8471,Computers & Laptops,3718205.0,0.0,9386.0,2026-05-11T15:01:43.071350,2026-05-11T15:14:35.674066+00:00
2015,392,Japan,M,Import,757,Unknown,8471,Computers & Laptops,3584122.0,0.0,2051.0,2026-05-11T15:01:43.071354,2026-05-11T15:14:35.674066+00:00
2015,392,Japan,M,Import,764,Thailand,8471,Computers & Laptops,537324321.0,0.0,6276786.0,2026-05-11T15:01:43.071358,2026-05-11T15:14:35.674066+00:00
2015,392,Japan,M,Import,784,UAE,8471,Computers & Laptops,62972.0,0.0,2316.0,2026-05-11T15:01:43.071361,2026-05-11T15:14:35.674066+00:00
2015,392,Japan,M,Import,826,United Kingdom,8471,Computers & Laptops,16849189.0,0.0,13552.0,2026-05-11T15:01:43.071364,2026-05-11T15:14:35.674066+00:00
2015,392,Japan,M,Import,842,Unknown,8471,Computers & Laptops,636717119.0,0.0,236655.0,2026-05-11T15:01:43.071368,2026-05-11T15:14:35.674066+00:00
2016,392,Japan,M,Import,51,Unknown,8471,Computers & Laptops,63536.0,273.0,22.0,2026-05-11T15:01:43.071372,2026-05-11T15:14:35.674066+00:00
2016,392,Japan,M,Import,152,Chile,8471,Computers & Laptops,28658.0,156.0,77.0,2026-05-11T15:01:43.071376,2026-05-11T15:14:35.674066+00:00
2016,392,Japan,M,Import,170,Colombia,8471,Computers & Laptops,7480.0,41.0,4.0,2026-05-11T15:01:43.071380,2026-05-11T15:14:35.674066+00:00
2016,392,Japan,M,Import,188,Unknown,8471,Computers & Laptops,339180.0,1523.0,133.0,2026-05-11T15:01:43.071383,2026-05-11T15:14:35.674066+00:00
2016,392,Japan,M,Import,233,Unknown,8471,Computers & Laptops,157386.0,681.0,22.0,2026-05-11T15:01:43.071386,2026-05-11T15:14:35.674066+00:00
2016,392,Japan,M,Import,300,Greece,8471,Computers & Laptops,9844.0,52.0,6.0,2026-05-11T15:01:43.071391,2026-05-11T15:14:35.674066+00:00
2016,392,Japan,M,Import,352,Unknown,8471,Computers & Laptops,18207.0,104.0,6.0,2026-05-11T15:01:43.071394,2026-05-11T15:14:35.674066+00:00
2016,392,Japan,M,Import,428,Unknown,8471,Computers & Laptops,28254.0,131.0,10.0,2026-05-11T15:01:43.071397,2026-05-11T15:14:35.674066+00:00
2016,392,Japan,M,Import,440,Unknown,8471,Computers & Laptops,20424.0,105.0,103.0,2026-05-11T15:01:43.071400,2026-05-11T15:14:35.674066+00:00
2016,392,Japan,M,Import,446,Unknown,8471,Computers & Laptops,19118.0,100.0,20.0,2026-05-11T15:01:43.071403,2026-05-11T15:14:35.674066+00:00
2016,392,Japan,M,Import,634,Qatar,8471,Computers & Laptops,6164.0,32.0,10.0,2026-05-11T15:01:43.071406,2026-05-11T15:14:35.674066+00:00
2016,392,Japan,M,Import,643,Russia,8471,Computers & Laptops,118911.0,502.0,208.0,2026-05-11T15:01:43.071409,2026-05-11T15:14:35.674066+00:00
2016,392,Japan,M,Import,688,Unknown,8471,Computers & Laptops,10083.0,43.0,21.0,2026-05-11T15:01:43.071412,2026-05-11T15:14:35.674066+00:00
2016,392,Japan,M,Import,710,South Africa,8471,Computers & Laptops,43176.0,236.0,107.0,2026-05-11T15:01:43.071415,2026-05-11T15:14:35.674066+00:00
2016,392,Japan,M,Import,792,Turkey,8471,Computers & Laptops,18796.0,102.0,15.0,2026-05-11T15:01:43.071420,2026-05-11T15:14:35.674066+00:00
2016,392,Japan,M,Import,796,Unknown,8471,Computers & Laptops,30554.0,131.0,262.0,2026-05-11T15:01:43.071425,2026-05-11T15:14:35.674066+00:00
2016,392,Japan,M,Import,800,Uganda,8471,Computers & Laptops,4986.0,26.0,13.0,2026-05-11T15:01:43.071428,2026-05-11T15:14:35.674066+00:00
2016,392,Japan,M,Import,804,Ukraine,8471,Computers & Laptops,57077.0,231.0,20.0,2026-05-11T15:01:43.071431,2026-05-11T15:14:35.674066+00:00
2016,392,Japan,M,Import,92,Unknown,8471,Computers & Laptops,9209.0,37.0,2.0,2026-05-11T15:01:43.071434,2026-05-11T15:14:35.674066+00:00
2016,392,Japan,M,Import,784,UAE,8471,Computers & Laptops,5870.0,24.0,2.0,2026-05-11T15:01:43.071437,2026-05-11T15:14:35.674066+00:00
2016,392,Japan,M,Import,28,Antigua and Barbuda,8471,Computers & Laptops,2475.0,13.0,1.0,2026-05-11T15:01:43.071440,2026-05-11T15:14:35.674066+00:00
2016,392,Japan,M,Import,136,Unknown,8471,Computers & Laptops,8418.0,34.0,1.0,2026-05-11T15:01:43.071443,2026-05-11T15:14:35.674066+00:00
2016,392,Japan,M,Import,422,Lebanon,8471,Computers & Laptops,3450.0,15.0,1.0,2026-05-11T15:01:43.071447,2026-05-11T15:14:35.674066+00:00
2016,392,Japan,M,Import,512,Unknown,8471,Computers & Laptops,9642.0,42.0,1.0,2026-05-11T15:01:43.071449,2026-05-11T15:14:35.674066+00:00
2016,392,Japan,M,Import,0,World,8471,Computers & Laptops,13239084008.0,0.0,72334145.0,2026-05-11T15:01:43.071452,2026-05-11T15:14:35.674066+00:00
2016,392,Japan,M,Import,36,Australia,8471,Computers & Laptops,1586070.0,0.0,1334.0,2026-05-11T15:01:43.071457,2026-05-11T15:14:35.674066+00:00
2016,392,Japan,M,Import,40,Austria,8471,Computers & Laptops,8508280.0,0.0,13798.0,2026-05-11T15:01:43.071460,2026-05-11T15:14:35.674066+00:00
2016,392,Japan,M,Import,56,Belgium,8471,Computers & Laptops,7923135.0,0.0,724.0,2026-05-11T15:01:43.071463,2026-05-11T15:14:35.674066+00:00
2016,392,Japan,M,Import,76,Brazil,8471,Computers & Laptops,106960.0,0.0,207.0,2026-05-11T15:01:43.071466,2026-05-11T15:14:35.674066+00:00
2016,392,Japan,M,Import,100,Bulgaria,8471,Computers & Laptops,575043.0,0.0,5277.0,2026-05-11T15:01:43.071469,2026-05-11T15:14:35.674066+00:00
2016,392,Japan,M,Import,116,Cambodia,8471,Computers & Laptops,11132.0,0.0,1000.0,2026-05-11T15:01:43.071472,2026-05-11T15:14:35.674066+00:00
2016,392,Japan,M,Import,124,Canada,8471,Computers & Laptops,17354977.0,0.0,12515.0,2026-05-11T15:01:43.071475,2026-05-11T15:14:35.674066+00:00
2016,392,Japan,M,Import,144,Sri Lanka,8471,Computers & Laptops,8814.0,0.0,3.0,2026-05-11T15:01:43.071478,2026-05-11T15:14:35.674066+00:00
2016,392,Japan,M,Import,156,China,8471,Computers & Laptops,10210655627.0,0.0,54163414.0,2026-05-11T15:01:43.071481,2026-05-11T15:14:35.674066+00:00
2016,392,Japan,M,Import,203,Czech Republic,8471,Computers & Laptops,11390763.0,0.0,15588.0,2026-05-11T15:01:43.071484,2026-05-11T15:14:35.674066+00:00
2016,392,Japan,M,Import,208,Denmark,8471,Computers & Laptops,1789254.0,0.0,1702.0,2026-05-11T15:01:43.071491,2026-05-11T15:14:35.674066+00:00
2016,392,Japan,M,Import,246,Finland,8471,Computers & Laptops,915419.0,0.0,411.0,2026-05-11T15:01:43.071494,2026-05-11T15:14:35.674066+00:00
2016,392,Japan,M,Import,251,Unknown,8471,Computers & Laptops,11115984.0,0.0,163929.0,2026-05-11T15:01:43.071497,2026-05-11T15:14:35.674066+00:00
2016,392,Japan,M,Import,276,Germany,8471,Computers & Laptops,85167433.0,0.0,81080.0,2026-05-11T15:01:43.071500,2026-05-11T15:14:35.674066+00:00
2016,392,Japan,M,Import,344,Unknown,8471,Computers & Laptops,5040854.0,0.0,148886.0,2026-05-11T15:01:43.071503,2026-05-11T15:14:35.674066+00:00
2016,392,Japan,M,Import,348,Unknown,8471,Computers & Laptops,71499083.0,0.0,36767.0,2026-05-11T15:01:43.071506,2026-05-11T15:14:35.674066+00:00
2016,392,Japan,M,Import,360,Indonesia,8471,Computers & Laptops,8923481.0,0.0,77494.0,2026-05-11T15:01:43.071509,2026-05-11T15:14:35.674066+00:00
2016,392,Japan,M,Import,372,Ireland,8471,Computers & Laptops,102483438.0,0.0,15008.0,2026-05-11T15:01:43.071512,2026-05-11T15:14:35.674066+00:00
2016,392,Japan,M,Import,376,Israel,8471,Computers & Laptops,27076511.0,0.0,5709.0,2026-05-11T15:01:43.071515,2026-05-11T15:14:35.674066+00:00
2016,392,Japan,M,Import,380,Italy,8471,Computers & Laptops,4667754.0,0.0,8517.0,2026-05-11T15:01:43.071518,2026-05-11T15:14:35.674066+00:00
2016,392,Japan,M,Import,410,South Korea,8471,Computers & Laptops,88715387.0,0.0,814793.0,2026-05-11T15:01:43.071523,2026-05-11T15:14:35.674066+00:00
2016,392,Japan,M,Import,442,Unknown,8471,Computers & Laptops,287623.0,0.0,56.0,2026-05-11T15:01:43.071526,2026-05-11T15:14:35.674066+00:00
2016,392,Japan,M,Import,458,Malaysia,8471,Computers & Laptops,144381033.0,0.0,3128825.0,2026-05-11T15:01:43.071529,2026-05-11T15:14:35.674066+00:00
2016,392,Japan,M,Import,484,Mexico,8471,Computers & Laptops,109799799.0,0.0,85711.0,2026-05-11T15:01:43.071532,2026-05-11T15:14:35.674066+00:00
2016,392,Japan,M,Import,490,Unknown,8471,Computers & Laptops,292802521.0,0.0,1947568.0,2026-05-11T15:01:43.071535,2026-05-11T15:14:35.674066+00:00
2016,392,Japan,M,Import,528,Netherlands,8471,Computers & Laptops,18827646.0,0.0,7018.0,2026-05-11T15:01:43.071538,2026-05-11T15:14:35.674066+00:00
2016,392,Japan,M,Import,554,New Zealand,8471,Computers & Laptops,96261.0,0.0,87.0,2026-05-11T15:01:43.071541,2026-05-11T15:14:35.674066+00:00
2016,392,Japan,M,Import,579,Unknown,8471,Computers & Laptops,2063546.0,0.0,7566.0,2026-05-11T15:01:43.071544,2026-05-11T15:14:35.674066+00:00
2016,392,Japan,M,Import,604,Peru,8471,Computers & Laptops,68605.0,0.0,14.0,2026-05-11T15:01:43.071547,2026-05-11T15:14:35.674066+00:00
2016,392,Japan,M,Import,608,Philippines,8471,Computers & Laptops,211212253.0,0.0,4743264.0,2026-05-11T15:01:43.071550,2026-05-11T15:14:35.674066+00:00
2016,392,Japan,M,Import,616,Poland,8471,Computers & Laptops,7488559.0,0.0,46833.0,2026-05-11T15:01:43.071555,2026-05-11T15:14:35.674066+00:00
2016,392,Japan,M,Import,620,Portugal,8471,Computers & Laptops,176872.0,0.0,606.0,2026-05-11T15:01:43.071558,2026-05-11T15:14:35.674066+00:00
2016,392,Japan,M,Import,642,Romania,8471,Computers & Laptops,2512851.0,0.0,3707.0,2026-05-11T15:01:43.071561,2026-05-11T15:14:35.674066+00:00
2016,392,Japan,M,Import,699,Unknown,8471,Computers & Laptops,649085.0,0.0,2454.0,2026-05-11T15:01:43.071564,2026-05-11T15:14:35.674066+00:00
2016,392,Japan,M,Import,702,Unknown,8471,Computers & Laptops,493913073.0,0.0,339092.0,2026-05-11T15:01:43.071567,2026-05-11T15:14:35.674066+00:00
2016,392,Japan,M,Import,703,Unknown,8471,Computers & Laptops,1485319.0,0.0,2263.0,2026-05-11T15:01:43.071570,2026-05-11T15:14:35.674066+00:00
2016,392,Japan,M,Import,704,Vietnam,8471,Computers & Laptops,9065539.0,0.0,72914.0,2026-05-11T15:01:43.071573,2026-05-11T15:14:35.674066+00:00
2016,392,Japan,M,Import,705,Unknown,8471,Computers & Laptops,109426.0,0.0,265.0,2026-05-11T15:01:43.071576,2026-05-11T15:14:35.674066+00:00
2016,392,Japan,M,Import,724,Spain,8471,Computers & Laptops,649049.0,0.0,268.0,2026-05-11T15:01:43.071579,2026-05-11T15:14:35.674066+00:00
2016,392,Japan,M,Import,752,Sweden,8471,Computers & Laptops,3382178.0,0.0,3263.0,2026-05-11T15:01:43.071585,2026-05-11T15:14:35.674066+00:00
2016,392,Japan,M,Import,757,Unknown,8471,Computers & Laptops,3223697.0,0.0,2523.0,2026-05-11T15:01:43.071590,2026-05-11T15:14:35.674066+00:00
2016,392,Japan,M,Import,764,Thailand,8471,Computers & Laptops,487989947.0,0.0,6187736.0,2026-05-11T15:01:43.071593,2026-05-11T15:14:35.674066+00:00
2016,392,Japan,M,Import,826,United Kingdom,8471,Computers & Laptops,15957362.0,0.0,15912.0,2026-05-11T15:01:43.071596,2026-05-11T15:14:35.674066+00:00
2016,392,Japan,M,Import,842,Unknown,8471,Computers & Laptops,766405471.0,0.0,166977.0,2026-05-11T15:01:43.071599,2026-05-11T15:14:35.674066+00:00
2016,392,Japan,X,Export,92,Unknown,8471,Computers & Laptops,2155.0,0.0,1.0,2026-05-11T15:01:43.071602,2026-05-11T15:14:35.674066+00:00
2016,392,Japan,X,Export,548,Unknown,8471,Computers & Laptops,3692.0,0.0,1.0,2026-05-11T15:01:43.071605,2026-05-11T15:14:35.674066+00:00
2016,392,Japan,X,Export,0,World,8471,Computers & Laptops,1690707747.0,0.0,10119118.0,2026-05-11T15:01:43.071608,2026-05-11T15:14:35.674066+00:00
2016,392,Japan,X,Export,4,Afghanistan,8471,Computers & Laptops,353794.0,0.0,20714.0,2026-05-11T15:01:43.071611,2026-05-11T15:14:35.674066+00:00
2016,392,Japan,X,Export,32,Argentina,8471,Computers & Laptops,1216107.0,0.0,453.0,2026-05-11T15:01:43.071614,2026-05-11T15:14:35.674066+00:00
2016,392,Japan,X,Export,36,Australia,8471,Computers & Laptops,14755432.0,0.0,20405.0,2026-05-11T15:01:43.071617,2026-05-11T15:14:35.674066+00:00
2016,392,Japan,X,Export,40,Austria,8471,Computers & Laptops,664117.0,0.0,2815.0,2026-05-11T15:01:43.071622,2026-05-11T15:14:35.674066+00:00
2016,392,Japan,X,Export,44,Unknown,8471,Computers & Laptops,25774.0,0.0,12.0,2026-05-11T15:01:43.071626,2026-05-11T15:14:35.674066+00:00
2016,392,Japan,X,Export,50,Bangladesh,8471,Computers & Laptops,3301350.0,0.0,2083.0,2026-05-11T15:01:43.071629,2026-05-11T15:14:35.674066+00:00
2014,392,Japan,X,Export,0,World,8517,Phones & Communication Devices,4427098771.0,9623578.0,0.0,2026-05-11T15:01:45.208059,2026-05-11T15:14:35.674066+00:00
2014,392,Japan,X,Export,4,Afghanistan,8517,Phones & Communication Devices,37102.0,155.0,0.0,2026-05-11T15:01:45.208073,2026-05-11T15:14:35.674066+00:00
2014,392,Japan,X,Export,12,Algeria,8517,Phones & Communication Devices,15450948.0,98002.0,0.0,2026-05-11T15:01:45.208077,2026-05-11T15:14:35.674066+00:00
2014,392,Japan,X,Export,31,Unknown,8517,Phones & Communication Devices,45053.0,203.0,0.0,2026-05-11T15:01:45.208081,2026-05-11T15:14:35.674066+00:00
2014,392,Japan,X,Export,32,Argentina,8517,Phones & Communication Devices,968153.0,5403.0,0.0,2026-05-11T15:01:45.208084,2026-05-11T15:14:35.674066+00:00
2014,392,Japan,X,Export,36,Australia,8517,Phones & Communication Devices,23187022.0,73974.0,0.0,2026-05-11T15:01:45.208087,2026-05-11T15:14:35.674066+00:00
2014,392,Japan,X,Export,40,Austria,8517,Phones & Communication Devices,150682.0,450.0,0.0,2026-05-11T15:01:45.208090,2026-05-11T15:14:35.674066+00:00
2014,392,Japan,X,Export,48,Unknown,8517,Phones & Communication Devices,343064.0,2199.0,0.0,2026-05-11T15:01:45.208098,2026-05-11T15:14:35.674066+00:00
2014,392,Japan,X,Export,50,Bangladesh,8517,Phones & Communication Devices,2630763.0,15143.0,0.0,2026-05-11T15:01:45.208101,2026-05-11T15:14:35.674066+00:00
2014,392,Japan,X,Export,51,Unknown,8517,Phones & Communication Devices,26516.0,123.0,0.0,2026-05-11T15:01:45.208104,2026-05-11T15:14:35.674066+00:00
2014,392,Japan,X,Export,56,Belgium,8517,Phones & Communication Devices,5444239.0,22867.0,0.0,2026-05-11T15:01:45.208107,2026-05-11T15:14:35.674066+00:00
2014,392,Japan,X,Export,68,Bolivia,8517,Phones & Communication Devices,191070.0,1313.0,0.0,2026-05-11T15:01:45.208110,2026-05-11T15:14:35.674066+00:00
2014,392,Japan,X,Export,76,Brazil,8517,Phones & Communication Devices,9401602.0,49183.0,0.0,2026-05-11T15:01:45.208114,2026-05-11T15:14:35.674066+00:00
2014,392,Japan,X,Export,84,Unknown,8517,Phones & Communication Devices,3116.0,13.0,0.0,2026-05-11T15:01:45.208117,2026-05-11T15:14:35.674066+00:00
2014,392,Japan,X,Export,96,Unknown,8517,Phones & Communication Devices,11058.0,46.0,0.0,2026-05-11T15:01:45.208120,2026-05-11T15:14:35.674066+00:00
2014,392,Japan,X,Export,100,Bulgaria,8517,Phones & Communication Devices,721445.0,695.0,0.0,2026-05-11T15:01:45.208123,2026-05-11T15:14:35.674066+00:00
2014,392,Japan,X,Export,104,Unknown,8517,Phones & Communication Devices,1679853.0,6870.0,0.0,2026-05-11T15:01:45.208127,2026-05-11T15:14:35.674066+00:00
2014,392,Japan,X,Export,108,Unknown,8517,Phones & Communication Devices,783684.0,5791.0,0.0,2026-05-11T15:01:45.208132,2026-05-11T15:14:35.674066+00:00
2014,392,Japan,X,Export,112,Unknown,8517,Phones & Communication Devices,154233.0,644.0,0.0,2026-05-11T15:01:45.208135,2026-05-11T15:14:35.674066+00:00
2014,392,Japan,X,Export,116,Cambodia,8517,Phones & Communication Devices,239559.0,999.0,0.0,2026-05-11T15:01:45.208138,2026-05-11T15:14:35.674066+00:00
2014,392,Japan,X,Export,120,Unknown,8517,Phones & Communication Devices,989598.0,4326.0,0.0,2026-05-11T15:01:45.208142,2026-05-11T15:14:35.674066+00:00
2014,392,Japan,X,Export,124,Canada,8517,Phones & Communication Devices,15399408.0,58319.0,0.0,2026-05-11T15:01:45.208145,2026-05-11T15:14:35.674066+00:00
2014,392,Japan,X,Export,140,Unknown,8517,Phones & Communication Devices,11256.0,47.0,0.0,2026-05-11T15:01:45.208148,2026-05-11T15:14:35.674066+00:00
2014,392,Japan,X,Export,148,Unknown,8517,Phones & Communication Devices,353319.0,2611.0,0.0,2026-05-11T15:01:45.208151,2026-05-11T15:14:35.674066+00:00
2014,392,Japan,X,Export,144,Sri Lanka,8517,Phones & Communication Devices,641274.0,2462.0,0.0,2026-05-11T15:01:45.208155,2026-05-11T15:14:35.674066+00:00
2014,392,Japan,X,Export,152,Chile,8517,Phones & Communication Devices,5260299.0,22349.0,0.0,2026-05-11T15:01:45.208158,2026-05-11T15:14:35.674066+00:00
2014,392,Japan,X,Export,156,China,8517,Phones & Communication Devices,1858300331.0,1432956.0,0.0,2026-05-11T15:01:45.208161,2026-05-11T15:14:35.674066+00:00
2014,392,Japan,X,Export,170,Colombia,8517,Phones & Communication Devices,3576111.0,14465.0,0.0,2026-05-11T15:01:45.208166,2026-05-11T15:14:35.674066+00:00
2014,392,Japan,X,Export,180,Unknown,8517,Phones & Communication Devices,241930.0,1195.0,0.0,2026-05-11T15:01:45.208169,2026-05-11T15:14:35.674066+00:00
2014,392,Japan,X,Export,191,Croatia,8517,Phones & Communication Devices,21096.0,75.0,0.0,2026-05-11T15:01:45.208172,2026-05-11T15:14:35.674066+00:00
2014,392,Japan,X,Export,192,Unknown,8517,Phones & Communication Devices,32399.0,135.0,0.0,2026-05-11T15:01:45.208176,2026-05-11T15:14:35.674066+00:00
2014,392,Japan,X,Export,196,Cyprus,8517,Phones & Communication Devices,34316.0,142.0,0.0,2026-05-11T15:01:45.208179,2026-05-11T15:14:35.674066+00:00
2014,392,Japan,X,Export,203,Czech Republic,8517,Phones & Communication Devices,3302227.0,9551.0,0.0,2026-05-11T15:01:45.208182,2026-05-11T15:14:35.674066+00:00
2014,392,Japan,X,Export,204,Unknown,8517,Phones & Communication Devices,98613.0,446.0,0.0,2026-05-11T15:01:45.208186,2026-05-11T15:14:35.674066+00:00
2014,392,Japan,X,Export,208,Denmark,8517,Phones & Communication Devices,420053.0,1292.0,0.0,2026-05-11T15:01:45.208189,2026-05-11T15:14:35.674066+00:00
2014,392,Japan,X,Export,214,Unknown,8517,Phones & Communication Devices,32163.0,278.0,0.0,2026-05-11T15:01:45.208192,2026-05-11T15:14:35.674066+00:00
2014,392,Japan,X,Export,218,Ecuador,8517,Phones & Communication Devices,797612.0,2055.0,0.0,2026-05-11T15:01:45.208195,2026-05-11T15:14:35.674066+00:00
2014,392,Japan,X,Export,222,Unknown,8517,Phones & Communication Devices,1160932.0,4839.0,0.0,2026-05-11T15:01:45.208200,2026-05-11T15:14:35.674066+00:00
2014,392,Japan,X,Export,231,Ethiopia,8517,Phones & Communication Devices,612822.0,2599.0,0.0,2026-05-11T15:01:45.208204,2026-05-11T15:14:35.674066+00:00
2014,392,Japan,X,Export,233,Unknown,8517,Phones & Communication Devices,194205.0,810.0,0.0,2026-05-11T15:01:45.208207,2026-05-11T15:14:35.674066+00:00
2014,392,Japan,X,Export,242,Unknown,8517,Phones & Communication Devices,472820.0,1908.0,0.0,2026-05-11T15:01:45.208210,2026-05-11T15:14:35.674066+00:00
2014,392,Japan,X,Export,246,Finland,8517,Phones & Communication Devices,2269559.0,9967.0,0.0,2026-05-11T15:01:45.208213,2026-05-11T15:14:35.674066+00:00
2014,392,Japan,X,Export,251,Unknown,8517,Phones & Communication Devices,20199427.0,86107.0,0.0,2026-05-11T15:01:45.208216,2026-05-11T15:14:35.674066+00:00
2014,392,Japan,X,Export,262,Unknown,8517,Phones & Communication Devices,5346221.0,22627.0,0.0,2026-05-11T15:01:45.208220,2026-05-11T15:14:35.674066+00:00
2014,392,Japan,X,Export,266,Unknown,8517,Phones & Communication Devices,281647.0,1280.0,0.0,2026-05-11T15:01:45.208223,2026-05-11T15:14:35.674066+00:00
2014,392,Japan,X,Export,268,Unknown,8517,Phones & Communication Devices,23381.0,87.0,0.0,2026-05-11T15:01:45.208227,2026-05-11T15:14:35.674066+00:00
2014,392,Japan,X,Export,276,Germany,8517,Phones & Communication Devices,78376248.0,196963.0,0.0,2026-05-11T15:01:45.208231,2026-05-11T15:14:35.674066+00:00
2014,392,Japan,X,Export,288,Ghana,8517,Phones & Communication Devices,542387.0,2838.0,0.0,2026-05-11T15:01:45.208236,2026-05-11T15:14:35.674066+00:00
2014,392,Japan,X,Export,300,Greece,8517,Phones & Communication Devices,187189.0,1643.0,0.0,2026-05-11T15:01:45.208239,2026-05-11T15:14:35.674066+00:00
2014,392,Japan,X,Export,320,Unknown,8517,Phones & Communication Devices,2018215.0,12889.0,0.0,2026-05-11T15:01:45.208242,2026-05-11T15:14:35.674066+00:00
2014,392,Japan,X,Export,316,Unknown,8517,Phones & Communication Devices,460091.0,1778.0,0.0,2026-05-11T15:01:45.208245,2026-05-11T15:14:35.674066+00:00
2014,392,Japan,X,Export,340,Unknown,8517,Phones & Communication Devices,258512.0,1255.0,0.0,2026-05-11T15:01:45.208249,2026-05-11T15:14:35.674066+00:00
2014,392,Japan,X,Export,344,Unknown,8517,Phones & Communication Devices,366250740.0,912909.0,0.0,2026-05-11T15:01:45.208252,2026-05-11T15:14:35.674066+00:00
2014,392,Japan,X,Export,348,Unknown,8517,Phones & Communication Devices,5299752.0,22819.0,0.0,2026-05-11T15:01:45.208255,2026-05-11T15:14:35.674066+00:00
2014,392,Japan,X,Export,360,Indonesia,8517,Phones & Communication Devices,60846207.0,272328.0,0.0,2026-05-11T15:01:45.208258,2026-05-11T15:14:35.674066+00:00
2014,392,Japan,X,Export,364,Iran,8517,Phones & Communication Devices,12795.0,53.0,0.0,2026-05-11T15:01:45.208262,2026-05-11T15:14:35.674066+00:00
2014,392,Japan,X,Export,368,Iraq,8517,Phones & Communication Devices,1422994.0,4729.0,0.0,2026-05-11T15:01:45.208265,2026-05-11T15:14:35.674066+00:00
2014,392,Japan,X,Export,372,Ireland,8517,Phones & Communication Devices,511811.0,3121.0,0.0,2026-05-11T15:01:45.208270,2026-05-11T15:14:35.674066+00:00
2014,392,Japan,X,Export,376,Israel,8517,Phones & Communication Devices,3641901.0,7060.0,0.0,2026-05-11T15:01:45.208273,2026-05-11T15:14:35.674066+00:00
2014,392,Japan,X,Export,380,Italy,8517,Phones & Communication Devices,43304965.0,152709.0,0.0,2026-05-11T15:01:45.208276,2026-05-11T15:14:35.674066+00:00
2014,392,Japan,X,Export,384,Unknown,8517,Phones & Communication Devices,15723.0,66.0,0.0,2026-05-11T15:01:45.208279,2026-05-11T15:14:35.674066+00:00
2014,392,Japan,X,Export,398,Kazakhstan,8517,Phones & Communication Devices,996293.0,5125.0,0.0,2026-05-11T15:01:45.208283,2026-05-11T15:14:35.674066+00:00
2014,392,Japan,X,Export,400,Jordan,8517,Phones & Communication Devices,511527.0,2209.0,0.0,2026-05-11T15:01:45.208286,2026-05-11T15:14:35.674066+00:00
2014,392,Japan,X,Export,404,Kenya,8517,Phones & Communication Devices,192864.0,1238.0,0.0,2026-05-11T15:01:45.208289,2026-05-11T15:14:35.674066+00:00
2014,392,Japan,X,Export,410,South Korea,8517,Phones & Communication Devices,229114565.0,930487.0,0.0,2026-05-11T15:01:45.208292,2026-05-11T15:14:35.674066+00:00
2014,392,Japan,X,Export,414,Kuwait,8517,Phones & Communication Devices,9098992.0,39080.0,0.0,2026-05-11T15:01:45.208295,2026-05-11T15:14:35.674066+00:00
2014,392,Japan,X,Export,417,Unknown,8517,Phones & Communication Devices,176518.0,678.0,0.0,2026-05-11T15:01:45.208298,2026-05-11T15:14:35.674066+00:00
2014,392,Japan,X,Export,418,Unknown,8517,Phones & Communication Devices,237010.0,1456.0,0.0,2026-05-11T15:01:45.208303,2026-05-11T15:14:35.674066+00:00
2014,392,Japan,X,Export,422,Lebanon,8517,Phones & Communication Devices,79302.0,496.0,0.0,2026-05-11T15:01:45.208306,2026-05-11T15:14:35.674066+00:00
2014,392,Japan,X,Export,428,Unknown,8517,Phones & Communication Devices,901051.0,4265.0,0.0,2026-05-11T15:01:45.208309,2026-05-11T15:14:35.674066+00:00
2014,392,Japan,X,Export,430,Unknown,8517,Phones & Communication Devices,2077.0,9.0,0.0,2026-05-11T15:01:45.208313,2026-05-11T15:14:35.674066+00:00
2014,392,Japan,X,Export,434,Unknown,8517,Phones & Communication Devices,79831.0,333.0,0.0,2026-05-11T15:01:45.208316,2026-05-11T15:14:35.674066+00:00
2014,392,Japan,X,Export,440,Unknown,8517,Phones & Communication Devices,420497.0,1808.0,0.0,2026-05-11T15:01:45.208319,2026-05-11T15:14:35.674066+00:00
2014,392,Japan,X,Export,442,Unknown,8517,Phones & Communication Devices,38509.0,155.0,0.0,2026-05-11T15:01:45.208362,2026-05-11T15:14:35.674066+00:00
2014,392,Japan,X,Export,446,Unknown,8517,Phones & Communication Devices,1568860.0,1145.0,0.0,2026-05-11T15:01:45.208368,2026-05-11T15:14:35.674066+00:00
2014,392,Japan,X,Export,450,Unknown,8517,Phones & Communication Devices,3477356.0,19284.0,0.0,2026-05-11T15:01:45.208374,2026-05-11T15:14:35.674066+00:00
2014,392,Japan,X,Export,454,Unknown,8517,Phones & Communication Devices,1167193.0,5206.0,0.0,2026-05-11T15:01:45.208379,2026-05-11T15:14:35.674066+00:00
2014,392,Japan,X,Export,458,Malaysia,8517,Phones & Communication Devices,96963141.0,245127.0,0.0,2026-05-11T15:01:45.208434,2026-05-11T15:14:35.674066+00:00
2014,392,Japan,X,Export,462,Unknown,8517,Phones & Communication Devices,227548.0,1588.0,0.0,2026-05-11T15:01:45.208441,2026-05-11T15:14:35.674066+00:00
2014,392,Japan,X,Export,470,Unknown,8517,Phones & Communication Devices,29236.0,154.0,0.0,2026-05-11T15:01:45.208447,2026-05-11T15:14:35.674066+00:00
2014,392,Japan,X,Export,480,Unknown,8517,Phones & Communication Devices,2323.0,12.0,0.0,2026-05-11T15:01:45.208453,2026-05-11T15:14:35.674066+00:00
2014,392,Japan,X,Export,484,Mexico,8517,Phones & Communication Devices,139985837.0,926669.0,0.0,2026-05-11T15:01:45.208458,2026-05-11T15:14:35.674066+00:00
2014,392,Japan,X,Export,490,Unknown,8517,Phones & Communication Devices,93739443.0,126021.0,0.0,2026-05-11T15:01:45.208463,2026-05-11T15:14:35.674066+00:00
2014,392,Japan,X,Export,496,Unknown,8517,Phones & Communication Devices,78037.0,326.0,0.0,2026-05-11T15:01:45.208470,2026-05-11T15:14:35.674066+00:00
2014,392,Japan,X,Export,498,Unknown,8517,Phones & Communication Devices,4788.0,20.0,0.0,2026-05-11T15:01:45.208480,2026-05-11T15:14:35.674066+00:00
2014,392,Japan,X,Export,504,Morocco,8517,Phones & Communication Devices,2153561.0,9582.0,0.0,2026-05-11T15:01:45.208486,2026-05-11T15:14:35.674066+00:00
2014,392,Japan,X,Export,508,Unknown,8517,Phones & Communication Devices,566580.0,4187.0,0.0,2026-05-11T15:01:45.208491,2026-05-11T15:14:35.674066+00:00
2014,392,Japan,X,Export,512,Unknown,8517,Phones & Communication Devices,471791.0,2012.0,0.0,2026-05-11T15:01:45.208500,2026-05-11T15:14:35.674066+00:00
2014,392,Japan,X,Export,524,Unknown,8517,Phones & Communication Devices,98632.0,553.0,0.0,2026-05-11T15:01:45.208506,2026-05-11T15:14:35.674066+00:00
2014,392,Japan,X,Export,528,Netherlands,8517,Phones & Communication Devices,30506886.0,125982.0,0.0,2026-05-11T15:01:45.208511,2026-05-11T15:14:35.674066+00:00
2014,392,Japan,X,Export,531,Unknown,8517,Phones & Communication Devices,49377.0,174.0,0.0,2026-05-11T15:01:45.208517,2026-05-11T15:14:35.674066+00:00
2014,392,Japan,X,Export,548,Unknown,8517,Phones & Communication Devices,13220.0,55.0,0.0,2026-05-11T15:01:45.208523,2026-05-11T15:14:35.674066+00:00
2014,392,Japan,X,Export,554,New Zealand,8517,Phones & Communication Devices,1517622.0,4091.0,0.0,2026-05-11T15:01:45.208528,2026-05-11T15:14:35.674066+00:00
2014,392,Japan,X,Export,558,Unknown,8517,Phones & Communication Devices,118699.0,600.0,0.0,2026-05-11T15:01:45.208535,2026-05-11T15:14:35.674066+00:00
2014,392,Japan,X,Export,562,Unknown,8517,Phones & Communication Devices,8348.0,35.0,0.0,2026-05-11T15:01:45.208540,2026-05-11T15:14:35.674066+00:00
2014,392,Japan,X,Export,566,Nigeria,8517,Phones & Communication Devices,2693672.0,12827.0,0.0,2026-05-11T15:01:45.208546,2026-05-11T15:14:35.674066+00:00
2014,392,Japan,X,Export,579,Unknown,8517,Phones & Communication Devices,3796794.0,16832.0,0.0,2026-05-11T15:01:45.208552,2026-05-11T15:14:35.674066+00:00
2014,392,Japan,X,Export,584,Unknown,8517,Phones & Communication Devices,20633.0,86.0,0.0,2026-05-11T15:01:45.208560,2026-05-11T15:14:35.674066+00:00
2014,392,Japan,X,Export,585,Unknown,8517,Phones & Communication Devices,81248.0,513.0,0.0,2026-05-11T15:01:45.208565,2026-05-11T15:14:35.674066+00:00
2014,392,Japan,X,Export,586,Pakistan,8517,Phones & Communication Devices,10523440.0,52688.0,0.0,2026-05-11T15:01:45.208571,2026-05-11T15:14:35.674066+00:00
2014,392,Japan,X,Export,591,Unknown,8517,Phones & Communication Devices,1412295.0,4464.0,0.0,2026-05-11T15:01:45.208576,2026-05-11T15:14:35.674066+00:00
2014,392,Japan,X,Export,598,Unknown,8517,Phones & Communication Devices,858624.0,2898.0,0.0,2026-05-11T15:01:45.208582,2026-05-11T15:14:35.674066+00:00
2014,392,Japan,X,Export,600,Unknown,8517,Phones & Communication Devices,434387.0,2714.0,0.0,2026-05-11T15:01:45.208588,2026-05-11T15:14:35.674066+00:00
2014,392,Japan,X,Export,604,Peru,8517,Phones & Communication Devices,916849.0,3040.0,0.0,2026-05-11T15:01:45.208593,2026-05-11T15:14:35.674066+00:00
2014,392,Japan,X,Export,608,Philippines,8517,Phones & Communication Devices,52726180.0,127812.0,0.0,2026-05-11T15:01:45.208599,2026-05-11T15:14:35.674066+00:00
2014,392,Japan,X,Export,616,Poland,8517,Phones & Communication Devices,5837899.0,24688.0,0.0,2026-05-11T15:01:45.208605,2026-05-11T15:14:35.674066+00:00
2014,392,Japan,X,Export,620,Portugal,8517,Phones & Communication Devices,294669.0,1344.0,0.0,2026-05-11T15:01:45.208610,2026-05-11T15:14:35.674066+00:00
2014,392,Japan,X,Export,626,Unknown,8517,Phones & Communication Devices,87461.0,419.0,0.0,2026-05-11T15:01:45.208618,2026-05-11T15:14:35.674066+00:00
2014,392,Japan,X,Export,634,Qatar,8517,Phones & Communication Devices,225253.0,926.0,0.0,2026-05-11T15:01:45.208624,2026-05-11T15:14:35.674066+00:00
2014,392,Japan,X,Export,642,Romania,8517,Phones & Communication Devices,2873127.0,10904.0,0.0,2026-05-11T15:01:45.208872,2026-05-11T15:14:35.674066+00:00
2014,392,Japan,X,Export,643,Russia,8517,Phones & Communication Devices,46958320.0,194723.0,0.0,2026-05-11T15:01:45.208887,2026-05-11T15:14:35.674066+00:00
2014,392,Japan,X,Export,646,Unknown,8517,Phones & Communication Devices,41502.0,205.0,0.0,2026-05-11T15:01:45.208894,2026-05-11T15:14:35.674066+00:00
2014,392,Japan,X,Export,659,Unknown,8517,Phones & Communication Devices,3730.0,16.0,0.0,2026-05-11T15:01:45.208901,2026-05-11T15:14:35.674066+00:00
2014,392,Japan,X,Export,682,Saudi Arabia,8517,Phones & Communication Devices,27532322.0,121922.0,0.0,2026-05-11T15:01:45.208908,2026-05-11T15:14:35.674066+00:00
2014,392,Japan,X,Export,688,Unknown,8517,Phones & Communication Devices,37017.0,155.0,0.0,2026-05-11T15:01:45.208915,2026-05-11T15:14:35.674066+00:00
2014,392,Japan,X,Export,690,Unknown,8517,Phones & Communication Devices,2871.0,12.0,0.0,2026-05-11T15:01:45.208922,2026-05-11T15:14:35.674066+00:00
2014,392,Japan,X,Export,699,Unknown,8517,Phones & Communication Devices,27232535.0,109828.0,0.0,2026-05-11T15:01:45.208929,2026-05-11T15:14:35.674066+00:00
2014,392,Japan,X,Export,702,Unknown,8517,Phones & Communication Devices,70275637.0,215638.0,0.0,2026-05-11T15:01:45.208949,2026-05-11T15:14:35.674066+00:00
2014,392,Japan,X,Export,703,Unknown,8517,Phones & Communication Devices,1011931.0,5647.0,0.0,2026-05-11T15:01:45.208955,2026-05-11T15:14:35.674066+00:00
2014,392,Japan,X,Export,704,Vietnam,8517,Phones & Communication Devices,94275645.0,341122.0,0.0,2026-05-11T15:01:45.208961,2026-05-11T15:14:35.674066+00:00
2014,392,Japan,X,Export,710,South Africa,8517,Phones & Communication Devices,5159806.0,25643.0,0.0,2026-05-11T15:01:45.208967,2026-05-11T15:14:35.674066+00:00
2014,392,Japan,X,Export,724,Spain,8517,Phones & Communication Devices,3961508.0,16552.0,0.0,2026-05-11T15:01:45.208973,2026-05-11T15:14:35.674066+00:00
2014,392,Japan,X,Export,729,Unknown,8517,Phones & Communication Devices,9679.0,40.0,0.0,2026-05-11T15:01:45.208979,2026-05-11T15:14:35.674066+00:00
2014,392,Japan,X,Export,752,Sweden,8517,Phones & Communication Devices,11374178.0,49332.0,0.0,2026-05-11T15:01:45.208985,2026-05-11T15:14:35.674066+00:00
2014,392,Japan,X,Export,757,Unknown,8517,Phones & Communication Devices,1488009.0,5483.0,0.0,2026-05-11T15:01:45.208992,2026-05-11T15:14:35.674066+00:00
2014,392,Japan,X,Export,764,Thailand,8517,Phones & Communication Devices,113424198.0,261999.0,0.0,2026-05-11T15:01:45.208998,2026-05-11T15:14:35.674066+00:00
2014,392,Japan,X,Export,776,Unknown,8517,Phones & Communication Devices,6261.0,26.0,0.0,2026-05-11T15:01:45.209006,2026-05-11T15:14:35.674066+00:00
2014,392,Japan,X,Export,780,Unknown,8517,Phones & Communication Devices,5713.0,24.0,0.0,2026-05-11T15:01:45.209016,2026-05-11T15:14:35.674066+00:00
2014,392,Japan,X,Export,784,UAE,8517,Phones & Communication Devices,17211747.0,94525.0,0.0,2026-05-11T15:01:45.209023,2026-05-11T15:14:35.674066+00:00
2014,392,Japan,X,Export,788,Unknown,8517,Phones & Communication Devices,1159789.0,4983.0,0.0,2026-05-11T15:01:45.209039,2026-05-11T15:14:35.674066+00:00
2014,392,Japan,X,Export,792,Turkey,8517,Phones & Communication Devices,5798502.0,27458.0,0.0,2026-05-11T15:01:45.209046,2026-05-11T15:14:35.674066+00:00
2014,392,Japan,X,Export,795,Unknown,8517,Phones & Communication Devices,22191.0,93.0,0.0,2026-05-11T15:01:45.209053,2026-05-11T15:14:35.674066+00:00
2014,392,Japan,X,Export,800,Uganda,8517,Phones & Communication Devices,7536.0,31.0,0.0,2026-05-11T15:01:45.209059,2026-05-11T15:14:35.674066+00:00
2014,392,Japan,X,Export,804,Ukraine,8517,Phones & Communication Devices,269985.0,1127.0,0.0,2026-05-11T15:01:45.209065,2026-05-11T15:14:35.674066+00:00
2014,392,Japan,X,Export,818,Egypt,8517,Phones & Communication Devices,6397009.0,19776.0,0.0,2026-05-11T15:01:45.209071,2026-05-11T15:14:35.674066+00:00
2014,392,Japan,X,Export,826,United Kingdom,8517,Phones & Communication Devices,45814339.0,191779.0,0.0,2026-05-11T15:01:45.209077,2026-05-11T15:14:35.674066+00:00
2014,392,Japan,X,Export,834,Unknown,8517,Phones & Communication Devices,145951.0,1077.0,0.0,2026-05-11T15:01:45.209087,2026-05-11T15:14:35.674066+00:00
2014,392,Japan,X,Export,842,Unknown,8517,Phones & Communication Devices,701282809.0,1633923.0,0.0,2026-05-11T15:01:45.209106,2026-05-11T15:14:35.674066+00:00
2014,392,Japan,X,Export,854,Unknown,8517,Phones & Communication Devices,158642.0,662.0,0.0,2026-05-11T15:01:45.209115,2026-05-11T15:14:35.674066+00:00
2014,392,Japan,X,Export,858,Unknown,8517,Phones & Communication Devices,193770.0,871.0,0.0,2026-05-11T15:01:45.209121,2026-05-11T15:14:35.674066+00:00
2014,392,Japan,X,Export,860,Unknown,8517,Phones & Communication Devices,892279.0,1312.0,0.0,2026-05-11T15:01:45.209128,2026-05-11T15:14:35.674066+00:00
2014,392,Japan,X,Export,862,Unknown,8517,Phones & Communication Devices,45893.0,187.0,0.0,2026-05-11T15:01:45.209136,2026-05-11T15:14:35.674066+00:00
2014,392,Japan,X,Export,887,Yemen,8517,Phones & Communication Devices,114175.0,477.0,0.0,2026-05-11T15:01:45.209142,2026-05-11T15:14:35.674066+00:00
2014,392,Japan,X,Export,894,Zambia,8517,Phones & Communication Devices,1692658.0,10749.0,0.0,2026-05-11T15:01:45.209149,2026-05-11T15:14:35.674066+00:00
2014,392,Japan,X,Export,44,Unknown,8517,Phones & Communication Devices,4533.0,28.0,0.0,2026-05-11T15:01:45.209156,2026-05-11T15:14:35.674066+00:00
2014,392,Japan,X,Export,178,Unknown,8517,Phones & Communication Devices,24505.0,91.0,0.0,2026-05-11T15:01:45.209162,2026-05-11T15:14:35.674066+00:00
2014,392,Japan,X,Export,188,Unknown,8517,Phones & Communication Devices,73863.0,12.0,0.0,2026-05-11T15:01:45.209169,2026-05-11T15:14:35.674066+00:00
2014,392,Japan,X,Export,500,Unknown,8517,Phones & Communication Devices,33145.0,14.0,0.0,2026-05-11T15:01:45.209179,2026-05-11T15:14:35.674066+00:00
2014,392,Japan,X,Export,728,Unknown,8517,Phones & Communication Devices,878756.0,3555.0,0.0,2026-05-11T15:01:45.209186,2026-05-11T15:14:35.674066+00:00
2014,392,Japan,X,Export,540,Unknown,8517,Phones & Communication Devices,4079.0,5.0,0.0,2026-05-11T15:01:45.209194,2026-05-11T15:14:35.674066+00:00
2014,392,Japan,M,Import,703,Unknown,8517,Phones & Communication Devices,42486.0,134.0,0.0,2026-05-11T15:01:45.209201,2026-05-11T15:14:35.674066+00:00
2014,392,Japan,M,Import,704,Vietnam,8517,Phones & Communication Devices,138804205.0,563787.0,0.0,2026-05-11T15:01:45.209208,2026-05-11T15:14:35.674066+00:00
2014,392,Japan,M,Import,705,Unknown,8517,Phones & Communication Devices,40558.0,136.0,0.0,2026-05-11T15:01:45.209214,2026-05-11T15:14:35.674066+00:00
2014,392,Japan,M,Import,710,South Africa,8517,Phones & Communication Devices,98823.0,252.0,0.0,2026-05-11T15:01:45.209220,2026-05-11T15:14:35.674066+00:00
2014,392,Japan,M,Import,724,Spain,8517,Phones & Communication Devices,779615.0,1705.0,0.0,2026-05-11T15:01:45.209226,2026-05-11T15:14:35.674066+00:00
2014,392,Japan,M,Import,752,Sweden,8517,Phones & Communication Devices,60200690.0,249758.0,0.0,2026-05-11T15:01:45.209232,2026-05-11T15:14:35.674066+00:00
2014,392,Japan,M,Import,757,Unknown,8517,Phones & Communication Devices,2310898.0,7445.0,0.0,2026-05-11T15:01:45.209237,2026-05-11T15:14:35.674066+00:00
2014,392,Japan,M,Import,762,Unknown,8517,Phones & Communication Devices,46523.0,166.0,0.0,2026-05-11T15:01:45.209247,2026-05-11T15:14:35.674066+00:00
2014,392,Japan,M,Import,764,Thailand,8517,Phones & Communication Devices,302065435.0,1922657.0,0.0,2026-05-11T15:01:45.209253,2026-05-11T15:14:35.674066+00:00
2014,392,Japan,M,Import,780,Unknown,8517,Phones & Communication Devices,1948.0,7.0,0.0,2026-05-11T15:01:45.209258,2026-05-11T15:14:35.674066+00:00
2014,392,Japan,M,Import,784,UAE,8517,Phones & Communication Devices,7384.0,13.0,0.0,2026-05-11T15:01:45.209264,2026-05-11T15:14:35.674066+00:00
2014,392,Japan,M,Import,788,Unknown,8517,Phones & Communication Devices,5744572.0,20482.0,0.0,2026-05-11T15:01:45.209270,2026-05-11T15:14:35.674066+00:00
2014,392,Japan,M,Import,792,Turkey,8517,Phones & Communication Devices,8792.0,28.0,0.0,2026-05-11T15:01:45.209276,2026-05-11T15:14:35.674066+00:00
2014,392,Japan,M,Import,804,Ukraine,8517,Phones & Communication Devices,10059.0,34.0,0.0,2026-05-11T15:01:45.209283,2026-05-11T15:14:35.674066+00:00
2014,392,Japan,M,Import,826,United Kingdom,8517,Phones & Communication Devices,40468830.0,147695.0,0.0,2026-05-11T15:01:45.209289,2026-05-11T15:14:35.674066+00:00
2014,392,Japan,M,Import,834,Unknown,8517,Phones & Communication Devices,4320.0,15.0,0.0,2026-05-11T15:01:45.209294,2026-05-11T15:14:35.674066+00:00
2014,392,Japan,M,Import,842,Unknown,8517,Phones & Communication Devices,715449536.0,2207412.0,0.0,2026-05-11T15:01:45.209301,2026-05-11T15:14:35.674066+00:00
2014,392,Japan,M,Import,96,Unknown,8517,Phones & Communication Devices,111567.0,15.0,0.0,2026-05-11T15:01:45.209310,2026-05-11T15:14:35.674066+00:00
2014,392,Japan,M,Import,170,Colombia,8517,Phones & Communication Devices,28381.0,14.0,0.0,2026-05-11T15:01:45.209316,2026-05-11T15:14:35.674066+00:00
2014,392,Japan,M,Import,214,Unknown,8517,Phones & Communication Devices,1919.0,12.0,0.0,2026-05-11T15:01:45.209322,2026-05-11T15:14:35.674066+00:00
2014,392,Japan,M,Import,0,World,8517,Phones & Communication Devices,25512835900.0,62767778.0,0.0,2026-05-11T15:01:45.209327,2026-05-11T15:14:35.674066+00:00
2014,392,Japan,M,Import,28,Antigua and Barbuda,8517,Phones & Communication Devices,48953.0,175.0,0.0,2026-05-11T15:01:45.209333,2026-05-11T15:14:35.674066+00:00
2014,392,Japan,M,Import,36,Australia,8517,Phones & Communication Devices,5147807.0,18770.0,0.0,2026-05-11T15:01:45.209338,2026-05-11T15:14:35.674066+00:00
2014,392,Japan,M,Import,40,Austria,8517,Phones & Communication Devices,3296118.0,9475.0,0.0,2026-05-11T15:01:45.209345,2026-05-11T15:14:35.674066+00:00
2014,392,Japan,M,Import,48,Unknown,8517,Phones & Communication Devices,5247.0,21.0,0.0,2026-05-11T15:01:45.209355,2026-05-11T15:14:35.674066+00:00
2014,392,Japan,M,Import,56,Belgium,8517,Phones & Communication Devices,1668376.0,6006.0,0.0,2026-05-11T15:01:45.209361,2026-05-11T15:14:35.674066+00:00
2014,392,Japan,M,Import,60,Unknown,8517,Phones & Communication Devices,6164.0,22.0,0.0,2026-05-11T15:01:45.209367,2026-05-11T15:14:35.674066+00:00
2014,392,Japan,M,Import,76,Brazil,8517,Phones & Communication Devices,398514.0,1152.0,0.0,2026-05-11T15:01:45.209375,2026-05-11T15:14:35.674066+00:00
2014,392,Japan,M,Import,100,Bulgaria,8517,Phones & Communication Devices,379351.0,1256.0,0.0,2026-05-11T15:01:45.209382,2026-05-11T15:14:35.674066+00:00
2014,392,Japan,M,Import,104,Unknown,8517,Phones & Communication Devices,24902.0,83.0,0.0,2026-05-11T15:01:45.209388,2026-05-11T15:14:35.674066+00:00
2014,392,Japan,M,Import,124,Canada,8517,Phones & Communication Devices,30037618.0,97915.0,0.0,2026-05-11T15:01:45.209394,2026-05-11T15:14:35.674066+00:00
2014,392,Japan,M,Import,152,Chile,8517,Phones & Communication Devices,3243.0,12.0,0.0,2026-05-11T15:01:45.209400,2026-05-11T15:14:35.674066+00:00
2014,392,Japan,M,Import,156,China,8517,Phones & Communication Devices,20203187241.0,43327658.0,0.0,2026-05-11T15:01:45.209406,2026-05-11T15:14:35.674066+00:00
2014,392,Japan,M,Import,188,Unknown,8517,Phones & Communication Devices,50551.0,131.0,0.0,2026-05-11T15:01:45.209413,2026-05-11T15:14:35.674066+00:00
2014,392,Japan,M,Import,191,Croatia,8517,Phones & Communication Devices,39489.0,81.0,0.0,2026-05-11T15:01:45.209420,2026-05-11T15:14:35.674066+00:00
2014,392,Japan,M,Import,203,Czech Republic,8517,Phones & Communication Devices,15152588.0,64878.0,0.0,2026-05-11T15:01:45.209426,2026-05-11T15:14:35.674066+00:00
2014,392,Japan,M,Import,208,Denmark,8517,Phones & Communication Devices,7337552.0,23480.0,0.0,2026-05-11T15:01:45.209437,2026-05-11T15:14:35.674066+00:00
2014,392,Japan,M,Import,222,Unknown,8517,Phones & Communication Devices,17915.0,64.0,0.0,2026-05-11T15:01:45.209446,2026-05-11T15:14:35.674066+00:00
2014,392,Japan,M,Import,233,Unknown,8517,Phones & Communication Devices,11025274.0,42642.0,0.0,2026-05-11T15:01:45.209453,2026-05-11T15:14:35.674066+00:00
2014,392,Japan,M,Import,246,Finland,8517,Phones & Communication Devices,28510163.0,96655.0,0.0,2026-05-11T15:01:45.209459,2026-05-11T15:14:35.674066+00:00
2014,392,Japan,M,Import,251,Unknown,8517,Phones & Communication Devices,48848043.0,153300.0,0.0,2026-05-11T15:01:45.209465,2026-05-11T15:14:35.674066+00:00
2014,392,Japan,M,Import,276,Germany,8517,Phones & Communication Devices,83428827.0,280058.0,0.0,2026-05-11T15:01:45.209473,2026-05-11T15:14:35.674066+00:00
2014,392,Japan,M,Import,300,Greece,8517,Phones & Communication Devices,94351.0,326.0,0.0,2026-05-11T15:01:45.209480,2026-05-11T15:14:35.674066+00:00
2014,392,Japan,M,Import,316,Unknown,8517,Phones & Communication Devices,94890.0,348.0,0.0,2026-05-11T15:01:45.209486,2026-05-11T15:14:35.674066+00:00
2014,392,Japan,M,Import,344,Unknown,8517,Phones & Communication Devices,19292031.0,67664.0,0.0,2026-05-11T15:01:45.209492,2026-05-11T15:14:35.674066+00:00
2014,392,Japan,M,Import,348,Unknown,8517,Phones & Communication Devices,905778.0,3155.0,0.0,2026-05-11T15:01:45.209499,2026-05-11T15:14:35.674066+00:00
2014,392,Japan,M,Import,360,Indonesia,8517,Phones & Communication Devices,11522431.0,45667.0,0.0,2026-05-11T15:01:45.209506,2026-05-11T15:14:35.674066+00:00
2014,392,Japan,M,Import,364,Iran,8517,Phones & Communication Devices,8386.0,30.0,0.0,2026-05-11T15:01:45.209516,2026-05-11T15:14:35.674066+00:00
2014,392,Japan,M,Import,372,Ireland,8517,Phones & Communication Devices,17418702.0,59423.0,0.0,2026-05-11T15:01:45.209524,2026-05-11T15:14:35.674066+00:00
2014,392,Japan,M,Import,376,Israel,8517,Phones & Communication Devices,41006621.0,141281.0,0.0,2026-05-11T15:01:45.209531,2026-05-11T15:14:35.674066+00:00
2014,392,Japan,M,Import,380,Italy,8517,Phones & Communication Devices,11837741.0,21150.0,0.0,2026-05-11T15:01:45.209537,2026-05-11T15:14:35.674066+00:00
2014,392,Japan,M,Import,410,South Korea,8517,Phones & Communication Devices,1956425584.0,7038044.0,0.0,2026-05-11T15:01:45.209544,2026-05-11T15:14:35.674066+00:00
2014,392,Japan,M,Import,428,Unknown,8517,Phones & Communication Devices,157816.0,572.0,0.0,2026-05-11T15:01:45.209551,2026-05-11T15:14:35.674066+00:00
2014,392,Japan,M,Import,442,Unknown,8517,Phones & Communication Devices,49530.0,177.0,0.0,2026-05-11T15:01:45.209558,2026-05-11T15:14:35.674066+00:00
2014,392,Japan,M,Import,446,Unknown,8517,Phones & Communication Devices,279923.0,462.0,0.0,2026-05-11T15:01:45.209565,2026-05-11T15:14:35.674066+00:00
2014,392,Japan,M,Import,458,Malaysia,8517,Phones & Communication Devices,732780589.0,3145044.0,0.0,2026-05-11T15:01:45.209572,2026-05-11T15:14:35.674066+00:00
2014,392,Japan,M,Import,470,Unknown,8517,Phones & Communication Devices,704616.0,2512.0,0.0,2026-05-11T15:01:45.209579,2026-05-11T15:14:35.674066+00:00
2014,392,Japan,M,Import,484,Mexico,8517,Phones & Communication Devices,253739801.0,865387.0,0.0,2026-05-11T15:01:45.209589,2026-05-11T15:14:35.674066+00:00
2014,392,Japan,M,Import,490,Unknown,8517,Phones & Communication Devices,506268081.0,1489936.0,0.0,2026-05-11T15:01:45.209596,2026-05-11T15:14:35.674066+00:00
2014,392,Japan,M,Import,528,Netherlands,8517,Phones & Communication Devices,3622404.0,12576.0,0.0,2026-05-11T15:01:45.209602,2026-05-11T15:14:35.674066+00:00
2014,392,Japan,M,Import,540,Unknown,8517,Phones & Communication Devices,5001.0,18.0,0.0,2026-05-11T15:01:45.209609,2026-05-11T15:14:35.674066+00:00
2014,392,Japan,M,Import,554,New Zealand,8517,Phones & Communication Devices,179342.0,746.0,0.0,2026-05-11T15:01:45.209615,2026-05-11T15:14:35.674066+00:00
2014,392,Japan,M,Import,566,Nigeria,8517,Phones & Communication Devices,24089.0,86.0,0.0,2026-05-11T15:01:45.209622,2026-05-11T15:14:35.674066+00:00
2014,392,Japan,M,Import,579,Unknown,8517,Phones & Communication Devices,4695367.0,47195.0,0.0,2026-05-11T15:01:45.209629,2026-05-11T15:14:35.674066+00:00
2014,392,Japan,M,Import,598,Unknown,8517,Phones & Communication Devices,3413.0,12.0,0.0,2026-05-11T15:01:45.209636,2026-05-11T15:14:35.674066+00:00
2014,392,Japan,M,Import,608,Philippines,8517,Phones & Communication Devices,169484297.0,294005.0,0.0,2026-05-11T15:01:45.209642,2026-05-11T15:14:35.674066+00:00
2014,392,Japan,M,Import,616,Poland,8517,Phones & Communication Devices,21803146.0,83048.0,0.0,2026-05-11T15:01:45.209649,2026-05-11T15:14:35.674066+00:00
2014,392,Japan,M,Import,620,Portugal,8517,Phones & Communication Devices,907792.0,1608.0,0.0,2026-05-11T15:01:45.209660,2026-05-11T15:14:35.674066+00:00
2014,392,Japan,M,Import,634,Qatar,8517,Phones & Communication Devices,2836.0,10.0,0.0,2026-05-11T15:01:45.209667,2026-05-11T15:14:35.674066+00:00
2014,392,Japan,M,Import,637,Unknown,8517,Phones & Communication Devices,66830.0,238.0,0.0,2026-05-11T15:01:45.209675,2026-05-11T15:14:35.674066+00:00
2014,392,Japan,M,Import,642,Romania,8517,Phones & Communication Devices,3065838.0,9234.0,0.0,2026-05-11T15:01:45.209684,2026-05-11T15:14:35.674066+00:00
2014,392,Japan,M,Import,643,Russia,8517,Phones & Communication Devices,168149.0,702.0,0.0,2026-05-11T15:01:45.209690,2026-05-11T15:14:35.674066+00:00
2014,392,Japan,M,Import,678,Unknown,8517,Phones & Communication Devices,30083.0,107.0,0.0,2026-05-11T15:01:45.209698,2026-05-11T15:14:35.674066+00:00
2014,392,Japan,M,Import,682,Saudi Arabia,8517,Phones & Communication Devices,16289.0,58.0,0.0,2026-05-11T15:01:45.209704,2026-05-11T15:14:35.674066+00:00
2014,392,Japan,M,Import,694,Unknown,8517,Phones & Communication Devices,144419.0,515.0,0.0,2026-05-11T15:01:45.209711,2026-05-11T15:14:35.674066+00:00
2014,392,Japan,M,Import,699,Unknown,8517,Phones & Communication Devices,8485598.0,43027.0,0.0,2026-05-11T15:01:45.209717,2026-05-11T15:14:35.674066+00:00
2014,392,Japan,M,Import,702,Unknown,8517,Phones & Communication Devices,42656041.0,147768.0,0.0,2026-05-11T15:01:45.209724,2026-05-11T15:14:35.674066+00:00
2014,392,Japan,M,Import,422,Lebanon,8517,Phones & Communication Devices,19088.0,4.0,0.0,2026-05-11T15:01:45.209755,2026-05-11T15:14:35.674066+00:00
2014,392,Japan,M,Import,499,Unknown,8517,Phones & Communication Devices,6911.0,25.0,0.0,2026-05-11T15:01:45.209762,2026-05-11T15:14:35.674066+00:00
2014,392,Japan,M,Import,626,Unknown,8517,Phones & Communication Devices,4812.0,11.0,0.0,2026-05-11T15:01:45.209768,2026-05-11T15:14:35.674066+00:00
2014,392,Japan,M,Import,686,Unknown,8517,Phones & Communication Devices,14758.0,5.0,0.0,2026-05-11T15:01:45.209774,2026-05-11T15:14:35.674066+00:00
2014,392,Japan,M,Import,218,Ecuador,8517,Phones & Communication Devices,2052.0,1.0,0.0,2026-05-11T15:01:45.209782,2026-05-11T15:14:35.674066+00:00
2015,392,Japan,X,Export,12,Algeria,8517,Phones & Communication Devices,2300400.0,0.0,0.0,2026-05-11T15:01:45.209788,2026-05-11T15:14:35.674066+00:00
2015,392,Japan,X,Export,24,Angola,8517,Phones & Communication Devices,93144.0,0.0,0.0,2026-05-11T15:01:45.209796,2026-05-11T15:14:35.674066+00:00
2015,392,Japan,X,Export,32,Argentina,8517,Phones & Communication Devices,1839690.0,0.0,0.0,2026-05-11T15:01:45.209803,2026-05-11T15:14:35.674066+00:00
2015,392,Japan,X,Export,842,Unknown,8517,Phones & Communication Devices,637370975.0,0.0,0.0,2026-05-11T15:01:45.209810,2026-05-11T15:14:35.674066+00:00
2015,392,Japan,X,Export,860,Unknown,8517,Phones & Communication Devices,199981.0,0.0,0.0,2026-05-11T15:01:45.209817,2026-05-11T15:14:35.674066+00:00
2015,392,Japan,X,Export,894,Zambia,8517,Phones & Communication Devices,6824634.0,0.0,0.0,2026-05-11T15:01:45.209832,2026-05-11T15:14:35.674066+00:00
2015,392,Japan,X,Export,410,South Korea,8517,Phones & Communication Devices,173357729.0,0.0,0.0,2026-05-11T15:01:45.209839,2026-05-11T15:14:35.674066+00:00
2015,392,Japan,X,Export,0,World,8517,Phones & Communication Devices,4684184101.0,0.0,0.0,2026-05-11T15:01:45.209845,2026-05-11T15:14:35.674066+00:00
2015,392,Japan,X,Export,8,Albania,8517,Phones & Communication Devices,2306.0,9.0,0.0,2026-05-11T15:01:45.209851,2026-05-11T15:14:35.674066+00:00
2015,392,Japan,X,Export,31,Unknown,8517,Phones & Communication Devices,48708.0,220.0,0.0,2026-05-11T15:01:45.209857,2026-05-11T15:14:35.674066+00:00
2015,392,Japan,X,Export,48,Unknown,8517,Phones & Communication Devices,16569.0,108.0,0.0,2026-05-11T15:01:45.209864,2026-05-11T15:14:35.674066+00:00
2015,392,Japan,X,Export,51,Unknown,8517,Phones & Communication Devices,25561.0,95.0,0.0,2026-05-11T15:01:45.209871,2026-05-11T15:14:35.674066+00:00
2015,392,Japan,X,Export,52,Unknown,8517,Phones & Communication Devices,2380.0,9.0,0.0,2026-05-11T15:01:45.209878,2026-05-11T15:14:35.674066+00:00
2015,392,Japan,X,Export,70,Unknown,8517,Phones & Communication Devices,12974.0,51.0,0.0,2026-05-11T15:01:45.209885,2026-05-11T15:14:35.674066+00:00
2015,392,Japan,X,Export,100,Bulgaria,8517,Phones & Communication Devices,288447.0,225.0,0.0,2026-05-11T15:01:45.209892,2026-05-11T15:14:35.674066+00:00
2015,392,Japan,X,Export,120,Unknown,8517,Phones & Communication Devices,7686.0,184.0,0.0,2026-05-11T15:01:45.209905,2026-05-11T15:14:35.674066+00:00
2015,392,Japan,X,Export,140,Unknown,8517,Phones & Communication Devices,9421.0,40.0,0.0,2026-05-11T15:01:45.209911,2026-05-11T15:14:35.674066+00:00
2015,392,Japan,X,Export,180,Unknown,8517,Phones & Communication Devices,34932.0,138.0,0.0,2026-05-11T15:01:45.209917,2026-05-11T15:14:35.674066+00:00
2015,392,Japan,X,Export,192,Unknown,8517,Phones & Communication Devices,13090.0,52.0,0.0,2026-05-11T15:01:45.209923,2026-05-11T15:14:35.674066+00:00
2015,392,Japan,X,Export,196,Cyprus,8517,Phones & Communication Devices,43345.0,171.0,0.0,2026-05-11T15:01:45.209930,2026-05-11T15:14:35.674066+00:00
2015,392,Japan,X,Export,604,Peru,8517,Phones & Communication Devices,606503.0,0.0,0.0,2026-05-11T15:01:45.209936,2026-05-11T15:14:35.674066+00:00
2015,392,Japan,X,Export,600,Unknown,8517,Phones & Communication Devices,388102.0,0.0,0.0,2026-05-11T15:01:45.209942,2026-05-11T15:14:35.674066+00:00
2015,392,Japan,X,Export,608,Philippines,8517,Phones & Communication Devices,54820864.0,0.0,0.0,2026-05-11T15:01:45.209950,2026-05-11T15:14:35.674066+00:00
2015,392,Japan,X,Export,616,Poland,8517,Phones & Communication Devices,7534082.0,0.0,0.0,2026-05-11T15:01:45.209956,2026-05-11T15:14:35.674066+00:00
2015,392,Japan,X,Export,642,Romania,8517,Phones & Communication Devices,2535056.0,0.0,0.0,2026-05-11T15:01:45.209963,2026-05-11T15:14:35.674066+00:00
2015,392,Japan,X,Export,643,Russia,8517,Phones & Communication Devices,29046357.0,0.0,0.0,2026-05-11T15:01:45.209973,2026-05-11T15:14:35.674066+00:00
2015,392,Japan,X,Export,682,Saudi Arabia,8517,Phones & Communication Devices,32051288.0,0.0,0.0,2026-05-11T15:01:45.209980,2026-05-11T15:14:35.674066+00:00
2015,392,Japan,X,Export,699,Unknown,8517,Phones & Communication Devices,36913586.0,0.0,0.0,2026-05-11T15:01:45.209986,2026-05-11T15:14:35.674066+00:00
2015,392,Japan,X,Export,702,Unknown,8517,Phones & Communication Devices,62085944.0,0.0,0.0,2026-05-11T15:01:45.209992,2026-05-11T15:14:35.674066+00:00
2015,392,Japan,X,Export,703,Unknown,8517,Phones & Communication Devices,1655692.0,0.0,0.0,2026-05-11T15:01:45.209998,2026-05-11T15:14:35.674066+00:00
2015,392,Japan,X,Export,704,Vietnam,8517,Phones & Communication Devices,53476170.0,0.0,0.0,2026-05-11T15:01:45.210004,2026-05-11T15:14:35.674066+00:00
2015,392,Japan,X,Export,710,South Africa,8517,Phones & Communication Devices,2946926.0,0.0,0.0,2026-05-11T15:01:45.210010,2026-05-11T15:14:35.674066+00:00
2015,392,Japan,X,Export,716,Zimbabwe,8517,Phones & Communication Devices,92987.0,0.0,0.0,2026-05-11T15:01:45.210016,2026-05-11T15:14:35.674066+00:00
2015,392,Japan,X,Export,724,Spain,8517,Phones & Communication Devices,4069722.0,0.0,0.0,2026-05-11T15:01:45.210021,2026-05-11T15:14:35.674066+00:00
2015,392,Japan,X,Export,752,Sweden,8517,Phones & Communication Devices,10130548.0,0.0,0.0,2026-05-11T15:01:45.210028,2026-05-11T15:14:35.674066+00:00
2015,392,Japan,X,Export,762,Unknown,8517,Phones & Communication Devices,91962.0,0.0,0.0,2026-05-11T15:01:45.210037,2026-05-11T15:14:35.674066+00:00
2015,392,Japan,X,Export,764,Thailand,8517,Phones & Communication Devices,194736293.0,0.0,0.0,2026-05-11T15:01:45.210043,2026-05-11T15:14:35.674066+00:00
2015,392,Japan,X,Export,776,Unknown,8517,Phones & Communication Devices,3157.0,0.0,0.0,2026-05-11T15:01:45.210049,2026-05-11T15:14:35.674066+00:00
2015,392,Japan,X,Export,784,UAE,8517,Phones & Communication Devices,11290178.0,0.0,0.0,2026-05-11T15:01:45.210056,2026-05-11T15:14:35.674066+00:00
2015,392,Japan,X,Export,788,Unknown,8517,Phones & Communication Devices,1343859.0,0.0,0.0,2026-05-11T15:01:45.210061,2026-05-11T15:14:35.674066+00:00
2015,392,Japan,X,Export,792,Turkey,8517,Phones & Communication Devices,6764101.0,0.0,0.0,2026-05-11T15:01:45.210067,2026-05-11T15:14:35.674066+00:00
2015,392,Japan,X,Export,804,Ukraine,8517,Phones & Communication Devices,274406.0,0.0,0.0,2026-05-11T15:01:45.210116,2026-05-11T15:14:35.674066+00:00
2015,392,Japan,X,Export,818,Egypt,8517,Phones & Communication Devices,3281502.0,0.0,0.0,2026-05-11T15:01:45.210123,2026-05-11T15:14:35.674066+00:00
2015,392,Japan,X,Export,826,United Kingdom,8517,Phones & Communication Devices,51515404.0,0.0,0.0,2026-05-11T15:01:45.210129,2026-05-11T15:14:35.674066+00:00
2015,392,Japan,X,Export,344,Unknown,8517,Phones & Communication Devices,347351316.0,0.0,0.0,2026-05-11T15:01:45.210134,2026-05-11T15:14:35.674066+00:00
2015,392,Japan,X,Export,348,Unknown,8517,Phones & Communication Devices,4409770.0,0.0,0.0,2026-05-11T15:01:45.210145,2026-05-11T15:14:35.674066+00:00
2015,392,Japan,X,Export,360,Indonesia,8517,Phones & Communication Devices,33015920.0,0.0,0.0,2026-05-11T15:01:45.210151,2026-05-11T15:14:35.674066+00:00
2015,392,Japan,X,Export,368,Iraq,8517,Phones & Communication Devices,1310208.0,0.0,0.0,2026-05-11T15:01:45.210157,2026-05-11T15:14:35.674066+00:00
2015,392,Japan,X,Export,376,Israel,8517,Phones & Communication Devices,3479888.0,0.0,0.0,2026-05-11T15:01:45.210162,2026-05-11T15:14:35.674066+00:00
2015,392,Japan,X,Export,380,Italy,8517,Phones & Communication Devices,39059854.0,0.0,0.0,2026-05-11T15:01:45.210168,2026-05-11T15:14:35.674066+00:00
2015,392,Japan,X,Export,398,Kazakhstan,8517,Phones & Communication Devices,415440.0,0.0,0.0,2026-05-11T15:01:45.210173,2026-05-11T15:14:35.674066+00:00
2015,392,Japan,X,Export,400,Jordan,8517,Phones & Communication Devices,375376.0,0.0,0.0,2026-05-11T15:01:45.210178,2026-05-11T15:14:35.674066+00:00
2015,392,Japan,X,Export,440,Unknown,8517,Phones & Communication Devices,410960.0,0.0,0.0,2026-05-11T15:01:45.210184,2026-05-11T15:14:35.674066+00:00
2015,392,Japan,X,Export,450,Unknown,8517,Phones & Communication Devices,747297.0,0.0,0.0,2026-05-11T15:01:45.210190,2026-05-11T15:14:35.674066+00:00
2015,392,Japan,X,Export,454,Unknown,8517,Phones & Communication Devices,1124623.0,0.0,0.0,2026-05-11T15:01:45.210195,2026-05-11T15:14:35.674066+00:00
2015,392,Japan,X,Export,458,Malaysia,8517,Phones & Communication Devices,73381816.0,0.0,0.0,2026-05-11T15:01:45.210205,2026-05-11T15:14:35.674066+00:00
2015,392,Japan,X,Export,470,Unknown,8517,Phones & Communication Devices,284530.0,0.0,0.0,2026-05-11T15:01:45.210215,2026-05-11T15:14:35.674066+00:00
2015,392,Japan,X,Export,484,Mexico,8517,Phones & Communication Devices,105850857.0,0.0,0.0,2026-05-11T15:01:45.210221,2026-05-11T15:14:35.674066+00:00
2015,392,Japan,X,Export,490,Unknown,8517,Phones & Communication Devices,26324757.0,0.0,0.0,2026-05-11T15:01:45.210227,2026-05-11T15:14:35.674066+00:00
2015,392,Japan,X,Export,516,Unknown,8517,Phones & Communication Devices,355261.0,0.0,0.0,2026-05-11T15:01:45.210232,2026-05-11T15:14:35.674066+00:00
2015,392,Japan,X,Export,528,Netherlands,8517,Phones & Communication Devices,35581801.0,0.0,0.0,2026-05-11T15:01:45.210238,2026-05-11T15:14:35.674066+00:00
2015,392,Japan,X,Export,554,New Zealand,8517,Phones & Communication Devices,1192289.0,0.0,0.0,2026-05-11T15:01:45.210244,2026-05-11T15:14:35.674066+00:00
2015,392,Japan,X,Export,558,Unknown,8517,Phones & Communication Devices,64228.0,0.0,0.0,2026-05-11T15:01:45.210251,2026-05-11T15:14:35.674066+00:00
2015,392,Japan,X,Export,566,Nigeria,8517,Phones & Communication Devices,2681304.0,0.0,0.0,2026-05-11T15:01:45.210257,2026-05-11T15:14:35.674066+00:00
2015,392,Japan,X,Export,579,Unknown,8517,Phones & Communication Devices,2984725.0,0.0,0.0,2026-05-11T15:01:45.210263,2026-05-11T15:14:35.674066+00:00
2015,392,Japan,X,Export,586,Pakistan,8517,Phones & Communication Devices,7340085.0,0.0,0.0,2026-05-11T15:01:45.210273,2026-05-11T15:14:35.674066+00:00
2015,392,Japan,X,Export,36,Australia,8517,Phones & Communication Devices,17067606.0,0.0,0.0,2026-05-11T15:01:45.210278,2026-05-11T15:14:35.674066+00:00
2015,392,Japan,X,Export,40,Austria,8517,Phones & Communication Devices,441926.0,0.0,0.0,2026-05-11T15:01:45.210284,2026-05-11T15:14:35.674066+00:00
2015,392,Japan,X,Export,50,Bangladesh,8517,Phones & Communication Devices,2033688.0,0.0,0.0,2026-05-11T15:01:45.210290,2026-05-11T15:14:35.674066+00:00
2015,392,Japan,X,Export,56,Belgium,8517,Phones & Communication Devices,4573165.0,0.0,0.0,2026-05-11T15:01:45.210298,2026-05-11T15:14:35.674066+00:00
2015,392,Japan,X,Export,68,Bolivia,8517,Phones & Communication Devices,70575.0,0.0,0.0,2026-05-11T15:01:45.210304,2026-05-11T15:14:35.674066+00:00
2015,392,Japan,X,Export,76,Brazil,8517,Phones & Communication Devices,5531120.0,0.0,0.0,2026-05-11T15:01:45.210310,2026-05-11T15:14:35.674066+00:00
2015,392,Japan,X,Export,90,Unknown,8517,Phones & Communication Devices,313991.0,0.0,0.0,2026-05-11T15:01:45.210316,2026-05-11T15:14:35.674066+00:00
2015,392,Japan,X,Export,96,Unknown,8517,Phones & Communication Devices,3463.0,0.0,0.0,2026-05-11T15:01:45.210322,2026-05-11T15:14:35.674066+00:00
2015,392,Japan,X,Export,104,Unknown,8517,Phones & Communication Devices,3784177.0,0.0,0.0,2026-05-11T15:01:45.210328,2026-05-11T15:14:35.674066+00:00
2015,392,Japan,X,Export,116,Cambodia,8517,Phones & Communication Devices,193559.0,0.0,0.0,2026-05-11T15:01:45.210336,2026-05-11T15:14:35.674066+00:00
2015,392,Japan,X,Export,124,Canada,8517,Phones & Communication Devices,10037025.0,0.0,0.0,2026-05-11T15:01:45.210342,2026-05-11T15:14:35.674066+00:00
2015,392,Japan,X,Export,144,Sri Lanka,8517,Phones & Communication Devices,220169.0,0.0,0.0,2026-05-11T15:01:45.210349,2026-05-11T15:14:35.674066+00:00
2015,392,Japan,X,Export,148,Unknown,8517,Phones & Communication Devices,143727.0,0.0,0.0,2026-05-11T15:01:45.210355,2026-05-11T15:14:35.674066+00:00
2015,392,Japan,X,Export,152,Chile,8517,Phones & Communication Devices,1248244.0,0.0,0.0,2026-05-11T15:01:45.210361,2026-05-11T15:14:35.674066+00:00
2015,392,Japan,X,Export,156,China,8517,Phones & Communication Devices,2425336314.0,0.0,0.0,2026-05-11T15:01:45.210367,2026-05-11T15:14:35.674066+00:00
2015,392,Japan,X,Export,170,Colombia,8517,Phones & Communication Devices,7598252.0,0.0,0.0,2026-05-11T15:01:45.210373,2026-05-11T15:14:35.674066+00:00
2015,392,Japan,X,Export,191,Croatia,8517,Phones & Communication Devices,27569.0,0.0,0.0,2026-05-11T15:01:45.210380,2026-05-11T15:14:35.674066+00:00
2015,392,Japan,X,Export,208,Denmark,8517,Phones & Communication Devices,1094914.0,0.0,0.0,2026-05-11T15:01:45.210400,2026-05-11T15:14:35.674066+00:00
2015,392,Japan,X,Export,233,Unknown,8517,Phones & Communication Devices,229186.0,0.0,0.0,2026-05-11T15:01:45.210407,2026-05-11T15:14:35.674066+00:00
2015,392,Japan,X,Export,246,Finland,8517,Phones & Communication Devices,1971162.0,0.0,0.0,2026-05-11T15:01:45.210416,2026-05-11T15:14:35.674066+00:00
2015,392,Japan,X,Export,251,Unknown,8517,Phones & Communication Devices,17889147.0,0.0,0.0,2026-05-11T15:01:45.210420,2026-05-11T15:14:35.674066+00:00
2015,392,Japan,X,Export,266,Unknown,8517,Phones & Communication Devices,1234906.0,0.0,0.0,2026-05-11T15:01:45.210423,2026-05-11T15:14:35.674066+00:00
2015,392,Japan,X,Export,268,Unknown,8517,Phones & Communication Devices,191047.0,0.0,0.0,2026-05-11T15:01:45.210426,2026-05-11T15:14:35.674066+00:00
2015,392,Japan,X,Export,276,Germany,8517,Phones & Communication Devices,84253067.0,0.0,0.0,2026-05-11T15:01:45.210429,2026-05-11T15:14:35.674066+00:00
2015,392,Japan,X,Export,288,Ghana,8517,Phones & Communication Devices,813111.0,0.0,0.0,2026-05-11T15:01:45.210432,2026-05-11T15:14:35.674066+00:00
2015,392,Japan,X,Export,300,Greece,8517,Phones & Communication Devices,171106.0,0.0,0.0,2026-05-11T15:01:45.210435,2026-05-11T15:14:35.674066+00:00
2015,392,Japan,X,Export,320,Unknown,8517,Phones & Communication Devices,1429424.0,0.0,0.0,2026-05-11T15:01:45.210439,2026-05-11T15:14:35.674066+00:00
2015,392,Japan,X,Export,203,Czech Republic,8517,Phones & Communication Devices,1952271.0,4233.0,0.0,2026-05-11T15:01:45.210442,2026-05-11T15:14:35.674066+00:00
2015,392,Japan,X,Export,214,Unknown,8517,Phones & Communication Devices,6008.0,18.0,0.0,2026-05-11T15:01:45.210445,2026-05-11T15:14:35.674066+00:00
2015,392,Japan,X,Export,218,Ecuador,8517,Phones & Communication Devices,312354.0,1766.0,0.0,2026-05-11T15:01:45.210450,2026-05-11T15:14:35.674066+00:00
2015,392,Japan,X,Export,222,Unknown,8517,Phones & Communication Devices,32982.0,147.0,0.0,2026-05-11T15:01:45.210453,2026-05-11T15:14:35.674066+00:00
2015,392,Japan,X,Export,231,Ethiopia,8517,Phones & Communication Devices,35238.0,139.0,0.0,2026-05-11T15:01:45.210456,2026-05-11T15:14:35.674066+00:00
2015,392,Japan,X,Export,242,Unknown,8517,Phones & Communication Devices,142661.0,478.0,0.0,2026-05-11T15:01:45.210459,2026-05-11T15:14:35.674066+00:00
2015,392,Japan,X,Export,262,Unknown,8517,Phones & Communication Devices,2460003.0,8275.0,0.0,2026-05-11T15:01:45.210462,2026-05-11T15:14:35.674066+00:00
2015,392,Japan,X,Export,270,Unknown,8517,Phones & Communication Devices,88813.0,351.0,0.0,2026-05-11T15:01:45.210465,2026-05-11T15:14:35.674066+00:00
2015,392,Japan,X,Export,275,Unknown,8517,Phones & Communication Devices,5281.0,21.0,0.0,2026-05-11T15:01:45.210468,2026-05-11T15:14:35.674066+00:00
2015,392,Japan,X,Export,296,Unknown,8517,Phones & Communication Devices,9669.0,38.0,0.0,2026-05-11T15:01:45.210471,2026-05-11T15:14:35.674066+00:00
2015,392,Japan,X,Export,316,Unknown,8517,Phones & Communication Devices,23255.0,54.0,0.0,2026-05-11T15:01:45.210474,2026-05-11T15:14:35.674066+00:00
2015,392,Japan,X,Export,332,Unknown,8517,Phones & Communication Devices,11413.0,90.0,0.0,2026-05-11T15:01:45.210477,2026-05-11T15:14:35.674066+00:00
2015,392,Japan,X,Export,340,Unknown,8517,Phones & Communication Devices,143017.0,597.0,0.0,2026-05-11T15:01:45.210482,2026-05-11T15:14:35.674066+00:00
2015,392,Japan,X,Export,352,Unknown,8517,Phones & Communication Devices,4810.0,19.0,0.0,2026-05-11T15:01:45.210485,2026-05-11T15:14:35.674066+00:00
2015,392,Japan,X,Export,364,Iran,8517,Phones & Communication Devices,89987.0,359.0,0.0,2026-05-11T15:01:45.210488,2026-05-11T15:14:35.674066+00:00
2015,392,Japan,X,Export,372,Ireland,8517,Phones & Communication Devices,367459.0,1538.0,0.0,2026-05-11T15:01:45.210494,2026-05-11T15:14:35.674066+00:00
2015,392,Japan,X,Export,384,Unknown,8517,Phones & Communication Devices,43783.0,173.0,0.0,2026-05-11T15:01:45.210498,2026-05-11T15:14:35.674066+00:00
2015,392,Japan,X,Export,404,Kenya,8517,Phones & Communication Devices,252779.0,965.0,0.0,2026-05-11T15:01:45.210501,2026-05-11T15:14:35.674066+00:00
2015,392,Japan,X,Export,414,Kuwait,8517,Phones & Communication Devices,710522.0,3092.0,0.0,2026-05-11T15:01:45.210504,2026-05-11T15:14:35.674066+00:00
2015,392,Japan,X,Export,417,Unknown,8517,Phones & Communication Devices,22883.0,82.0,0.0,2026-05-11T15:01:45.210507,2026-05-11T15:14:35.674066+00:00
2015,392,Japan,X,Export,418,Unknown,8517,Phones & Communication Devices,14007.0,55.0,0.0,2026-05-11T15:01:45.210510,2026-05-11T15:14:35.674066+00:00
2015,392,Japan,X,Export,426,Unknown,8517,Phones & Communication Devices,16801.0,66.0,0.0,2026-05-11T15:01:45.210513,2026-05-11T15:14:35.674066+00:00
2015,392,Japan,X,Export,428,Unknown,8517,Phones & Communication Devices,549011.0,2176.0,0.0,2026-05-11T15:01:45.210518,2026-05-11T15:14:35.674066+00:00
2015,392,Japan,X,Export,430,Unknown,8517,Phones & Communication Devices,14636.0,36.0,0.0,2026-05-11T15:01:45.210521,2026-05-11T15:14:35.674066+00:00
2015,392,Japan,X,Export,422,Lebanon,8517,Phones & Communication Devices,143694.0,913.0,0.0,2026-05-11T15:01:45.210524,2026-05-11T15:14:35.674066+00:00
2015,392,Japan,X,Export,442,Unknown,8517,Phones & Communication Devices,75078.0,294.0,0.0,2026-05-11T15:01:45.210527,2026-05-11T15:14:35.674066+00:00
2015,392,Japan,X,Export,446,Unknown,8517,Phones & Communication Devices,1079799.0,463.0,0.0,2026-05-11T15:01:45.210530,2026-05-11T15:14:35.674066+00:00
2015,392,Japan,X,Export,496,Unknown,8517,Phones & Communication Devices,42303.0,176.0,0.0,2026-05-11T15:01:45.210533,2026-05-11T15:14:35.674066+00:00
2015,392,Japan,X,Export,498,Unknown,8517,Phones & Communication Devices,193402.0,759.0,0.0,2026-05-11T15:01:45.210537,2026-05-11T15:14:35.674066+00:00
2015,392,Japan,X,Export,504,Morocco,8517,Phones & Communication Devices,1356122.0,5793.0,0.0,2026-05-11T15:01:45.210540,2026-05-11T15:14:35.674066+00:00
2015,392,Japan,X,Export,524,Unknown,8517,Phones & Communication Devices,36651.0,145.0,0.0,2026-05-11T15:01:45.210543,2026-05-11T15:14:35.674066+00:00
2015,392,Japan,X,Export,512,Unknown,8517,Phones & Communication Devices,16743.0,66.0,0.0,2026-05-11T15:01:45.210546,2026-05-11T15:14:35.674066+00:00
2015,392,Japan,X,Export,548,Unknown,8517,Phones & Communication Devices,41229.0,111.0,0.0,2026-05-11T15:01:45.210551,2026-05-11T15:14:35.674066+00:00
2015,392,Japan,X,Export,531,Unknown,8517,Phones & Communication Devices,11743.0,42.0,0.0,2026-05-11T15:01:45.210554,2026-05-11T15:14:35.674066+00:00
2015,392,Japan,X,Export,562,Unknown,8517,Phones & Communication Devices,135744.0,620.0,0.0,2026-05-11T15:01:45.210557,2026-05-11T15:14:35.674066+00:00
2015,392,Japan,X,Export,583,Unknown,8517,Phones & Communication Devices,69236.0,454.0,0.0,2026-05-11T15:01:45.210560,2026-05-11T15:14:35.674066+00:00
2015,392,Japan,X,Export,584,Unknown,8517,Phones & Communication Devices,50898.0,227.0,0.0,2026-05-11T15:01:45.210563,2026-05-11T15:14:35.674066+00:00
2015,392,Japan,X,Export,591,Unknown,8517,Phones & Communication Devices,443380.0,1657.0,0.0,2026-05-11T15:01:45.210566,2026-05-11T15:14:35.674066+00:00
2015,392,Japan,X,Export,620,Portugal,8517,Phones & Communication Devices,348551.0,1010.0,0.0,2026-05-11T15:01:45.210569,2026-05-11T15:14:35.674066+00:00
2015,392,Japan,X,Export,634,Qatar,8517,Phones & Communication Devices,127704.0,787.0,0.0,2026-05-11T15:01:45.210572,2026-05-11T15:14:35.674066+00:00
2015,392,Japan,X,Export,690,Unknown,8517,Phones & Communication Devices,8107.0,32.0,0.0,2026-05-11T15:01:45.210579,2026-05-11T15:14:35.674066+00:00
2015,392,Japan,X,Export,688,Unknown,8517,Phones & Communication Devices,219979.0,884.0,0.0,2026-05-11T15:01:45.210582,2026-05-11T15:14:35.674066+00:00
2015,392,Japan,X,Export,705,Unknown,8517,Phones & Communication Devices,23172.0,130.0,0.0,2026-05-11T15:01:45.210587,2026-05-11T15:14:35.674066+00:00
2015,392,Japan,X,Export,728,Unknown,8517,Phones & Communication Devices,24065.0,54.0,0.0,2026-05-11T15:01:45.210590,2026-05-11T15:14:35.674066+00:00
2015,392,Japan,X,Export,748,Unknown,8517,Phones & Communication Devices,35593.0,141.0,0.0,2026-05-11T15:01:45.210593,2026-05-11T15:14:35.674066+00:00
2015,392,Japan,X,Export,729,Unknown,8517,Phones & Communication Devices,48923.0,194.0,0.0,2026-05-11T15:01:45.210596,2026-05-11T15:14:35.674066+00:00
2015,392,Japan,X,Export,757,Unknown,8517,Phones & Communication Devices,1893935.0,9616.0,0.0,2026-05-11T15:01:45.210599,2026-05-11T15:14:35.674066+00:00
2015,392,Japan,X,Export,780,Unknown,8517,Phones & Communication Devices,10099.0,31.0,0.0,2026-05-11T15:01:45.210602,2026-05-11T15:14:35.674066+00:00
2015,392,Japan,X,Export,795,Unknown,8517,Phones & Communication Devices,74550.0,327.0,0.0,2026-05-11T15:01:45.210605,2026-05-11T15:14:35.674066+00:00
2015,392,Japan,X,Export,798,Unknown,8517,Phones & Communication Devices,14164.0,25.0,0.0,2026-05-11T15:01:45.210608,2026-05-11T15:14:35.674066+00:00
2015,392,Japan,X,Export,800,Uganda,8517,Phones & Communication Devices,16668.0,131.0,0.0,2026-05-11T15:01:45.210611,2026-05-11T15:14:35.674066+00:00
2015,392,Japan,X,Export,834,Unknown,8517,Phones & Communication Devices,3396107.0,14189.0,0.0,2026-05-11T15:01:45.210614,2026-05-11T15:14:35.674066+00:00
2015,392,Japan,X,Export,858,Unknown,8517,Phones & Communication Devices,325164.0,1381.0,0.0,2026-05-11T15:01:45.210619,2026-05-11T15:14:35.674066+00:00
2015,392,Japan,X,Export,64,Bhutan,8517,Phones & Communication Devices,41320.0,22.0,0.0,2026-05-11T15:01:45.210622,2026-05-11T15:14:35.674066+00:00
2015,392,Japan,X,Export,178,Unknown,8517,Phones & Communication Devices,127191.0,945.0,0.0,2026-05-11T15:01:45.210625,2026-05-11T15:14:35.674066+00:00
2015,392,Japan,X,Export,188,Unknown,8517,Phones & Communication Devices,157107.0,18.0,0.0,2026-05-11T15:01:45.210628,2026-05-11T15:14:35.674066+00:00
2015,392,Japan,X,Export,258,Unknown,8517,Phones & Communication Devices,3504.0,50.0,0.0,2026-05-11T15:01:45.210631,2026-05-11T15:14:35.674066+00:00
2015,392,Japan,X,Export,462,Unknown,8517,Phones & Communication Devices,471701.0,2347.0,0.0,2026-05-11T15:01:45.210634,2026-05-11T15:14:35.674066+00:00
2015,392,Japan,X,Export,480,Unknown,8517,Phones & Communication Devices,16511.0,234.0,0.0,2026-05-11T15:01:45.210637,2026-05-11T15:14:35.674066+00:00
2015,392,Japan,X,Export,598,Unknown,8517,Phones & Communication Devices,3719.0,15.0,0.0,2026-05-11T15:01:45.210640,2026-05-11T15:14:35.674066+00:00
2015,392,Japan,M,Import,0,World,8517,Phones & Communication Devices,22689152700.0,55324601.0,0.0,2026-05-11T15:01:45.210643,2026-05-11T15:14:35.674066+00:00
2015,392,Japan,M,Import,4,Afghanistan,8517,Phones & Communication Devices,21602.0,48.0,0.0,2026-05-11T15:01:45.210646,2026-05-11T15:14:35.674066+00:00
2015,392,Japan,M,Import,20,Unknown,8517,Phones & Communication Devices,4529.0,16.0,0.0,2026-05-11T15:01:45.210651,2026-05-11T15:14:35.674066+00:00
2015,392,Japan,M,Import,32,Argentina,8517,Phones & Communication Devices,10661.0,38.0,0.0,2026-05-11T15:01:45.210654,2026-05-11T15:14:35.674066+00:00
2015,392,Japan,M,Import,36,Australia,8517,Phones & Communication Devices,3718684.0,13758.0,0.0,2026-05-11T15:01:45.210657,2026-05-11T15:14:35.674066+00:00
2015,392,Japan,M,Import,40,Austria,8517,Phones & Communication Devices,5462578.0,12291.0,0.0,2026-05-11T15:01:45.210662,2026-05-11T15:14:35.674066+00:00
2015,392,Japan,M,Import,56,Belgium,8517,Phones & Communication Devices,2259146.0,7647.0,0.0,2026-05-11T15:01:45.210665,2026-05-11T15:14:35.674066+00:00
2015,392,Japan,M,Import,76,Brazil,8517,Phones & Communication Devices,96796.0,337.0,0.0,2026-05-11T15:01:45.210668,2026-05-11T15:14:35.674066+00:00
2015,392,Japan,M,Import,100,Bulgaria,8517,Phones & Communication Devices,119415.0,379.0,0.0,2026-05-11T15:01:45.210671,2026-05-11T15:14:35.674066+00:00
2015,392,Japan,M,Import,120,Unknown,8517,Phones & Communication Devices,2281.0,8.0,0.0,2026-05-11T15:01:45.210674,2026-05-11T15:14:35.674066+00:00
2015,392,Japan,M,Import,124,Canada,8517,Phones & Communication Devices,35456064.0,111009.0,0.0,2026-05-11T15:01:45.210677,2026-05-11T15:14:35.674066+00:00
2015,392,Japan,M,Import,144,Sri Lanka,8517,Phones & Communication Devices,7504.0,19.0,0.0,2026-05-11T15:01:45.210680,2026-05-11T15:14:35.674066+00:00
2015,392,Japan,M,Import,156,China,8517,Phones & Communication Devices,18213271512.0,40588105.0,0.0,2026-05-11T15:01:45.210685,2026-05-11T15:14:35.674066+00:00
2015,392,Japan,M,Import,188,Unknown,8517,Phones & Communication Devices,277034.0,977.0,0.0,2026-05-11T15:01:45.210688,2026-05-11T15:14:35.674066+00:00
2015,392,Japan,M,Import,191,Croatia,8517,Phones & Communication Devices,3248.0,6.0,0.0,2026-05-11T15:01:45.210690,2026-05-11T15:14:35.674066+00:00
2015,392,Japan,M,Import,196,Cyprus,8517,Phones & Communication Devices,24238.0,98.0,0.0,2026-05-11T15:01:45.210693,2026-05-11T15:14:35.674066+00:00
2015,392,Japan,M,Import,203,Czech Republic,8517,Phones & Communication Devices,15905142.0,47155.0,0.0,2026-05-11T15:01:45.210697,2026-05-11T15:14:35.674066+00:00
2015,392,Japan,M,Import,208,Denmark,8517,Phones & Communication Devices,3505622.0,12655.0,0.0,2026-05-11T15:01:45.210700,2026-05-11T15:14:35.674066+00:00
2015,392,Japan,M,Import,233,Unknown,8517,Phones & Communication Devices,9240565.0,35969.0,0.0,2026-05-11T15:01:45.210703,2026-05-11T15:14:35.674066+00:00
2015,392,Japan,M,Import,246,Finland,8517,Phones & Communication Devices,43353655.0,151951.0,0.0,2026-05-11T15:01:45.210706,2026-05-11T15:14:35.674066+00:00
2015,392,Japan,M,Import,251,Unknown,8517,Phones & Communication Devices,67210096.0,233174.0,0.0,2026-05-11T15:01:45.210709,2026-05-11T15:14:35.674066+00:00
2015,392,Japan,M,Import,276,Germany,8517,Phones & Communication Devices,60839064.0,218200.0,0.0,2026-05-11T15:01:45.210712,2026-05-11T15:14:35.674066+00:00
2015,392,Japan,M,Import,300,Greece,8517,Phones & Communication Devices,30188.0,111.0,0.0,2026-05-11T15:01:45.210717,2026-05-11T15:14:35.674066+00:00
2015,392,Japan,M,Import,316,Unknown,8517,Phones & Communication Devices,53303.0,202.0,0.0,2026-05-11T15:01:45.210721,2026-05-11T15:14:35.674066+00:00
2015,392,Japan,M,Import,344,Unknown,8517,Phones & Communication Devices,11192869.0,36216.0,0.0,2026-05-11T15:01:45.210724,2026-05-11T15:14:35.674066+00:00
2015,392,Japan,M,Import,348,Unknown,8517,Phones & Communication Devices,6071924.0,21508.0,0.0,2026-05-11T15:01:45.210748,2026-05-11T15:14:35.674066+00:00
2015,392,Japan,M,Import,360,Indonesia,8517,Phones & Communication Devices,7652249.0,37977.0,0.0,2026-05-11T15:01:45.210754,2026-05-11T15:14:35.674066+00:00
2015,392,Japan,M,Import,372,Ireland,8517,Phones & Communication Devices,12085769.0,43813.0,0.0,2026-05-11T15:01:45.210761,2026-05-11T15:14:35.674066+00:00
2015,392,Japan,M,Import,376,Israel,8517,Phones & Communication Devices,33508776.0,114634.0,0.0,2026-05-11T15:01:45.210765,2026-05-11T15:14:35.674066+00:00
2015,392,Japan,M,Import,380,Italy,8517,Phones & Communication Devices,16311731.0,34834.0,0.0,2026-05-11T15:01:45.210768,2026-05-11T15:14:35.674066+00:00
2015,392,Japan,M,Import,410,South Korea,8517,Phones & Communication Devices,1342300257.0,3407976.0,0.0,2026-05-11T15:01:45.210771,2026-05-11T15:14:35.674066+00:00
2015,392,Japan,M,Import,422,Lebanon,8517,Phones & Communication Devices,54600.0,123.0,0.0,2026-05-11T15:01:45.210774,2026-05-11T15:14:35.674066+00:00
2015,392,Japan,M,Import,428,Unknown,8517,Phones & Communication Devices,131852.0,508.0,0.0,2026-05-11T15:01:45.210780,2026-05-11T15:14:35.674066+00:00
2015,392,Japan,M,Import,440,Unknown,8517,Phones & Communication Devices,5967.0,21.0,0.0,2026-05-11T15:01:45.210783,2026-05-11T15:14:35.674066+00:00
2015,392,Japan,M,Import,458,Malaysia,8517,Phones & Communication Devices,660019458.0,2548488.0,0.0,2026-05-11T15:01:45.210786,2026-05-11T15:14:35.674066+00:00
2015,392,Japan,M,Import,470,Unknown,8517,Phones & Communication Devices,72475.0,256.0,0.0,2026-05-11T15:01:45.210790,2026-05-11T15:14:35.674066+00:00
2015,392,Japan,M,Import,484,Mexico,8517,Phones & Communication Devices,332195553.0,1135876.0,0.0,2026-05-11T15:01:45.210793,2026-05-11T15:14:35.674066+00:00
2015,392,Japan,M,Import,490,Unknown,8517,Phones & Communication Devices,381579953.0,1380414.0,0.0,2026-05-11T15:01:45.210796,2026-05-11T15:14:35.674066+00:00
2015,392,Japan,M,Import,496,Unknown,8517,Phones & Communication Devices,1959.0,7.0,0.0,2026-05-11T15:01:45.210798,2026-05-11T15:14:35.674066+00:00
2015,392,Japan,M,Import,499,Unknown,8517,Phones & Communication Devices,5082.0,9.0,0.0,2026-05-11T15:01:45.210801,2026-05-11T15:14:35.674066+00:00
2015,392,Japan,M,Import,504,Morocco,8517,Phones & Communication Devices,40692.0,143.0,0.0,2026-05-11T15:01:45.210805,2026-05-11T15:14:35.674066+00:00
2015,392,Japan,M,Import,528,Netherlands,8517,Phones & Communication Devices,2656223.0,10979.0,0.0,2026-05-11T15:01:45.210808,2026-05-11T15:14:35.674066+00:00
2015,392,Japan,M,Import,540,Unknown,8517,Phones & Communication Devices,14669.0,52.0,0.0,2026-05-11T15:01:45.210813,2026-05-11T15:14:35.674066+00:00
2015,392,Japan,M,Import,554,New Zealand,8517,Phones & Communication Devices,248085.0,888.0,0.0,2026-05-11T15:01:45.210816,2026-05-11T15:14:35.674066+00:00
2015,392,Japan,M,Import,566,Nigeria,8517,Phones & Communication Devices,18263.0,64.0,0.0,2026-05-11T15:01:45.210821,2026-05-11T15:14:35.674066+00:00
2015,392,Japan,M,Import,579,Unknown,8517,Phones & Communication Devices,4384325.0,48722.0,0.0,2026-05-11T15:01:45.210824,2026-05-11T15:14:35.674066+00:00
2015,392,Japan,M,Import,608,Philippines,8517,Phones & Communication Devices,154920721.0,230202.0,0.0,2026-05-11T15:01:45.210827,2026-05-11T15:14:35.674066+00:00
2015,392,Japan,M,Import,616,Poland,8517,Phones & Communication Devices,24254253.0,92551.0,0.0,2026-05-11T15:01:45.210830,2026-05-11T15:14:35.674066+00:00
2015,392,Japan,M,Import,620,Portugal,8517,Phones & Communication Devices,679590.0,1410.0,0.0,2026-05-11T15:01:45.210833,2026-05-11T15:14:35.674066+00:00
2015,392,Japan,M,Import,642,Romania,8517,Phones & Communication Devices,1949841.0,6656.0,0.0,2026-05-11T15:01:45.210836,2026-05-11T15:14:35.674066+00:00
2015,392,Japan,M,Import,643,Russia,8517,Phones & Communication Devices,13363.0,178.0,0.0,2026-05-11T15:01:45.210839,2026-05-11T15:14:35.674066+00:00
2015,392,Japan,M,Import,688,Unknown,8517,Phones & Communication Devices,2413.0,9.0,0.0,2026-05-11T15:01:45.210842,2026-05-11T15:14:35.674066+00:00
2015,392,Japan,M,Import,699,Unknown,8517,Phones & Communication Devices,7137253.0,20578.0,0.0,2026-05-11T15:01:45.210847,2026-05-11T15:14:35.674066+00:00
2015,392,Japan,M,Import,702,Unknown,8517,Phones & Communication Devices,34863229.0,126665.0,0.0,2026-05-11T15:01:45.210850,2026-05-11T15:14:35.674066+00:00
2015,392,Japan,M,Import,703,Unknown,8517,Phones & Communication Devices,3405.0,12.0,0.0,2026-05-11T15:01:45.210853,2026-05-11T15:14:35.674066+00:00
2015,392,Japan,M,Import,704,Vietnam,8517,Phones & Communication Devices,187572008.0,666114.0,0.0,2026-05-11T15:01:45.210856,2026-05-11T15:14:35.674066+00:00
2015,392,Japan,M,Import,705,Unknown,8517,Phones & Communication Devices,30279.0,67.0,0.0,2026-05-11T15:01:45.210861,2026-05-11T15:14:35.674066+00:00
2015,392,Japan,M,Import,710,South Africa,8517,Phones & Communication Devices,271208.0,349.0,0.0,2026-05-11T15:01:45.210864,2026-05-11T15:14:35.674066+00:00
2015,392,Japan,M,Import,724,Spain,8517,Phones & Communication Devices,491997.0,1905.0,0.0,2026-05-11T15:01:45.210867,2026-05-11T15:14:35.674066+00:00
2015,392,Japan,M,Import,752,Sweden,8517,Phones & Communication Devices,27083516.0,117866.0,0.0,2026-05-11T15:01:45.210870,2026-05-11T15:14:35.674066+00:00
2015,392,Japan,M,Import,757,Unknown,8517,Phones & Communication Devices,2249725.0,7890.0,0.0,2026-05-11T15:01:45.210873,2026-05-11T15:14:35.674066+00:00
2015,392,Japan,M,Import,764,Thailand,8517,Phones & Communication Devices,283617736.0,1693289.0,0.0,2026-05-11T15:01:45.210877,2026-05-11T15:14:35.674066+00:00
2015,392,Japan,M,Import,784,UAE,8517,Phones & Communication Devices,16809.0,56.0,0.0,2026-05-11T15:01:45.210881,2026-05-11T15:14:35.674066+00:00
2015,392,Japan,M,Import,788,Unknown,8517,Phones & Communication Devices,3826753.0,13493.0,0.0,2026-05-11T15:01:45.210884,2026-05-11T15:14:35.674066+00:00
2015,392,Japan,M,Import,792,Turkey,8517,Phones & Communication Devices,11710.0,47.0,0.0,2026-05-11T15:01:45.210888,2026-05-11T15:14:35.674066+00:00
2015,392,Japan,M,Import,804,Ukraine,8517,Phones & Communication Devices,26271.0,100.0,0.0,2026-05-11T15:01:45.210891,2026-05-11T15:14:35.674066+00:00
2015,392,Japan,M,Import,826,United Kingdom,8517,Phones & Communication Devices,20170498.0,71771.0,0.0,2026-05-11T15:01:45.210894,2026-05-11T15:14:35.674066+00:00
2015,392,Japan,M,Import,842,Unknown,8517,Phones & Communication Devices,668303664.0,2015129.0,0.0,2026-05-11T15:01:45.210897,2026-05-11T15:14:35.674066+00:00
2015,392,Japan,M,Import,104,Unknown,8517,Phones & Communication Devices,23585.0,175.0,0.0,2026-05-11T15:01:45.210900,2026-05-11T15:14:35.674066+00:00
2015,392,Japan,M,Import,116,Cambodia,8517,Phones & Communication Devices,12470.0,117.0,0.0,2026-05-11T15:01:45.210903,2026-05-11T15:14:35.674066+00:00
2015,392,Japan,M,Import,170,Colombia,8517,Phones & Communication Devices,22693.0,5.0,0.0,2026-05-11T15:01:45.210906,2026-05-11T15:14:35.674066+00:00
2015,392,Japan,M,Import,214,Unknown,8517,Phones & Communication Devices,3595.0,21.0,0.0,2026-05-11T15:01:45.210909,2026-05-11T15:14:35.674066+00:00
2015,392,Japan,M,Import,442,Unknown,8517,Phones & Communication Devices,38419.0,28.0,0.0,2026-05-11T15:01:45.210914,2026-05-11T15:14:35.674066+00:00
2015,392,Japan,M,Import,446,Unknown,8517,Phones & Communication Devices,117407.0,55.0,0.0,2026-05-11T15:01:45.210918,2026-05-11T15:14:35.674066+00:00
2015,392,Japan,M,Import,478,Unknown,8517,Phones & Communication Devices,10090.0,200.0,0.0,2026-05-11T15:01:45.210921,2026-05-11T15:14:35.674066+00:00
2015,392,Japan,M,Import,152,Chile,8517,Phones & Communication Devices,2537.0,2.0,0.0,2026-05-11T15:01:45.210924,2026-05-11T15:14:35.674066+00:00
2016,392,Japan,M,Import,36,Australia,8517,Phones & Communication Devices,7411095.0,26177.0,0.0,2026-05-11T15:01:45.210927,2026-05-11T15:14:35.674066+00:00
2016,392,Japan,M,Import,40,Austria,8517,Phones & Communication Devices,3896178.0,10686.0,0.0,2026-05-11T15:01:45.210930,2026-05-11T15:14:35.674066+00:00
2016,392,Japan,M,Import,56,Belgium,8517,Phones & Communication Devices,2803215.0,9915.0,0.0,2026-05-11T15:01:45.210933,2026-05-11T15:14:35.674066+00:00
2016,392,Japan,M,Import,76,Brazil,8517,Phones & Communication Devices,83730.0,182.0,0.0,2026-05-11T15:01:45.210936,2026-05-11T15:14:35.674066+00:00
2016,392,Japan,M,Import,96,Unknown,8517,Phones & Communication Devices,3818.0,13.0,0.0,2026-05-11T15:01:45.210939,2026-05-11T15:14:35.674066+00:00
2016,392,Japan,M,Import,100,Bulgaria,8517,Phones & Communication Devices,10166.0,9.0,0.0,2026-05-11T15:01:45.210942,2026-05-11T15:14:35.674066+00:00
2016,392,Japan,M,Import,104,Unknown,8517,Phones & Communication Devices,16781.0,65.0,0.0,2026-05-11T15:01:45.210946,2026-05-11T15:14:35.674066+00:00
2016,392,Japan,M,Import,124,Canada,8517,Phones & Communication Devices,26698589.0,89048.0,0.0,2026-05-11T15:01:45.210950,2026-05-11T15:14:35.674066+00:00
2016,392,Japan,M,Import,148,Unknown,8517,Phones & Communication Devices,3634.0,13.0,0.0,2026-05-11T15:01:45.210953,2026-05-11T15:14:35.674066+00:00
2016,392,Japan,M,Import,144,Sri Lanka,8517,Phones & Communication Devices,14269.0,41.0,0.0,2026-05-11T15:01:45.210956,2026-05-11T15:14:35.674066+00:00
2016,392,Japan,M,Import,156,China,8517,Phones & Communication Devices,19272528237.0,44956645.0,0.0,2026-05-11T15:01:45.210959,2026-05-11T15:14:35.674066+00:00
2016,392,Japan,M,Import,188,Unknown,8517,Phones & Communication Devices,69378.0,184.0,0.0,2026-05-11T15:01:45.210962,2026-05-11T15:14:35.674066+00:00
2016,392,Japan,M,Import,203,Czech Republic,8517,Phones & Communication Devices,15912125.0,48786.0,0.0,2026-05-11T15:01:45.210964,2026-05-11T15:14:35.674066+00:00
2016,392,Japan,M,Import,208,Denmark,8517,Phones & Communication Devices,4012955.0,12937.0,0.0,2026-05-11T15:01:45.210967,2026-05-11T15:14:35.674066+00:00
2016,392,Japan,M,Import,233,Unknown,8517,Phones & Communication Devices,3427654.0,15071.0,0.0,2026-05-11T15:01:45.210970,2026-05-11T15:14:35.674066+00:00
2016,392,Japan,M,Import,246,Finland,8517,Phones & Communication Devices,10025772.0,46758.0,0.0,2026-05-11T15:01:45.210973,2026-05-11T15:14:35.674066+00:00
2016,392,Japan,M,Import,251,Unknown,8517,Phones & Communication Devices,68757904.0,238705.0,0.0,2026-05-11T15:01:45.210980,2026-05-11T15:14:35.674066+00:00
2016,392,Japan,M,Import,268,Unknown,8517,Phones & Communication Devices,5180.0,12.0,0.0,2026-05-11T15:01:45.210983,2026-05-11T15:14:35.674066+00:00
2016,392,Japan,M,Import,276,Germany,8517,Phones & Communication Devices,77283729.0,255517.0,0.0,2026-05-11T15:01:45.210986,2026-05-11T15:14:35.674066+00:00
2016,392,Japan,M,Import,296,Unknown,8517,Phones & Communication Devices,2778.0,10.0,0.0,2026-05-11T15:01:45.210989,2026-05-11T15:14:35.674066+00:00
2016,392,Japan,M,Import,300,Greece,8517,Phones & Communication Devices,146134.0,8022.0,0.0,2026-05-11T15:01:45.210992,2026-05-11T15:14:35.674066+00:00
2016,392,Japan,M,Import,344,Unknown,8517,Phones & Communication Devices,8541456.0,28552.0,0.0,2026-05-11T15:01:45.210995,2026-05-11T15:14:35.674066+00:00
2016,392,Japan,M,Import,348,Unknown,8517,Phones & Communication Devices,14195690.0,48641.0,0.0,2026-05-11T15:01:45.210999,2026-05-11T15:14:35.674066+00:00
2016,392,Japan,M,Import,360,Indonesia,8517,Phones & Communication Devices,6438442.0,32457.0,0.0,2026-05-11T15:01:45.211002,2026-05-11T15:14:35.674066+00:00
2016,392,Japan,M,Import,364,Iran,8517,Phones & Communication Devices,13276.0,46.0,0.0,2026-05-11T15:01:45.211005,2026-05-11T15:14:35.674066+00:00
2016,392,Japan,M,Import,372,Ireland,8517,Phones & Communication Devices,16283404.0,56147.0,0.0,2026-05-11T15:01:45.211007,2026-05-11T15:14:35.674066+00:00
2016,392,Japan,M,Import,376,Israel,8517,Phones & Communication Devices,37310868.0,150482.0,0.0,2026-05-11T15:01:45.211013,2026-05-11T15:14:35.674066+00:00
2016,392,Japan,M,Import,380,Italy,8517,Phones & Communication Devices,14295723.0,32082.0,0.0,2026-05-11T15:01:45.211016,2026-05-11T15:14:35.674066+00:00
2016,392,Japan,M,Import,410,South Korea,8517,Phones & Communication Devices,594524915.0,2588343.0,0.0,2026-05-11T15:01:45.211019,2026-05-11T15:14:35.674066+00:00
2016,392,Japan,M,Import,418,Unknown,8517,Phones & Communication Devices,526559.0,5285.0,0.0,2026-05-11T15:01:45.211022,2026-05-11T15:14:35.674066+00:00
2016,392,Japan,M,Import,428,Unknown,8517,Phones & Communication Devices,207655.0,1043.0,0.0,2026-05-11T15:01:45.211024,2026-05-11T15:14:35.674066+00:00
2016,392,Japan,M,Import,440,Unknown,8517,Phones & Communication Devices,392771.0,1383.0,0.0,2026-05-11T15:01:45.211031,2026-05-11T15:14:35.674066+00:00
2016,392,Japan,M,Import,446,Unknown,8517,Phones & Communication Devices,47565.0,74.0,0.0,2026-05-11T15:01:45.211034,2026-05-11T15:14:35.674066+00:00
2016,392,Japan,M,Import,442,Unknown,8517,Phones & Communication Devices,105323.0,360.0,0.0,2026-05-11T15:01:45.211037,2026-05-11T15:14:35.674066+00:00
2016,392,Japan,M,Import,458,Malaysia,8517,Phones & Communication Devices,591469203.0,2432420.0,0.0,2026-05-11T15:01:45.211040,2026-05-11T15:14:35.674066+00:00
2016,392,Japan,M,Import,466,Unknown,8517,Phones & Communication Devices,10746.0,37.0,0.0,2026-05-11T15:01:45.211043,2026-05-11T15:14:35.674066+00:00
2016,392,Japan,M,Import,470,Unknown,8517,Phones & Communication Devices,307394.0,1069.0,0.0,2026-05-11T15:01:45.211047,2026-05-11T15:14:35.674066+00:00
2016,392,Japan,M,Import,484,Mexico,8517,Phones & Communication Devices,325325546.0,1089029.0,0.0,2026-05-11T15:01:45.211051,2026-05-11T15:14:35.674066+00:00
2016,392,Japan,M,Import,490,Unknown,8517,Phones & Communication Devices,346262351.0,1196016.0,0.0,2026-05-11T15:01:45.211054,2026-05-11T15:14:35.674066+00:00
2014,392,Japan,X,Export,410,South Korea,2709,Crude Oil,29117122.0,38546544.0,38546544.0,2026-05-11T15:01:48.889549,2026-05-11T15:14:35.674066+00:00
2014,392,Japan,X,Export,0,World,2709,Crude Oil,29117122.0,38546544.0,38546544.0,2026-05-11T15:01:48.889563,2026-05-11T15:14:35.674066+00:00
2014,392,Japan,M,Import,24,Angola,2709,Crude Oil,396252233.0,556090112.0,556090112.0,2026-05-11T15:01:48.889568,2026-05-11T15:14:35.674066+00:00
2014,392,Japan,M,Import,96,Unknown,2709,Crude Oil,198364934.0,243880272.0,243880272.0,2026-05-11T15:01:48.889571,2026-05-11T15:14:35.674066+00:00
2014,392,Japan,M,Import,148,Unknown,2709,Crude Oil,296356542.0,407515200.0,407515200.0,2026-05-11T15:01:48.889574,2026-05-11T15:14:35.674066+00:00
2014,392,Japan,M,Import,266,Unknown,2709,Crude Oil,1426568940.0,1705857024.0,1705857024.0,2026-05-11T15:01:48.889577,2026-05-11T15:14:35.674066+00:00
2014,392,Japan,M,Import,364,Iran,2709,Crude Oil,6129078174.0,7960488448.0,7960488448.0,2026-05-11T15:01:48.889580,2026-05-11T15:14:35.674066+00:00
2014,392,Japan,M,Import,368,Iraq,2709,Crude Oil,1502090508.0,2090955520.0,2090955520.0,2026-05-11T15:01:48.889588,2026-05-11T15:14:35.674066+00:00
2014,392,Japan,M,Import,398,Kazakhstan,2709,Crude Oil,113043322.0,139478112.0,139478112.0,2026-05-11T15:01:48.889591,2026-05-11T15:14:35.674066+00:00
2014,392,Japan,M,Import,414,Kuwait,2709,Crude Oil,9434388603.0,12793632768.0,12793632768.0,2026-05-11T15:01:48.889594,2026-05-11T15:14:35.674066+00:00
2014,392,Japan,M,Import,434,Unknown,2709,Crude Oil,32161014.0,41864064.0,41864064.0,2026-05-11T15:01:48.889597,2026-05-11T15:14:35.674066+00:00
2014,392,Japan,M,Import,512,Unknown,2709,Crude Oil,1784354077.0,2328841728.0,2328841728.0,2026-05-11T15:01:48.889600,2026-05-11T15:14:35.674066+00:00
2014,392,Japan,M,Import,566,Nigeria,2709,Crude Oil,163524675.0,177287468.0,177287468.0,2026-05-11T15:01:48.889603,2026-05-11T15:14:35.674066+00:00
2014,392,Japan,M,Import,634,Qatar,2709,Crude Oil,14479133157.0,18001593920.0,18001593920.0,2026-05-11T15:01:48.889606,2026-05-11T15:14:35.674066+00:00
2014,392,Japan,M,Import,729,Unknown,2709,Crude Oil,113715907.0,137273920.0,137273920.0,2026-05-11T15:01:48.889609,2026-05-11T15:14:35.674066+00:00
2014,392,Japan,M,Import,862,Unknown,2709,Crude Oil,292018461.0,375285664.0,375285664.0,2026-05-11T15:01:48.889612,2026-05-11T15:14:35.674066+00:00
2014,392,Japan,M,Import,899,Unknown,2709,Crude Oil,135306.0,181881.0,181881.0,2026-05-11T15:01:48.889615,2026-05-11T15:14:35.674066+00:00
2014,392,Japan,M,Import,887,Yemen,2709,Crude Oil,36816381.0,45685100.0,45685100.0,2026-05-11T15:01:48.889620,2026-05-11T15:14:35.674066+00:00
2014,392,Japan,M,Import,218,Ecuador,2709,Crude Oil,977021484.0,1568638592.0,1568638592.0,2026-05-11T15:01:48.889623,2026-05-11T15:14:35.674066+00:00
2014,392,Japan,M,Import,682,Saudi Arabia,2709,Crude Oil,43487188460.0,56661409792.0,56661409792.0,2026-05-11T15:01:48.889627,2026-05-11T15:14:35.674066+00:00
2014,392,Japan,M,Import,170,Colombia,2709,Crude Oil,339848525.0,554479744.0,554479744.0,2026-05-11T15:01:48.889630,2026-05-11T15:14:35.674066+00:00
2014,392,Japan,M,Import,784,UAE,2709,Crude Oil,31784340021.0,40178553468.0,40178553468.0,2026-05-11T15:01:48.889633,2026-05-11T15:14:35.674066+00:00
2014,392,Japan,M,Import,643,Russia,2709,Crude Oil,10453898717.0,13468225536.0,13468225536.0,2026-05-11T15:01:48.889636,2026-05-11T15:14:35.674066+00:00
2014,392,Japan,M,Import,579,Unknown,2709,Crude Oil,42668993.0,50057408.0,50057408.0,2026-05-11T15:01:48.889639,2026-05-11T15:14:35.674066+00:00
2014,392,Japan,M,Import,76,Brazil,2709,Crude Oil,2467.0,33.0,33.0,2026-05-11T15:01:48.889642,2026-05-11T15:14:35.674066+00:00
2014,392,Japan,M,Import,484,Mexico,2709,Crude Oil,215169003.0,281032768.0,281032768.0,2026-05-11T15:01:48.889646,2026-05-11T15:14:35.674066+00:00
2014,392,Japan,M,Import,36,Australia,2709,Crude Oil,1031068934.0,1259872896.0,1259872896.0,2026-05-11T15:01:48.889648,2026-05-11T15:14:35.674066+00:00
2014,392,Japan,M,Import,458,Malaysia,2709,Crude Oil,662526006.0,804581312.0,804581312.0,2026-05-11T15:01:48.889654,2026-05-11T15:14:35.674066+00:00
2014,392,Japan,M,Import,704,Vietnam,2709,Crude Oil,1673118899.0,1978919552.0,1978919552.0,2026-05-11T15:01:48.889657,2026-05-11T15:14:35.674066+00:00
2014,392,Japan,M,Import,360,Indonesia,2709,Crude Oil,3560370368.0,4527223808.0,4527223808.0,2026-05-11T15:01:48.889660,2026-05-11T15:14:35.674066+00:00
2014,392,Japan,M,Import,842,Unknown,2709,Crude Oil,32274349.0,36419420.0,36419420.0,2026-05-11T15:01:48.889662,2026-05-11T15:14:35.674066+00:00
2014,392,Japan,M,Import,0,World,2709,Crude Oil,130657498463.0,168375325530.0,168375325530.0,2026-05-11T15:01:48.889666,2026-05-11T15:14:35.674066+00:00
2017,392,Japan,M,Import,842,Unknown,2709,Crude Oil,573474655.44,1383850000.0,1383850000.0,2026-05-11T15:01:48.889669,2026-05-11T15:14:35.674066+00:00
2017,392,Japan,M,Import,0,World,2709,Crude Oil,63754236994.11,157972943900.0,157972943900.0,2026-05-11T15:01:48.889672,2026-05-11T15:14:35.674066+00:00
2017,392,Japan,M,Import,826,United Kingdom,2709,Crude Oil,37132312.15,79807200.0,79807200.0,2026-05-11T15:01:48.889675,2026-05-11T15:14:35.674066+00:00
2017,392,Japan,M,Import,704,Vietnam,2709,Crude Oil,349234480.37,814872000.0,814872000.0,2026-05-11T15:01:48.889678,2026-05-11T15:14:35.674066+00:00
2017,392,Japan,M,Import,36,Australia,2709,Crude Oil,161504028.2,371341900.0,371341900.0,2026-05-11T15:01:48.889681,2026-05-11T15:14:35.674066+00:00
2017,392,Japan,M,Import,484,Mexico,2709,Crude Oil,781412066.48,2233370000.0,2233370000.0,2026-05-11T15:01:48.889686,2026-05-11T15:14:35.674066+00:00
2017,392,Japan,M,Import,170,Colombia,2709,Crude Oil,141706599.26,415014000.0,415014000.0,2026-05-11T15:01:48.889689,2026-05-11T15:14:35.674066+00:00
2017,392,Japan,M,Import,682,Saudi Arabia,2709,Crude Oil,25623261536.3,63427300000.0,63427300000.0,2026-05-11T15:01:48.889692,2026-05-11T15:14:35.674066+00:00
2017,392,Japan,M,Import,414,Kuwait,2709,Crude Oil,4392805900.49,11534800000.0,11534800000.0,2026-05-11T15:01:48.889700,2026-05-11T15:14:35.674066+00:00
2017,392,Japan,M,Import,364,Iran,2709,Crude Oil,3499043407.62,8711050000.0,8711050000.0,2026-05-11T15:01:48.889703,2026-05-11T15:14:35.674066+00:00
2017,392,Japan,M,Import,531,Unknown,2709,Crude Oil,28553888.91,77240800.0,77240800.0,2026-05-11T15:01:48.889706,2026-05-11T15:14:35.674066+00:00
2017,392,Japan,M,Import,360,Indonesia,2709,Crude Oil,782624584.56,1914630000.0,1914630000.0,2026-05-11T15:01:48.889709,2026-05-11T15:14:35.674066+00:00
2017,392,Japan,M,Import,24,Angola,2709,Crude Oil,203319848.1,523867000.0,523867000.0,2026-05-11T15:01:48.889712,2026-05-11T15:14:35.674066+00:00
2017,392,Japan,M,Import,398,Kazakhstan,2709,Crude Oil,547230795.94,1294730000.0,1294730000.0,2026-05-11T15:01:48.889715,2026-05-11T15:14:35.674066+00:00
2017,392,Japan,M,Import,368,Iraq,2709,Crude Oil,1008101710.63,2704910000.0,2704910000.0,2026-05-11T15:01:48.889718,2026-05-11T15:14:35.674066+00:00
2017,392,Japan,M,Import,512,Unknown,2709,Crude Oil,597024083.8,1581370000.0,1581370000.0,2026-05-11T15:01:48.889723,2026-05-11T15:14:35.674066+00:00
2017,392,Japan,M,Import,458,Malaysia,2709,Crude Oil,269765715.91,618369000.0,618369000.0,2026-05-11T15:01:48.889739,2026-05-11T15:14:35.674066+00:00
2017,392,Japan,M,Import,862,Unknown,2709,Crude Oil,133033403.75,314303000.0,314303000.0,2026-05-11T15:01:48.889742,2026-05-11T15:14:35.674066+00:00
2017,392,Japan,M,Import,96,Unknown,2709,Crude Oil,50046851.8,119833000.0,119833000.0,2026-05-11T15:01:48.889745,2026-05-11T15:14:35.674066+00:00
2017,392,Japan,M,Import,784,UAE,2709,Crude Oil,15641447932.16,37702368800.0,37702368800.0,2026-05-11T15:01:48.889748,2026-05-11T15:14:35.674066+00:00
2017,392,Japan,M,Import,218,Ecuador,2709,Crude Oil,473143441.77,1444770000.0,1444770000.0,2026-05-11T15:01:48.889751,2026-05-11T15:14:35.674066+00:00
2017,392,Japan,M,Import,288,Ghana,2709,Crude Oil,48846902.28,134401000.0,134401000.0,2026-05-11T15:01:48.889755,2026-05-11T15:14:35.674066+00:00
2017,392,Japan,M,Import,12,Algeria,2709,Crude Oil,11508920.4,21749200.0,21749200.0,2026-05-11T15:01:48.889758,2026-05-11T15:14:35.674066+00:00
2017,392,Japan,M,Import,634,Qatar,2709,Crude Oil,4688658877.03,11541897000.0,11541897000.0,2026-05-11T15:01:48.889761,2026-05-11T15:14:35.674066+00:00
2017,392,Japan,M,Import,643,Russia,2709,Crude Oil,3711355050.77,9007100000.0,9007100000.0,2026-05-11T15:01:48.889763,2026-05-11T15:14:35.674066+00:00
2018,392,Japan,M,Import,842,Unknown,2709,Crude Oil,1433511193.51,2452000000.0,2452000000.0,2026-05-11T15:01:48.889769,2026-05-11T15:14:35.674066+00:00
2018,392,Japan,M,Import,0,World,2709,Crude Oil,80577087133.56,148944430843.0,148944430843.0,2026-05-11T15:01:48.889772,2026-05-11T15:14:35.674066+00:00
2018,392,Japan,M,Import,826,United Kingdom,2709,Crude Oil,2950.54,193.0,193.0,2026-05-11T15:01:48.889775,2026-05-11T15:14:35.674066+00:00
2018,392,Japan,M,Import,704,Vietnam,2709,Crude Oil,261601992.2,460174000.0,460174000.0,2026-05-11T15:01:48.889778,2026-05-11T15:14:35.674066+00:00
2018,392,Japan,M,Import,12,Algeria,2709,Crude Oil,99975123.84,162638000.0,162638000.0,2026-05-11T15:01:48.889781,2026-05-11T15:14:35.674066+00:00
2018,392,Japan,M,Import,24,Angola,2709,Crude Oil,200567100.19,333442000.0,333442000.0,2026-05-11T15:01:48.889784,2026-05-11T15:14:35.674066+00:00
2018,392,Japan,M,Import,36,Australia,2709,Crude Oil,265532461.76,471484000.0,471484000.0,2026-05-11T15:01:48.889787,2026-05-11T15:14:35.674066+00:00
2018,392,Japan,M,Import,48,Unknown,2709,Crude Oil,561996001.47,1081090000.0,1081090000.0,2026-05-11T15:01:48.889790,2026-05-11T15:14:35.674066+00:00
2018,392,Japan,M,Import,96,Unknown,2709,Crude Oil,63621291.97,114383000.0,114383000.0,2026-05-11T15:01:48.889793,2026-05-11T15:14:35.674066+00:00
2018,392,Japan,M,Import,170,Colombia,2709,Crude Oil,69068347.11,149322000.0,149322000.0,2026-05-11T15:01:48.889796,2026-05-11T15:14:35.674066+00:00
2018,392,Japan,M,Import,218,Ecuador,2709,Crude Oil,725067085.76,1671490000.0,1671490000.0,2026-05-11T15:01:48.889801,2026-05-11T15:14:35.674066+00:00
2018,392,Japan,M,Import,360,Indonesia,2709,Crude Oil,616717502.46,1147320000.0,1147320000.0,2026-05-11T15:01:48.889804,2026-05-11T15:14:35.674066+00:00
2018,392,Japan,M,Import,364,Iran,2709,Crude Oil,3357515259.25,6565170000.0,6565170000.0,2026-05-11T15:01:48.889807,2026-05-11T15:14:35.674066+00:00
2018,392,Japan,M,Import,368,Iraq,2709,Crude Oil,1310277847.65,2724490000.0,2724490000.0,2026-05-11T15:01:48.889810,2026-05-11T15:14:35.674066+00:00
2018,392,Japan,M,Import,398,Kazakhstan,2709,Crude Oil,887313177.9,1506820000.0,1506820000.0,2026-05-11T15:01:48.889813,2026-05-11T15:14:35.674066+00:00
2018,392,Japan,M,Import,414,Kuwait,2709,Crude Oil,6032430906.03,11676300000.0,11676300000.0,2026-05-11T15:01:48.889816,2026-05-11T15:14:35.674066+00:00
2018,392,Japan,M,Import,458,Malaysia,2709,Crude Oil,329245419.53,589855000.0,589855000.0,2026-05-11T15:01:48.889819,2026-05-11T15:14:35.674066+00:00
2018,392,Japan,M,Import,484,Mexico,2709,Crude Oil,798623137.78,1814310000.0,1814310000.0,2026-05-11T15:01:48.889822,2026-05-11T15:14:35.674066+00:00
2018,392,Japan,M,Import,508,Unknown,2709,Crude Oil,8239703.14,13697100.0,13697100.0,2026-05-11T15:01:48.889825,2026-05-11T15:14:35.674066+00:00
2018,392,Japan,M,Import,512,Unknown,2709,Crude Oil,1376803989.51,2576450000.0,2576450000.0,2026-05-11T15:01:48.889828,2026-05-11T15:14:35.674066+00:00
2018,392,Japan,M,Import,634,Qatar,2709,Crude Oil,6340310258.19,11650700000.0,11650700000.0,2026-05-11T15:01:48.889833,2026-05-11T15:14:35.674066+00:00
2018,392,Japan,M,Import,643,Russia,2709,Crude Oil,3918787030.36,7033250000.0,7033250000.0,2026-05-11T15:01:48.889836,2026-05-11T15:14:35.674066+00:00
2018,392,Japan,M,Import,682,Saudi Arabia,2709,Crude Oil,31226564011.71,57405700000.0,57405700000.0,2026-05-11T15:01:48.889839,2026-05-11T15:14:35.674066+00:00
2018,392,Japan,M,Import,784,UAE,2709,Crude Oil,20648534483.76,37265100000.0,37265100000.0,2026-05-11T15:01:48.889842,2026-05-11T15:14:35.674066+00:00
2018,392,Japan,M,Import,834,Unknown,2709,Crude Oil,5322055.51,8955050.0,8955050.0,2026-05-11T15:01:48.889845,2026-05-11T15:14:35.674066+00:00
2018,392,Japan,M,Import,887,Yemen,2709,Crude Oil,39458802.46,70290500.0,70290500.0,2026-05-11T15:01:48.889848,2026-05-11T15:14:35.674066+00:00
2020,392,Japan,M,Import,842,Unknown,2709,Crude Oil,746046973.35,1980620000.0,1980620000.0,2026-05-11T15:01:48.889851,2026-05-11T15:14:35.674066+00:00
2020,392,Japan,M,Import,0,World,2709,Crude Oil,43495449526.74,123156541900.0,123156541900.0,2026-05-11T15:01:48.889854,2026-05-11T15:14:35.674066+00:00
2020,392,Japan,M,Import,414,Kuwait,2709,Crude Oil,3883155679.04,11260800000.0,11260800000.0,2026-05-11T15:01:48.889857,2026-05-11T15:14:35.674066+00:00
2020,392,Japan,M,Import,512,Unknown,2709,Crude Oil,325917598.92,736425000.0,736425000.0,2026-05-11T15:01:48.889860,2026-05-11T15:14:35.674066+00:00
2020,392,Japan,M,Import,96,Unknown,2709,Crude Oil,47984216.31,121990000.0,121990000.0,2026-05-11T15:01:48.889865,2026-05-11T15:14:35.674066+00:00
2020,392,Japan,M,Import,458,Malaysia,2709,Crude Oil,180523094.6,512210000.0,512210000.0,2026-05-11T15:01:48.889868,2026-05-11T15:14:35.674066+00:00
2020,392,Japan,M,Import,368,Iraq,2709,Crude Oil,154086624.92,495064000.0,495064000.0,2026-05-11T15:01:48.889871,2026-05-11T15:14:35.674066+00:00
2020,392,Japan,M,Import,36,Australia,2709,Crude Oil,119257831.09,277905000.0,277905000.0,2026-05-11T15:01:48.889876,2026-05-11T15:14:35.674066+00:00
2020,392,Japan,M,Import,434,Unknown,2709,Crude Oil,65992478.44,177957000.0,177957000.0,2026-05-11T15:01:48.889879,2026-05-11T15:14:35.674066+00:00
2020,392,Japan,M,Import,218,Ecuador,2709,Crude Oil,636231161.4,2221200000.0,2221200000.0,2026-05-11T15:01:48.889881,2026-05-11T15:14:35.674066+00:00
2016,392,Japan,M,Import,12,Algeria,2709,Crude Oil,49420021.0,129744672.0,129744672.0,2026-05-11T15:01:48.889885,2026-05-11T15:14:35.674066+00:00
2016,392,Japan,M,Import,44,Unknown,2709,Crude Oil,26446065.0,78062888.0,78062888.0,2026-05-11T15:01:48.889888,2026-05-11T15:14:35.674066+00:00
2016,392,Japan,M,Import,96,Unknown,2709,Crude Oil,71756401.0,229870928.0,229870928.0,2026-05-11T15:01:48.889891,2026-05-11T15:14:35.674066+00:00
2016,392,Japan,M,Import,148,Unknown,2709,Crude Oil,69587652.0,180382928.0,180382928.0,2026-05-11T15:01:48.889893,2026-05-11T15:14:35.674066+00:00
2016,392,Japan,M,Import,266,Unknown,2709,Crude Oil,28414546.0,89116200.0,89116200.0,2026-05-11T15:01:48.889898,2026-05-11T15:14:35.674066+00:00
2016,392,Japan,M,Import,368,Iraq,2709,Crude Oil,1078337235.0,3981326592.0,3981326592.0,2026-05-11T15:01:48.889901,2026-05-11T15:14:35.674066+00:00
2016,392,Japan,M,Import,364,Iran,2709,Crude Oil,3272248199.0,10935419692.0,10935419692.0,2026-05-11T15:01:48.889904,2026-05-11T15:14:35.674066+00:00
2016,392,Japan,M,Import,398,Kazakhstan,2709,Crude Oil,140485398.0,406537984.0,406537984.0,2026-05-11T15:01:48.889907,2026-05-11T15:14:35.674066+00:00
2016,392,Japan,M,Import,414,Kuwait,2709,Crude Oil,3118103430.0,11518509056.0,11518509056.0,2026-05-11T15:01:48.889910,2026-05-11T15:14:35.674066+00:00
2016,392,Japan,M,Import,512,Unknown,2709,Crude Oil,642228078.0,2096693504.0,2096693504.0,2026-05-11T15:01:48.889913,2026-05-11T15:14:35.674066+00:00
2016,392,Japan,M,Import,598,Unknown,2709,Crude Oil,3307473.0,8232717.0,8232717.0,2026-05-11T15:01:48.889916,2026-05-11T15:14:35.674066+00:00
2016,392,Japan,M,Import,634,Qatar,2709,Crude Oil,4703557869.0,14720732428.0,14720732428.0,2026-05-11T15:01:48.889919,2026-05-11T15:14:35.674066+00:00
2016,392,Japan,M,Import,729,Unknown,2709,Crude Oil,18718091.0,42971264.0,42971264.0,2026-05-11T15:01:48.889922,2026-05-11T15:14:35.674066+00:00
2016,392,Japan,M,Import,862,Unknown,2709,Crude Oil,41549354.0,112802624.0,112802624.0,2026-05-11T15:01:48.889925,2026-05-11T15:14:35.674066+00:00
2016,392,Japan,M,Import,218,Ecuador,2709,Crude Oil,208545797.0,891427840.0,891427840.0,2026-05-11T15:01:48.889930,2026-05-11T15:14:35.674066+00:00
2016,392,Japan,M,Import,682,Saudi Arabia,2709,Crude Oil,17986589963.0,59100602368.0,59100602368.0,2026-05-11T15:01:48.889933,2026-05-11T15:14:35.674066+00:00
2016,392,Japan,M,Import,170,Colombia,2709,Crude Oil,176337912.0,677662592.0,677662592.0,2026-05-11T15:01:48.889936,2026-05-11T15:14:35.674066+00:00
2016,392,Japan,M,Import,784,UAE,2709,Crude Oil,12863373959.0,39565467648.0,39565467648.0,2026-05-11T15:01:48.889939,2026-05-11T15:14:35.674066+00:00
2016,392,Japan,M,Import,643,Russia,2709,Crude Oil,3303184455.0,9988962304.0,9988962304.0,2026-05-11T15:01:48.889942,2026-05-11T15:14:35.674066+00:00
2016,392,Japan,M,Import,484,Mexico,2709,Crude Oil,1336669612.0,4645324288.0,4645324288.0,2026-05-11T15:01:48.889945,2026-05-11T15:14:35.674066+00:00
2016,392,Japan,M,Import,36,Australia,2709,Crude Oil,158286368.0,442184596.0,442184596.0,2026-05-11T15:01:48.889948,2026-05-11T15:14:35.674066+00:00
2016,392,Japan,M,Import,458,Malaysia,2709,Crude Oil,278505906.0,824814784.0,824814784.0,2026-05-11T15:01:48.889951,2026-05-11T15:14:35.674066+00:00
2016,392,Japan,M,Import,360,Indonesia,2709,Crude Oil,848673096.0,2766529280.0,2766529280.0,2026-05-11T15:01:48.889954,2026-05-11T15:14:35.674066+00:00
2016,392,Japan,M,Import,704,Vietnam,2709,Crude Oil,200495148.0,564043328.0,564043328.0,2026-05-11T15:01:48.889957,2026-05-11T15:14:35.674066+00:00
2016,392,Japan,M,Import,842,Unknown,2709,Crude Oil,142721381.0,425709280.0,425709280.0,2026-05-11T15:01:48.889962,2026-05-11T15:14:35.674066+00:00
2016,392,Japan,M,Import,0,World,2709,Crude Oil,50767543407.0,164423131785.0,164423131785.0,2026-05-11T15:01:48.889965,2026-05-11T15:14:35.674066+00:00
2017,392,Japan,X,Export,0,World,2709,Crude Oil,6063565.04,16364700.0,16364700.0,2026-05-11T15:01:48.889968,2026-05-11T15:14:35.674066+00:00
2017,392,Japan,X,Export,842,Unknown,2709,Crude Oil,6063565.04,16364700.0,16364700.0,2026-05-11T15:01:48.889971,2026-05-11T15:14:35.674066+00:00
2021,392,Japan,X,Export,0,World,2709,Crude Oil,110164.12,199916.0,199916.0,2026-05-11T15:01:48.889974,2026-05-11T15:14:35.674066+00:00
2021,392,Japan,X,Export,458,Malaysia,2709,Crude Oil,110164.12,199916.0,199916.0,2026-05-11T15:01:48.889977,2026-05-11T15:14:35.674066+00:00
2021,392,Japan,M,Import,842,Unknown,2709,Crude Oil,336038443.79,877100000.0,877100000.0,2026-05-11T15:01:48.889980,2026-05-11T15:14:35.674066+00:00
2021,392,Japan,M,Import,0,World,2709,Crude Oil,63103354048.04,122050281900.0,122050281900.0,2026-05-11T15:01:48.889983,2026-05-11T15:14:35.674066+00:00
2021,392,Japan,M,Import,826,United Kingdom,2709,Crude Oil,51296601.73,167031000.0,167031000.0,2026-05-11T15:01:48.889986,2026-05-11T15:14:35.674066+00:00
2022,392,Japan,M,Import,458,Malaysia,2709,Crude Oil,165210999.47,209217000.0,209217000.0,2026-05-11T15:01:48.889989,2026-05-11T15:14:35.674066+00:00
2022,392,Japan,M,Import,48,Unknown,2709,Crude Oil,399730284.5,609141000.0,609141000.0,2026-05-11T15:01:48.889994,2026-05-11T15:14:35.674066+00:00
2022,392,Japan,X,Export,156,China,2709,Crude Oil,4915255.64,13067100.0,13067100.0,2026-05-11T15:01:48.889997,2026-05-11T15:14:35.674066+00:00
2022,392,Japan,M,Import,512,Unknown,2709,Crude Oil,1200673429.56,1588030000.0,1588030000.0,2026-05-11T15:01:48.890000,2026-05-11T15:14:35.674066+00:00
2022,392,Japan,M,Import,784,UAE,2709,Crude Oil,38193268100.08,49210400000.0,49210400000.0,2026-05-11T15:01:48.890003,2026-05-11T15:14:35.674066+00:00
2022,392,Japan,M,Import,414,Kuwait,2709,Crude Oil,8345287092.64,11178700000.0,11178700000.0,2026-05-11T15:01:48.890006,2026-05-11T15:14:35.674066+00:00
2022,392,Japan,M,Import,398,Kazakhstan,2709,Crude Oil,86027502.37,137110000.0,137110000.0,2026-05-11T15:01:48.890010,2026-05-11T15:14:35.674066+00:00
2022,392,Japan,M,Import,96,Unknown,2709,Crude Oil,80506116.51,119580000.0,119580000.0,2026-05-11T15:01:48.890013,2026-05-11T15:14:35.674066+00:00
2022,392,Japan,X,Export,0,World,2709,Crude Oil,4915255.64,13067100.0,13067100.0,2026-05-11T15:01:48.890015,2026-05-11T15:14:35.674066+00:00
2022,392,Japan,M,Import,643,Russia,2709,Crude Oil,1325109633.37,1924940000.0,1924940000.0,2026-05-11T15:01:48.890018,2026-05-11T15:14:35.674066+00:00
2022,392,Japan,M,Import,682,Saudi Arabia,2709,Crude Oil,39843567308.78,52456900000.0,52456900000.0,2026-05-11T15:01:48.890021,2026-05-11T15:14:35.674066+00:00
2025,392,Japan,M,Import,0,World,2709,Crude Oil,61715769764.03,115301583900.0,115301583900.0,2026-05-11T15:01:48.890026,2026-05-11T15:14:35.674066+00:00
2025,392,Japan,M,Import,36,Australia,2709,Crude Oil,170058637.53,290593000.0,290593000.0,2026-05-11T15:01:48.890029,2026-05-11T15:14:35.674066+00:00
2025,392,Japan,M,Import,96,Unknown,2709,Crude Oil,105522855.2,205346000.0,205346000.0,2026-05-11T15:01:48.890032,2026-05-11T15:14:35.674066+00:00
2025,392,Japan,M,Import,124,Canada,2709,Crude Oil,40137493.7,80473000.0,80473000.0,2026-05-11T15:01:48.890035,2026-05-11T15:14:35.674066+00:00
2025,392,Japan,M,Import,170,Colombia,2709,Crude Oil,52960495.4,113960000.0,113960000.0,2026-05-11T15:01:48.890040,2026-05-11T15:14:35.674066+00:00
2025,392,Japan,M,Import,218,Ecuador,2709,Crude Oil,663364240.67,1467100000.0,1467100000.0,2026-05-11T15:01:48.890043,2026-05-11T15:14:35.674066+00:00
2025,392,Japan,M,Import,360,Indonesia,2709,Crude Oil,10714045.43,19342000.0,19342000.0,2026-05-11T15:01:48.890046,2026-05-11T15:14:35.674066+00:00
2025,392,Japan,M,Import,414,Kuwait,2709,Crude Oil,3741077063.06,7403210000.0,7403210000.0,2026-05-11T15:01:48.890049,2026-05-11T15:14:35.674066+00:00
2025,392,Japan,M,Import,458,Malaysia,2709,Crude Oil,46193017.81,84084200.0,84084200.0,2026-05-11T15:01:48.890052,2026-05-11T15:14:35.674066+00:00
2025,392,Japan,M,Import,512,Unknown,2709,Crude Oil,645244818.01,1160850000.0,1160850000.0,2026-05-11T15:01:48.890055,2026-05-11T15:14:35.674066+00:00
2025,392,Japan,M,Import,634,Qatar,2709,Crude Oil,2576609948.14,4859870000.0,4859870000.0,2026-05-11T15:01:48.890060,2026-05-11T15:14:35.674066+00:00
2025,392,Japan,M,Import,643,Russia,2709,Crude Oil,32588467.17,75001500.0,75001500.0,2026-05-11T15:01:48.890063,2026-05-11T15:14:35.674066+00:00
2025,392,Japan,M,Import,682,Saudi Arabia,2709,Crude Oil,24425720338.98,45782900000.0,45782900000.0,2026-05-11T15:01:48.890066,2026-05-11T15:14:35.674066+00:00
2025,392,Japan,M,Import,704,Vietnam,2709,Crude Oil,39157929.0,74516200.0,74516200.0,2026-05-11T15:01:48.890069,2026-05-11T15:14:35.674066+00:00
2025,392,Japan,M,Import,728,Unknown,2709,Crude Oil,147899579.37,285438000.0,285438000.0,2026-05-11T15:01:48.890072,2026-05-11T15:14:35.674066+00:00
2025,392,Japan,M,Import,784,UAE,2709,Crude Oil,26673150149.16,49128500000.0,49128500000.0,2026-05-11T15:01:48.890075,2026-05-11T15:14:35.674066+00:00
2025,392,Japan,M,Import,842,Unknown,2709,Crude Oil,2345370685.41,4270400000.0,4270400000.0,2026-05-11T15:01:48.890078,2026-05-11T15:14:35.674066+00:00
2020,392,Japan,M,Import,398,Kazakhstan,2709,Crude Oil,349606173.36,798969000.0,798969000.0,2026-05-11T15:01:48.890081,2026-05-11T15:14:35.674066+00:00
2020,392,Japan,M,Import,704,Vietnam,2709,Crude Oil,156094634.48,368596000.0,368596000.0,2026-05-11T15:01:48.890084,2026-05-11T15:14:35.674066+00:00
2020,392,Japan,M,Import,484,Mexico,2709,Crude Oil,34845082.32,75015900.0,75015900.0,2026-05-11T15:01:48.890086,2026-05-11T15:14:35.674066+00:00
2020,392,Japan,M,Import,784,UAE,2709,Crude Oil,13727894690.5,38279000000.0,38279000000.0,2026-05-11T15:01:48.890091,2026-05-11T15:14:35.674066+00:00
2020,392,Japan,M,Import,31,Unknown,2709,Crude Oil,41772696.58,138706000.0,138706000.0,2026-05-11T15:01:48.890094,2026-05-11T15:14:35.674066+00:00
2020,392,Japan,M,Import,12,Algeria,2709,Crude Oil,133190015.52,297288000.0,297288000.0,2026-05-11T15:01:48.890097,2026-05-11T15:14:35.674066+00:00
2020,392,Japan,M,Import,48,Unknown,2709,Crude Oil,162569926.75,628486000.0,628486000.0,2026-05-11T15:01:48.890100,2026-05-11T15:14:35.674066+00:00
2020,392,Japan,M,Import,634,Qatar,2709,Crude Oil,3727410821.13,10097700000.0,10097700000.0,2026-05-11T15:01:48.890103,2026-05-11T15:14:35.674066+00:00
2020,392,Japan,M,Import,643,Russia,2709,Crude Oil,1801255287.48,5087910000.0,5087910000.0,2026-05-11T15:01:48.890106,2026-05-11T15:14:35.674066+00:00
2020,392,Japan,M,Import,682,Saudi Arabia,2709,Crude Oil,17201614540.55,49600700000.0,49600700000.0,2026-05-11T15:01:48.890109,2026-05-11T15:14:35.674066+00:00
2024,392,Japan,M,Import,218,Ecuador,2709,Crude Oil,907491256.37,1743501300.0,1743501300.0,2026-05-11T15:01:48.890112,2026-05-11T15:14:35.674066+00:00
2024,392,Japan,M,Import,360,Indonesia,2709,Crude Oil,113984718.46,166250800.0,166250800.0,2026-05-11T15:01:48.890115,2026-05-11T15:14:35.674066+00:00
2024,392,Japan,M,Import,0,World,2709,Crude Oil,71811869887.91,114958618700.0,114958618700.0,2026-05-11T15:01:48.890118,2026-05-11T15:14:35.674066+00:00
2024,392,Japan,M,Import,704,Vietnam,2709,Crude Oil,154279438.48,227011300.0,227011300.0,2026-05-11T15:01:48.890124,2026-05-11T15:14:35.674066+00:00
2024,392,Japan,M,Import,728,Unknown,2709,Crude Oil,9115509.38,13925400.0,13925400.0,2026-05-11T15:01:48.890127,2026-05-11T15:14:35.674066+00:00
2024,392,Japan,M,Import,414,Kuwait,2709,Crude Oil,4864837669.84,8086066000.0,8086066000.0,2026-05-11T15:01:48.890130,2026-05-11T15:14:35.674066+00:00
2024,392,Japan,M,Import,634,Qatar,2709,Crude Oil,2868361947.89,4678046000.0,4678046000.0,2026-05-11T15:01:48.890133,2026-05-11T15:14:35.674066+00:00
2024,392,Japan,M,Import,842,Unknown,2709,Crude Oil,1866573960.69,2826155100.0,2826155100.0,2026-05-11T15:01:48.890136,2026-05-11T15:14:35.674066+00:00
2024,392,Japan,M,Import,124,Canada,2709,Crude Oil,17897562.78,38984300.0,38984300.0,2026-05-11T15:01:48.890139,2026-05-11T15:14:35.674066+00:00
2024,392,Japan,M,Import,484,Mexico,2709,Crude Oil,61938202.27,107694000.0,107694000.0,2026-05-11T15:01:48.890142,2026-05-11T15:14:35.674066+00:00
2024,392,Japan,M,Import,512,Unknown,2709,Crude Oil,373214341.78,600939400.0,600939400.0,2026-05-11T15:01:48.890145,2026-05-11T15:14:35.674066+00:00
2024,392,Japan,M,Import,682,Saudi Arabia,2709,Crude Oil,28747349248.98,46433650000.0,46433650000.0,2026-05-11T15:01:48.890148,2026-05-11T15:14:35.674066+00:00
2024,392,Japan,M,Import,784,UAE,2709,Crude Oil,31447434112.36,49478700000.0,49478700000.0,2026-05-11T15:01:48.890151,2026-05-11T15:14:35.674066+00:00
2024,392,Japan,M,Import,36,Australia,2709,Crude Oil,262244065.6,367278500.0,367278500.0,2026-05-11T15:01:48.890156,2026-05-11T15:14:35.674066+00:00
2024,392,Japan,M,Import,96,Unknown,2709,Crude Oil,117147853.02,190416600.0,190416600.0,2026-05-11T15:01:48.890159,2026-05-11T15:14:35.674066+00:00
2025,392,Japan,X,Export,0,World,2709,Crude Oil,99668.61,207210.0,207210.0,2026-05-11T15:01:48.890162,2026-05-11T15:14:35.674066+00:00
2025,392,Japan,X,Export,458,Malaysia,2709,Crude Oil,99668.61,207210.0,207210.0,2026-05-11T15:01:48.890165,2026-05-11T15:14:35.674066+00:00
2021,392,Japan,M,Import,704,Vietnam,2709,Crude Oil,150372234.0,267738000.0,267738000.0,2026-05-11T15:01:48.890167,2026-05-11T15:14:35.674066+00:00
2021,392,Japan,M,Import,12,Algeria,2709,Crude Oil,230764227.69,400964000.0,400964000.0,2026-05-11T15:01:48.890170,2026-05-11T15:14:35.674066+00:00
2021,392,Japan,M,Import,36,Australia,2709,Crude Oil,138192879.9,232689500.0,232689500.0,2026-05-11T15:01:48.890173,2026-05-11T15:14:35.674066+00:00
2021,392,Japan,M,Import,48,Unknown,2709,Crude Oil,446988175.96,968828000.0,968828000.0,2026-05-11T15:01:48.890176,2026-05-11T15:14:35.674066+00:00
2021,392,Japan,M,Import,76,Brazil,2709,Crude Oil,77796881.91,268442000.0,268442000.0,2026-05-11T15:01:48.890179,2026-05-11T15:14:35.674066+00:00
2021,392,Japan,M,Import,96,Unknown,2709,Crude Oil,83276624.55,161360000.0,161360000.0,2026-05-11T15:01:48.890182,2026-05-11T15:14:35.674066+00:00
2021,392,Japan,M,Import,218,Ecuador,2709,Crude Oil,999571794.25,2267640000.0,2267640000.0,2026-05-11T15:01:48.890187,2026-05-11T15:14:35.674066+00:00
2021,392,Japan,M,Import,360,Indonesia,2709,Crude Oil,80784533.68,150781000.0,150781000.0,2026-05-11T15:01:48.890190,2026-05-11T15:14:35.674066+00:00
2021,392,Japan,M,Import,368,Iraq,2709,Crude Oil,179683052.36,398958000.0,398958000.0,2026-05-11T15:01:48.890193,2026-05-11T15:14:35.674066+00:00
2021,392,Japan,M,Import,398,Kazakhstan,2709,Crude Oil,74807918.12,131977000.0,131977000.0,2026-05-11T15:01:48.890196,2026-05-11T15:14:35.674066+00:00
2021,392,Japan,M,Import,414,Kuwait,2709,Crude Oil,5367514565.51,10505900000.0,10505900000.0,2026-05-11T15:01:48.890199,2026-05-11T15:14:35.674066+00:00
2021,392,Japan,M,Import,434,Unknown,2709,Crude Oil,33881221.81,54631400.0,54631400.0,2026-05-11T15:01:48.890203,2026-05-11T15:14:35.674066+00:00
2021,392,Japan,M,Import,458,Malaysia,2709,Crude Oil,206943511.47,391341000.0,391341000.0,2026-05-11T15:01:48.890206,2026-05-11T15:14:35.674066+00:00
2021,392,Japan,M,Import,484,Mexico,2709,Crude Oil,54166754.81,99108500.0,99108500.0,2026-05-11T15:01:48.890209,2026-05-11T15:14:35.674066+00:00
2021,392,Japan,M,Import,508,Unknown,2709,Crude Oil,20565066.15,25766000.0,25766000.0,2026-05-11T15:01:48.890212,2026-05-11T15:14:35.674066+00:00
2021,392,Japan,M,Import,512,Unknown,2709,Crude Oil,313527232.86,633337000.0,633337000.0,2026-05-11T15:01:48.890216,2026-05-11T15:14:35.674066+00:00
2021,392,Japan,M,Import,634,Qatar,2709,Crude Oil,4668408161.67,9214880000.0,9214880000.0,2026-05-11T15:01:48.890220,2026-05-11T15:14:35.674066+00:00
2021,392,Japan,M,Import,643,Russia,2709,Crude Oil,2348619804.92,4433010000.0,4433010000.0,2026-05-11T15:01:48.890223,2026-05-11T15:14:35.674066+00:00
2021,392,Japan,M,Import,682,Saudi Arabia,2709,Crude Oil,25224810919.81,48678800000.0,48678800000.0,2026-05-11T15:01:48.890226,2026-05-11T15:14:35.674066+00:00
2021,392,Japan,M,Import,728,Unknown,2709,Crude Oil,66643500.11,129973000.0,129973000.0,2026-05-11T15:01:48.890229,2026-05-11T15:14:35.674066+00:00
2021,392,Japan,M,Import,784,UAE,2709,Crude Oil,21948699940.96,41590026500.0,41590026500.0,2026-05-11T15:01:48.890259,2026-05-11T15:14:35.674066+00:00
2022,392,Japan,M,Import,484,Mexico,2709,Crude Oil,397200066.31,558564000.0,558564000.0,2026-05-11T15:01:48.890262,2026-05-11T15:14:35.674066+00:00
2022,392,Japan,M,Import,218,Ecuador,2709,Crude Oil,1801842829.08,2776190000.0,2776190000.0,2026-05-11T15:01:48.890265,2026-05-11T15:14:35.674066+00:00
2022,392,Japan,M,Import,842,Unknown,2709,Crude Oil,1101664360.05,1308480000.0,1308480000.0,2026-05-11T15:01:48.890268,2026-05-11T15:14:35.674066+00:00
2022,392,Japan,M,Import,728,Unknown,2709,Crude Oil,49631787.5,83722300.0,83722300.0,2026-05-11T15:01:48.890271,2026-05-11T15:14:35.674066+00:00
2022,392,Japan,M,Import,24,Angola,2709,Crude Oil,121294798.29,136982000.0,136982000.0,2026-05-11T15:01:48.890274,2026-05-11T15:14:35.674066+00:00
2015,392,Japan,M,Import,0,World,2709,Crude Oil,45005801005.0,64786156666.0,64786156666.0,2026-05-11T15:01:48.890280,2026-05-11T15:14:35.674066+00:00
2015,392,Japan,M,Import,24,Angola,2709,Crude Oil,210279100.0,512655072.0,512655072.0,2026-05-11T15:01:48.890283,2026-05-11T15:14:35.674066+00:00
2015,392,Japan,M,Import,36,Australia,2709,Crude Oil,510735604.0,1113276368.0,1113276368.0,2026-05-11T15:01:48.890286,2026-05-11T15:14:35.674066+00:00
2015,392,Japan,M,Import,44,Unknown,2709,Crude Oil,48177145.0,123890240.0,123890240.0,2026-05-11T15:01:48.890288,2026-05-11T15:14:35.674066+00:00
2015,392,Japan,M,Import,96,Unknown,2709,Crude Oil,48521655.0,122325080.0,122325080.0,2026-05-11T15:01:48.890291,2026-05-11T15:14:35.674066+00:00
2015,392,Japan,M,Import,148,Unknown,2709,Crude Oil,249309947.0,510510496.0,510510496.0,2026-05-11T15:01:48.890294,2026-05-11T15:14:35.674066+00:00
2015,392,Japan,M,Import,156,China,2709,Crude Oil,17597130.0,70725400.0,70725400.0,2026-05-11T15:01:48.890297,2026-05-11T15:14:35.674066+00:00
2015,392,Japan,M,Import,170,Colombia,2709,Crude Oil,453304333.0,1343423104.0,1343423104.0,2026-05-11T15:01:48.890301,2026-05-11T15:14:35.674066+00:00
2015,392,Japan,M,Import,218,Ecuador,2709,Crude Oil,530259064.0,1602322816.0,1602322816.0,2026-05-11T15:01:48.890303,2026-05-11T15:14:35.674066+00:00
2015,392,Japan,M,Import,266,Unknown,2709,Crude Oil,250123736.0,541537920.0,541537920.0,2026-05-11T15:01:48.890306,2026-05-11T15:14:35.674066+00:00
2015,392,Japan,M,Import,360,Indonesia,2709,Crude Oil,1560753585.0,2038873827.0,2038873827.0,2026-05-11T15:01:48.890311,2026-05-11T15:14:35.674066+00:00
2015,392,Japan,M,Import,364,Iran,2709,Crude Oil,3198796485.0,4178713729.0,4178713729.0,2026-05-11T15:01:48.890314,2026-05-11T15:14:35.674066+00:00
2015,392,Japan,M,Import,368,Iraq,2709,Crude Oil,965788929.0,1261648084.0,1261648084.0,2026-05-11T15:01:48.890317,2026-05-11T15:14:35.674066+00:00
2015,392,Japan,M,Import,398,Kazakhstan,2709,Crude Oil,266115898.0,581070016.0,581070016.0,2026-05-11T15:01:48.890320,2026-05-11T15:14:35.674066+00:00
2015,392,Japan,M,Import,414,Kuwait,2709,Crude Oil,5011355390.0,6546530754.0,6546530754.0,2026-05-11T15:01:48.890323,2026-05-11T15:14:35.674066+00:00
2015,392,Japan,M,Import,458,Malaysia,2709,Crude Oil,306237709.0,725339456.0,725339456.0,2026-05-11T15:01:48.890326,2026-05-11T15:14:35.674066+00:00
2015,392,Japan,M,Import,484,Mexico,2709,Crude Oil,764693447.0,2001965952.0,2001965952.0,2026-05-11T15:01:48.890329,2026-05-11T15:14:35.674066+00:00
2015,392,Japan,M,Import,512,Unknown,2709,Crude Oil,457999549.0,1060397760.0,1060397760.0,2026-05-11T15:01:48.890332,2026-05-11T15:14:35.674066+00:00
2015,392,Japan,M,Import,598,Unknown,2709,Crude Oil,216010142.0,472223200.0,472223200.0,2026-05-11T15:01:48.890335,2026-05-11T15:14:35.674066+00:00
2015,392,Japan,M,Import,634,Qatar,2709,Crude Oil,5518469337.0,7231523030.0,7231523030.0,2026-05-11T15:01:48.890338,2026-05-11T15:14:35.674066+00:00
2015,392,Japan,M,Import,643,Russia,2709,Crude Oil,5977976843.0,7809266396.0,7809266396.0,2026-05-11T15:01:48.890343,2026-05-11T15:14:35.674066+00:00
2015,392,Japan,M,Import,704,Vietnam,2709,Crude Oil,643435470.0,1388742144.0,1388742144.0,2026-05-11T15:01:48.890346,2026-05-11T15:14:35.674066+00:00
2015,392,Japan,M,Import,729,Unknown,2709,Crude Oil,157730547.0,363667392.0,363667392.0,2026-05-11T15:01:48.890349,2026-05-11T15:14:35.674066+00:00
2015,392,Japan,M,Import,784,UAE,2709,Crude Oil,17505995874.0,22868771310.0,22868771310.0,2026-05-11T15:01:48.890351,2026-05-11T15:14:35.674066+00:00
2015,392,Japan,M,Import,842,Unknown,2709,Crude Oil,48453766.0,113215744.0,113215744.0,2026-05-11T15:01:48.890354,2026-05-11T15:14:35.674066+00:00
2015,392,Japan,M,Import,862,Unknown,2709,Crude Oil,87680321.0,203541376.0,203541376.0,2026-05-11T15:01:48.890357,2026-05-11T15:14:35.674066+00:00
2019,392,Japan,M,Import,364,Iran,2709,Crude Oil,1116100393.34,2371190000.0,2371190000.0,2026-05-11T15:01:48.890361,2026-05-11T15:14:35.674066+00:00
2019,392,Japan,M,Import,368,Iraq,2709,Crude Oil,959490321.43,2112450000.0,2112450000.0,2026-05-11T15:01:48.890364,2026-05-11T15:14:35.674066+00:00
2019,392,Japan,M,Import,398,Kazakhstan,2709,Crude Oil,528445110.41,930499000.0,930499000.0,2026-05-11T15:01:48.890366,2026-05-11T15:14:35.674066+00:00
2019,392,Japan,M,Import,414,Kuwait,2709,Crude Oil,6133432202.08,12589800000.0,12589800000.0,2026-05-11T15:01:48.890369,2026-05-11T15:14:35.674066+00:00
2019,392,Japan,M,Import,458,Malaysia,2709,Crude Oil,279426594.63,532228000.0,532228000.0,2026-05-11T15:01:48.890374,2026-05-11T15:14:35.674066+00:00
2019,392,Japan,M,Import,484,Mexico,2709,Crude Oil,125371565.42,293689000.0,293689000.0,2026-05-11T15:01:48.890377,2026-05-11T15:14:35.674066+00:00
2019,392,Japan,M,Import,512,Unknown,2709,Crude Oil,1343695253.9,2730070000.0,2730070000.0,2026-05-11T15:01:48.890380,2026-05-11T15:14:35.674066+00:00
2019,392,Japan,M,Import,634,Qatar,2709,Crude Oil,6328860635.65,12646100000.0,12646100000.0,2026-05-11T15:01:48.890383,2026-05-11T15:14:35.674066+00:00
2019,392,Japan,M,Import,643,Russia,2709,Crude Oil,3995232679.63,7891520000.0,7891520000.0,2026-05-11T15:01:48.890386,2026-05-11T15:14:35.674066+00:00
2019,392,Japan,M,Import,682,Saudi Arabia,2709,Crude Oil,26055137632.67,52605000000.0,52605000000.0,2026-05-11T15:01:48.890389,2026-05-11T15:14:35.674066+00:00
2019,392,Japan,M,Import,784,UAE,2709,Crude Oil,21853878285.19,42894900000.0,42894900000.0,2026-05-11T15:01:48.890392,2026-05-11T15:14:35.674066+00:00
2015,392,Japan,X,Export,764,Thailand,2709,Crude Oil,1942.0,1092.0,1092.0,2026-05-11T15:01:48.890398,2026-05-11T15:14:35.674066+00:00
2015,392,Japan,X,Export,0,World,2709,Crude Oil,1942.0,1092.0,1092.0,2026-05-11T15:01:48.890401,2026-05-11T15:14:35.674066+00:00
2023,392,Japan,M,Import,842,Unknown,2709,Crude Oil,1626444676.65,2378868700.0,2378868700.0,2026-05-11T15:01:48.890404,2026-05-11T15:14:35.674066+00:00
2023,392,Japan,M,Import,0,World,2709,Crude Oil,80884609985.47,125141694800.0,125141694800.0,2026-05-11T15:01:48.890409,2026-05-11T15:14:35.674066+00:00
2023,392,Japan,M,Import,36,Australia,2709,Crude Oil,394557633.73,533570200.0,533570200.0,2026-05-11T15:01:48.890412,2026-05-11T15:14:35.674066+00:00
2023,392,Japan,M,Import,218,Ecuador,2709,Crude Oil,993609269.29,1835233300.0,1835233300.0,2026-05-11T15:01:48.890415,2026-05-11T15:14:35.674066+00:00
2023,392,Japan,M,Import,458,Malaysia,2709,Crude Oil,106590608.89,150138200.0,150138200.0,2026-05-11T15:01:48.890418,2026-05-11T15:14:35.674066+00:00
2023,392,Japan,M,Import,643,Russia,2709,Crude Oil,49273652.42,92288800.0,92288800.0,2026-05-11T15:01:48.890420,2026-05-11T15:14:35.674066+00:00
2023,392,Japan,M,Import,704,Vietnam,2709,Crude Oil,236155527.88,330105200.0,330105200.0,2026-05-11T15:01:48.890423,2026-05-11T15:14:35.674066+00:00
2023,392,Japan,M,Import,512,Unknown,2709,Crude Oil,935348951.71,1493809100.0,1493809100.0,2026-05-11T15:01:48.890426,2026-05-11T15:14:35.674066+00:00
2023,392,Japan,M,Import,682,Saudi Arabia,2709,Crude Oil,33190336995.54,51388110000.0,51388110000.0,2026-05-11T15:01:48.890429,2026-05-11T15:14:35.674066+00:00
2023,392,Japan,M,Import,728,Unknown,2709,Crude Oil,16685727.18,21302800.0,21302800.0,2026-05-11T15:01:48.890432,2026-05-11T15:14:35.674066+00:00
2023,392,Japan,M,Import,784,UAE,2709,Crude Oil,31815336042.28,48593420000.0,48593420000.0,2026-05-11T15:01:48.890435,2026-05-11T15:14:35.674066+00:00
2023,392,Japan,M,Import,360,Indonesia,2709,Crude Oil,168190158.87,249156400.0,249156400.0,2026-05-11T15:01:48.890441,2026-05-11T15:14:35.674066+00:00
2023,392,Japan,M,Import,96,Unknown,2709,Crude Oil,161762898.3,250936440.0,250936440.0,2026-05-11T15:01:48.890444,2026-05-11T15:14:35.674066+00:00
2023,392,Japan,M,Import,634,Qatar,2709,Crude Oil,3901342691.95,6162792000.0,6162792000.0,2026-05-11T15:01:48.890447,2026-05-11T15:14:35.674066+00:00
2023,392,Japan,M,Import,48,Unknown,2709,Crude Oil,84973970.35,146997960.0,146997960.0,2026-05-11T15:01:48.890450,2026-05-11T15:14:35.674066+00:00
2023,392,Japan,M,Import,170,Colombia,2709,Crude Oil,18607725.61,29377700.0,29377700.0,2026-05-11T15:01:48.890453,2026-05-11T15:14:35.674066+00:00
2023,392,Japan,M,Import,414,Kuwait,2709,Crude Oil,7185393454.81,11485588000.0,11485588000.0,2026-05-11T15:01:48.890456,2026-05-11T15:14:35.674066+00:00
2019,392,Japan,M,Import,842,Unknown,2709,Crude Oil,1633870253.16,3103340000.0,3103340000.0,2026-05-11T15:01:48.890459,2026-05-11T15:14:35.674066+00:00
2019,392,Japan,M,Import,0,World,2709,Crude Oil,73086768742.83,146588112700.0,146588112700.0,2026-05-11T15:01:48.890461,2026-05-11T15:14:35.674066+00:00
2019,392,Japan,M,Import,704,Vietnam,2709,Crude Oil,242680627.87,445356000.0,445356000.0,2026-05-11T15:01:48.890464,2026-05-11T15:14:35.674066+00:00
2019,392,Japan,M,Import,12,Algeria,2709,Crude Oil,222952138.95,401761000.0,401761000.0,2026-05-11T15:01:48.890467,2026-05-11T15:14:35.674066+00:00
2019,392,Japan,M,Import,24,Angola,2709,Crude Oil,58612757.09,122045000.0,122045000.0,2026-05-11T15:01:48.890472,2026-05-11T15:14:35.674066+00:00
2019,392,Japan,M,Import,36,Australia,2709,Crude Oil,199824079.12,381152800.0,381152800.0,2026-05-11T15:01:48.890475,2026-05-11T15:14:35.674066+00:00
2019,392,Japan,M,Import,48,Unknown,2709,Crude Oil,728335297.88,1567380000.0,1567380000.0,2026-05-11T15:01:48.890480,2026-05-11T15:14:35.674066+00:00
2019,392,Japan,M,Import,96,Unknown,2709,Crude Oil,142076950.58,279894000.0,279894000.0,2026-05-11T15:01:48.890483,2026-05-11T15:14:35.674066+00:00
2019,392,Japan,M,Import,120,Unknown,2709,Crude Oil,26498704.88,44593400.0,44593400.0,2026-05-11T15:01:48.890486,2026-05-11T15:14:35.674066+00:00
2019,392,Japan,M,Import,124,Canada,2709,Crude Oil,17619847.28,44045500.0,44045500.0,2026-05-11T15:01:48.890489,2026-05-11T15:14:35.674066+00:00
2019,392,Japan,M,Import,170,Colombia,2709,Crude Oil,65894555.89,175187000.0,175187000.0,2026-05-11T15:01:48.890492,2026-05-11T15:14:35.674066+00:00
2019,392,Japan,M,Import,218,Ecuador,2709,Crude Oil,882574817.63,2134940000.0,2134940000.0,2026-05-11T15:01:48.890495,2026-05-11T15:14:35.674066+00:00
2019,392,Japan,M,Import,266,Unknown,2709,Crude Oil,17882959.61,35575000.0,35575000.0,2026-05-11T15:01:48.890498,2026-05-11T15:14:35.674066+00:00
2019,392,Japan,M,Import,360,Indonesia,2709,Crude Oil,128875078.54,255397000.0,255397000.0,2026-05-11T15:01:48.890501,2026-05-11T15:14:35.674066+00:00
2022,392,Japan,M,Import,0,World,2709,Crude Oil,100922291093.4,132511409200.0,132511409200.0,2026-05-11T15:01:48.890506,2026-05-11T15:14:35.674066+00:00
2022,392,Japan,M,Import,634,Qatar,2709,Crude Oil,7070963673.7,9328060000.0,9328060000.0,2026-05-11T15:01:48.890509,2026-05-11T15:14:35.674066+00:00
2022,392,Japan,M,Import,704,Vietnam,2709,Crude Oil,394001587.73,453181000.0,453181000.0,2026-05-11T15:01:48.890512,2026-05-11T15:14:35.674066+00:00
2022,392,Japan,M,Import,12,Algeria,2709,Crude Oil,53068991.87,69461400.0,69461400.0,2026-05-11T15:01:48.890514,2026-05-11T15:14:35.674066+00:00
2022,392,Japan,M,Import,360,Indonesia,2709,Crude Oil,42706929.37,51055600.0,51055600.0,2026-05-11T15:01:48.890517,2026-05-11T15:14:35.674066+00:00
2022,392,Japan,M,Import,36,Australia,2709,Crude Oil,250535602.2,311694900.0,311694900.0,2026-05-11T15:01:48.890520,2026-05-11T15:14:35.674066+00:00
2014,392,Japan,X,Export,51,Unknown,3004,Medicines & Pharmaceuticals,7413.0,143.0,143.0,2026-05-11T15:01:51.279428,2026-05-11T15:14:35.674066+00:00
2014,392,Japan,X,Export,196,Cyprus,3004,Medicines & Pharmaceuticals,344377.0,731.0,731.0,2026-05-11T15:01:51.279441,2026-05-11T15:14:35.674066+00:00
2014,392,Japan,X,Export,262,Unknown,3004,Medicines & Pharmaceuticals,12465.0,143.0,143.0,2026-05-11T15:01:51.279446,2026-05-11T15:14:35.674066+00:00
2014,392,Japan,X,Export,268,Unknown,3004,Medicines & Pharmaceuticals,32720.0,104.0,104.0,2026-05-11T15:01:51.279450,2026-05-11T15:14:35.674066+00:00
2014,392,Japan,X,Export,688,Unknown,3004,Medicines & Pharmaceuticals,211240.0,140.0,140.0,2026-05-11T15:01:51.279453,2026-05-11T15:14:35.674066+00:00
2014,392,Japan,X,Export,729,Unknown,3004,Medicines & Pharmaceuticals,647601.0,2482.0,2482.0,2026-05-11T15:01:51.279456,2026-05-11T15:14:35.674066+00:00
2014,392,Japan,X,Export,860,Unknown,3004,Medicines & Pharmaceuticals,1475148.0,10140.0,10140.0,2026-05-11T15:01:51.279460,2026-05-11T15:14:35.674066+00:00
2014,392,Japan,X,Export,31,Unknown,3004,Medicines & Pharmaceuticals,25685.0,85.0,85.0,2026-05-11T15:01:51.279463,2026-05-11T15:14:35.674066+00:00
2014,392,Japan,X,Export,442,Unknown,3004,Medicines & Pharmaceuticals,12833.0,318.0,318.0,2026-05-11T15:01:51.279466,2026-05-11T15:14:35.674066+00:00
2014,392,Japan,X,Export,580,Unknown,3004,Medicines & Pharmaceuticals,3447.0,128.0,128.0,2026-05-11T15:01:51.279470,2026-05-11T15:14:35.674066+00:00
2014,392,Japan,X,Export,480,Unknown,3004,Medicines & Pharmaceuticals,33825.0,1440.0,1440.0,2026-05-11T15:01:51.279473,2026-05-11T15:14:35.674066+00:00
2014,392,Japan,X,Export,214,Unknown,3004,Medicines & Pharmaceuticals,139492.0,1054.0,1054.0,2026-05-11T15:01:51.279476,2026-05-11T15:14:35.674066+00:00
2014,392,Japan,X,Export,887,Yemen,3004,Medicines & Pharmaceuticals,879294.0,6969.0,6969.0,2026-05-11T15:01:51.279479,2026-05-11T15:14:35.674066+00:00
2014,392,Japan,X,Export,320,Unknown,3004,Medicines & Pharmaceuticals,138500.0,844.0,844.0,2026-05-11T15:01:51.279483,2026-05-11T15:14:35.674066+00:00
2014,392,Japan,X,Export,222,Unknown,3004,Medicines & Pharmaceuticals,14231.0,93.0,93.0,2026-05-11T15:01:51.279491,2026-05-11T15:14:35.674066+00:00
2014,392,Japan,X,Export,428,Unknown,3004,Medicines & Pharmaceuticals,124383.0,440.0,440.0,2026-05-11T15:01:51.279495,2026-05-11T15:14:35.674066+00:00
2014,392,Japan,X,Export,858,Unknown,3004,Medicines & Pharmaceuticals,2428031.0,8054.0,8054.0,2026-05-11T15:01:51.279498,2026-05-11T15:14:35.674066+00:00
2014,392,Japan,X,Export,96,Unknown,3004,Medicines & Pharmaceuticals,3503.0,79.0,79.0,2026-05-11T15:01:51.279501,2026-05-11T15:14:35.674066+00:00
2014,392,Japan,X,Export,368,Iraq,3004,Medicines & Pharmaceuticals,353064.0,532.0,532.0,2026-05-11T15:01:51.279504,2026-05-11T15:14:35.674066+00:00
2014,392,Japan,X,Export,512,Unknown,3004,Medicines & Pharmaceuticals,69189.0,2529.0,2529.0,2026-05-11T15:01:51.279507,2026-05-11T15:14:35.674066+00:00
2014,392,Japan,X,Export,496,Unknown,3004,Medicines & Pharmaceuticals,477787.0,14327.0,14327.0,2026-05-11T15:01:51.279511,2026-05-11T15:14:35.674066+00:00
2014,392,Japan,X,Export,48,Unknown,3004,Medicines & Pharmaceuticals,127320.0,1843.0,1843.0,2026-05-11T15:01:51.279513,2026-05-11T15:14:35.674066+00:00
2014,392,Japan,X,Export,400,Jordan,3004,Medicines & Pharmaceuticals,6416821.0,20236.0,20236.0,2026-05-11T15:01:51.279517,2026-05-11T15:14:35.674066+00:00
2014,392,Japan,X,Export,300,Greece,3004,Medicines & Pharmaceuticals,138198.0,264.0,264.0,2026-05-11T15:01:51.279520,2026-05-11T15:14:35.674066+00:00
2014,392,Japan,X,Export,591,Unknown,3004,Medicines & Pharmaceuticals,8489.0,129.0,129.0,2026-05-11T15:01:51.279525,2026-05-11T15:14:35.674066+00:00
2014,392,Japan,X,Export,188,Unknown,3004,Medicines & Pharmaceuticals,14372.0,279.0,279.0,2026-05-11T15:01:51.279528,2026-05-11T15:14:35.674066+00:00
2014,392,Japan,X,Export,862,Unknown,3004,Medicines & Pharmaceuticals,4588325.0,67418.0,67418.0,2026-05-11T15:01:51.279531,2026-05-11T15:14:35.674066+00:00
2014,392,Japan,X,Export,372,Ireland,3004,Medicines & Pharmaceuticals,110838298.0,234142.0,234142.0,2026-05-11T15:01:51.279535,2026-05-11T15:14:35.674066+00:00
2014,392,Japan,X,Export,604,Peru,3004,Medicines & Pharmaceuticals,19047.0,122.0,122.0,2026-05-11T15:01:51.279538,2026-05-11T15:14:35.674066+00:00
2014,392,Japan,X,Export,422,Lebanon,3004,Medicines & Pharmaceuticals,17583.0,644.0,644.0,2026-05-11T15:01:51.279541,2026-05-11T15:14:35.674066+00:00
2014,392,Japan,X,Export,804,Ukraine,3004,Medicines & Pharmaceuticals,1379622.0,8274.0,8274.0,2026-05-11T15:01:51.279544,2026-05-11T15:14:35.674066+00:00
2014,392,Japan,X,Export,218,Ecuador,3004,Medicines & Pharmaceuticals,24854.0,198.0,198.0,2026-05-11T15:01:51.279547,2026-05-11T15:14:35.674066+00:00
2014,392,Japan,X,Export,316,Unknown,3004,Medicines & Pharmaceuticals,2748.0,51.0,51.0,2026-05-11T15:01:51.279550,2026-05-11T15:14:35.674066+00:00
2014,392,Japan,X,Export,156,China,3004,Medicines & Pharmaceuticals,396189214.0,2256618.0,2256618.0,2026-05-11T15:01:51.279553,2026-05-11T15:14:35.674066+00:00
2014,392,Japan,X,Export,0,World,3004,Medicines & Pharmaceuticals,1868837727.0,21129075.0,21129075.0,2026-05-11T15:01:51.279558,2026-05-11T15:14:35.674066+00:00
2014,392,Japan,M,Import,100,Bulgaria,3004,Medicines & Pharmaceuticals,6608.0,2.0,2.0,2026-05-11T15:01:51.279561,2026-05-11T15:14:35.674066+00:00
2014,392,Japan,M,Import,604,Peru,3004,Medicines & Pharmaceuticals,2184.0,4.0,4.0,2026-05-11T15:01:51.279564,2026-05-11T15:14:35.674066+00:00
2014,392,Japan,M,Import,710,South Africa,3004,Medicines & Pharmaceuticals,4122.0,3.0,3.0,2026-05-11T15:01:51.279567,2026-05-11T15:14:35.674066+00:00
2014,392,Japan,M,Import,214,Unknown,3004,Medicines & Pharmaceuticals,58407.0,2810.0,2810.0,2026-05-11T15:01:51.279571,2026-05-11T15:14:35.674066+00:00
2014,392,Japan,M,Import,352,Unknown,3004,Medicines & Pharmaceuticals,1513434.0,3724.0,3724.0,2026-05-11T15:01:51.279574,2026-05-11T15:14:35.674066+00:00
2014,392,Japan,M,Import,768,Unknown,3004,Medicines & Pharmaceuticals,71482.0,30.0,30.0,2026-05-11T15:01:51.279577,2026-05-11T15:14:35.674066+00:00
2014,392,Japan,M,Import,116,Cambodia,3004,Medicines & Pharmaceuticals,2411.0,32.0,32.0,2026-05-11T15:01:51.279580,2026-05-11T15:14:35.674066+00:00
2014,392,Japan,M,Import,440,Unknown,3004,Medicines & Pharmaceuticals,1194617.0,25.0,25.0,2026-05-11T15:01:51.279583,2026-05-11T15:14:35.674066+00:00
2014,392,Japan,M,Import,300,Greece,3004,Medicines & Pharmaceuticals,2456329.0,11286.0,11286.0,2026-05-11T15:01:51.279586,2026-05-11T15:14:35.674066+00:00
2014,392,Japan,M,Import,705,Unknown,3004,Medicines & Pharmaceuticals,10179793.0,22279.0,22279.0,2026-05-11T15:01:51.279591,2026-05-11T15:14:35.674066+00:00
2014,392,Japan,M,Import,642,Romania,3004,Medicines & Pharmaceuticals,9920867.0,26468.0,26468.0,2026-05-11T15:01:51.279594,2026-05-11T15:14:35.674066+00:00
2014,392,Japan,M,Import,32,Argentina,3004,Medicines & Pharmaceuticals,205899.0,1438.0,1438.0,2026-05-11T15:01:51.279597,2026-05-11T15:14:35.674066+00:00
2014,392,Japan,M,Import,372,Ireland,3004,Medicines & Pharmaceuticals,213065157.0,311165.0,311165.0,2026-05-11T15:01:51.279600,2026-05-11T15:14:35.674066+00:00
2014,392,Japan,M,Import,620,Portugal,3004,Medicines & Pharmaceuticals,22633.0,59.0,59.0,2026-05-11T15:01:51.279603,2026-05-11T15:14:35.674066+00:00
2014,392,Japan,M,Import,579,Unknown,3004,Medicines & Pharmaceuticals,61611444.0,172635.0,172635.0,2026-05-11T15:01:51.279606,2026-05-11T15:14:35.674066+00:00
2014,392,Japan,M,Import,348,Unknown,3004,Medicines & Pharmaceuticals,5124.0,25.0,25.0,2026-05-11T15:01:51.279609,2026-05-11T15:14:35.674066+00:00
2014,392,Japan,M,Import,376,Israel,3004,Medicines & Pharmaceuticals,3463161.0,3191.0,3191.0,2026-05-11T15:01:51.279613,2026-05-11T15:14:35.674066+00:00
2014,392,Japan,M,Import,554,New Zealand,3004,Medicines & Pharmaceuticals,2731478.0,15111.0,15111.0,2026-05-11T15:01:51.279616,2026-05-11T15:14:35.674066+00:00
2014,392,Japan,M,Import,203,Czech Republic,3004,Medicines & Pharmaceuticals,11520550.0,360889.0,360889.0,2026-05-11T15:01:51.279619,2026-05-11T15:14:35.674066+00:00
2014,392,Japan,M,Import,616,Poland,3004,Medicines & Pharmaceuticals,2791464.0,14444.0,14444.0,2026-05-11T15:01:51.279624,2026-05-11T15:14:35.674066+00:00
2014,392,Japan,M,Import,344,Unknown,3004,Medicines & Pharmaceuticals,14068.0,25.0,25.0,2026-05-11T15:01:51.279627,2026-05-11T15:14:35.674066+00:00
2014,392,Japan,M,Import,246,Finland,3004,Medicines & Pharmaceuticals,79902107.0,103720.0,103720.0,2026-05-11T15:01:51.279630,2026-05-11T15:14:35.674066+00:00
2014,392,Japan,M,Import,792,Turkey,3004,Medicines & Pharmaceuticals,5415421.0,98645.0,98645.0,2026-05-11T15:01:51.279633,2026-05-11T15:14:35.674066+00:00
2014,392,Japan,M,Import,76,Brazil,3004,Medicines & Pharmaceuticals,1695528.0,6003.0,6003.0,2026-05-11T15:01:51.279638,2026-05-11T15:14:35.674066+00:00
2014,392,Japan,M,Import,208,Denmark,3004,Medicines & Pharmaceuticals,372211193.0,401624.0,401624.0,2026-05-11T15:01:51.279641,2026-05-11T15:14:35.674066+00:00
2014,392,Japan,M,Import,702,Unknown,3004,Medicines & Pharmaceuticals,1054948858.0,10439605.0,10439605.0,2026-05-11T15:01:51.279644,2026-05-11T15:14:35.674066+00:00
2014,392,Japan,M,Import,484,Mexico,3004,Medicines & Pharmaceuticals,3485132.0,240760.0,240760.0,2026-05-11T15:01:51.279647,2026-05-11T15:14:35.674066+00:00
2014,392,Japan,M,Import,40,Austria,3004,Medicines & Pharmaceuticals,62754518.0,169138.0,169138.0,2026-05-11T15:01:51.279650,2026-05-11T15:14:35.674066+00:00
2014,392,Japan,M,Import,752,Sweden,3004,Medicines & Pharmaceuticals,360792104.0,675838.0,675838.0,2026-05-11T15:01:51.279673,2026-05-11T15:14:35.674066+00:00
2014,392,Japan,M,Import,608,Philippines,3004,Medicines & Pharmaceuticals,372696.0,137281.0,137281.0,2026-05-11T15:01:51.279683,2026-05-11T15:14:35.674066+00:00
2014,392,Japan,M,Import,56,Belgium,3004,Medicines & Pharmaceuticals,579060667.0,871604.0,871604.0,2026-05-11T15:01:51.279689,2026-05-11T15:14:35.674066+00:00
2014,392,Japan,X,Export,446,Unknown,3004,Medicines & Pharmaceuticals,1245012.0,31529.0,31529.0,2026-05-11T15:01:51.279699,2026-05-11T15:14:35.674066+00:00
2014,392,Japan,X,Export,620,Portugal,3004,Medicines & Pharmaceuticals,735817.0,486.0,486.0,2026-05-11T15:01:51.279707,2026-05-11T15:14:35.674066+00:00
2014,392,Japan,X,Export,634,Qatar,3004,Medicines & Pharmaceuticals,421658.0,2726.0,2726.0,2026-05-11T15:01:51.279711,2026-05-11T15:14:35.674066+00:00
2014,392,Japan,X,Export,170,Colombia,3004,Medicines & Pharmaceuticals,9821.0,78.0,78.0,2026-05-11T15:01:51.279714,2026-05-11T15:14:35.674066+00:00
2014,392,Japan,X,Export,246,Finland,3004,Medicines & Pharmaceuticals,6897715.0,8649.0,8649.0,2026-05-11T15:01:51.279717,2026-05-11T15:14:35.674066+00:00
2014,392,Japan,X,Export,208,Denmark,3004,Medicines & Pharmaceuticals,23073508.0,3453.0,3453.0,2026-05-11T15:01:51.279720,2026-05-11T15:14:35.674066+00:00
2014,392,Japan,X,Export,348,Unknown,3004,Medicines & Pharmaceuticals,17649.0,33.0,33.0,2026-05-11T15:01:51.279723,2026-05-11T15:14:35.674066+00:00
2014,392,Japan,X,Export,152,Chile,3004,Medicines & Pharmaceuticals,824723.0,3813.0,3813.0,2026-05-11T15:01:51.279739,2026-05-11T15:14:35.674066+00:00
2014,392,Japan,X,Export,414,Kuwait,3004,Medicines & Pharmaceuticals,432782.0,3029.0,3029.0,2026-05-11T15:01:51.279744,2026-05-11T15:14:35.674066+00:00
2014,392,Japan,X,Export,40,Austria,3004,Medicines & Pharmaceuticals,172996.0,396.0,396.0,2026-05-11T15:01:51.279748,2026-05-11T15:14:35.674066+00:00
2014,392,Japan,X,Export,32,Argentina,3004,Medicines & Pharmaceuticals,379089.0,418.0,418.0,2026-05-11T15:01:51.279751,2026-05-11T15:14:35.674066+00:00
2014,392,Japan,X,Export,376,Israel,3004,Medicines & Pharmaceuticals,285452.0,634.0,634.0,2026-05-11T15:01:51.279754,2026-05-11T15:14:35.674066+00:00
2014,392,Japan,X,Export,818,Egypt,3004,Medicines & Pharmaceuticals,200286.0,242.0,242.0,2026-05-11T15:01:51.279758,2026-05-11T15:14:35.674066+00:00
2014,392,Japan,X,Export,752,Sweden,3004,Medicines & Pharmaceuticals,281581.0,356.0,356.0,2026-05-11T15:01:51.279761,2026-05-11T15:14:35.674066+00:00
2014,392,Japan,X,Export,203,Czech Republic,3004,Medicines & Pharmaceuticals,974650.0,1271.0,1271.0,2026-05-11T15:01:51.279764,2026-05-11T15:14:35.674066+00:00
2014,392,Japan,X,Export,144,Sri Lanka,3004,Medicines & Pharmaceuticals,68065.0,2723.0,2723.0,2026-05-11T15:01:51.279767,2026-05-11T15:14:35.674066+00:00
2014,392,Japan,X,Export,104,Unknown,3004,Medicines & Pharmaceuticals,40123.0,357.0,357.0,2026-05-11T15:01:51.279770,2026-05-11T15:14:35.674066+00:00
2014,392,Japan,X,Export,586,Pakistan,3004,Medicines & Pharmaceuticals,993243.0,4425.0,4425.0,2026-05-11T15:01:51.279773,2026-05-11T15:14:35.674066+00:00
2014,392,Japan,X,Export,710,South Africa,3004,Medicines & Pharmaceuticals,256274.0,423.0,423.0,2026-05-11T15:01:51.279780,2026-05-11T15:14:35.674066+00:00
2014,392,Japan,X,Export,757,Unknown,3004,Medicines & Pharmaceuticals,20248549.0,36725.0,36725.0,2026-05-11T15:01:51.279783,2026-05-11T15:14:35.674066+00:00
2014,392,Japan,X,Export,554,New Zealand,3004,Medicines & Pharmaceuticals,791890.0,391470.0,391470.0,2026-05-11T15:01:51.279786,2026-05-11T15:14:35.674066+00:00
2014,392,Japan,X,Export,682,Saudi Arabia,3004,Medicines & Pharmaceuticals,5662873.0,29622.0,29622.0,2026-05-11T15:01:51.279789,2026-05-11T15:14:35.674066+00:00
2014,392,Japan,X,Export,792,Turkey,3004,Medicines & Pharmaceuticals,2572292.0,3978.0,3978.0,2026-05-11T15:01:51.279792,2026-05-11T15:14:35.674066+00:00
2014,392,Japan,X,Export,418,Unknown,3004,Medicines & Pharmaceuticals,8905.0,23.0,23.0,2026-05-11T15:01:51.279795,2026-05-11T15:14:35.674066+00:00
2014,392,Japan,X,Export,616,Poland,3004,Medicines & Pharmaceuticals,2077.0,23.0,23.0,2026-05-11T15:01:51.279798,2026-05-11T15:14:35.674066+00:00
2014,392,Japan,X,Export,724,Spain,3004,Medicines & Pharmaceuticals,9962894.0,32219.0,32219.0,2026-05-11T15:01:51.279801,2026-05-11T15:14:35.674066+00:00
2014,392,Japan,X,Export,643,Russia,3004,Medicines & Pharmaceuticals,2111172.0,5879.0,5879.0,2026-05-11T15:01:51.279804,2026-05-11T15:14:35.674066+00:00
2014,392,Japan,X,Export,56,Belgium,3004,Medicines & Pharmaceuticals,8395686.0,13386.0,13386.0,2026-05-11T15:01:51.279807,2026-05-11T15:14:35.674066+00:00
2014,392,Japan,X,Export,784,UAE,3004,Medicines & Pharmaceuticals,1481644.0,10075.0,10075.0,2026-05-11T15:01:51.279812,2026-05-11T15:14:35.674066+00:00
2014,392,Japan,X,Export,484,Mexico,3004,Medicines & Pharmaceuticals,13407030.0,9500.0,9500.0,2026-05-11T15:01:51.279815,2026-05-11T15:14:35.674066+00:00
2014,392,Japan,X,Export,76,Brazil,3004,Medicines & Pharmaceuticals,6024634.0,24297.0,24297.0,2026-05-11T15:01:51.279818,2026-05-11T15:14:35.674066+00:00
2014,392,Japan,X,Export,124,Canada,3004,Medicines & Pharmaceuticals,1164218.0,17669.0,17669.0,2026-05-11T15:01:51.279821,2026-05-11T15:14:35.674066+00:00
2014,392,Japan,X,Export,528,Netherlands,3004,Medicines & Pharmaceuticals,81122745.0,80792.0,80792.0,2026-05-11T15:01:51.279824,2026-05-11T15:14:35.674066+00:00
2014,392,Japan,X,Export,50,Bangladesh,3004,Medicines & Pharmaceuticals,34986.0,60.0,60.0,2026-05-11T15:01:51.279827,2026-05-11T15:14:35.674066+00:00
2014,392,Japan,X,Export,380,Italy,3004,Medicines & Pharmaceuticals,58585156.0,34672.0,34672.0,2026-05-11T15:01:51.279830,2026-05-11T15:14:35.674066+00:00
2014,392,Japan,X,Export,251,Unknown,3004,Medicines & Pharmaceuticals,92640391.0,22145.0,22145.0,2026-05-11T15:01:51.279833,2026-05-11T15:14:35.674066+00:00
2014,392,Japan,X,Export,826,United Kingdom,3004,Medicines & Pharmaceuticals,30862680.0,35019.0,35019.0,2026-05-11T15:01:51.279836,2026-05-11T15:14:35.674066+00:00
2014,392,Japan,X,Export,352,Unknown,3004,Medicines & Pharmaceuticals,7923.0,16.0,16.0,2026-05-11T15:01:51.279840,2026-05-11T15:14:35.674066+00:00
2014,392,Japan,X,Export,36,Australia,3004,Medicines & Pharmaceuticals,2742124.0,1015265.0,1015265.0,2026-05-11T15:01:51.279844,2026-05-11T15:14:35.674066+00:00
2014,392,Japan,X,Export,699,Unknown,3004,Medicines & Pharmaceuticals,8896902.0,52757.0,52757.0,2026-05-11T15:01:51.279847,2026-05-11T15:14:35.674066+00:00
2014,392,Japan,X,Export,276,Germany,3004,Medicines & Pharmaceuticals,16595846.0,29244.0,29244.0,2026-05-11T15:01:51.279850,2026-05-11T15:14:35.674066+00:00
2014,392,Japan,X,Export,608,Philippines,3004,Medicines & Pharmaceuticals,5858088.0,19783.0,19783.0,2026-05-11T15:01:51.279853,2026-05-11T15:14:35.674066+00:00
2014,392,Japan,X,Export,417,Unknown,3004,Medicines & Pharmaceuticals,4854.0,12.0,12.0,2026-05-11T15:01:51.279856,2026-05-11T15:14:35.674066+00:00
2014,392,Japan,X,Export,705,Unknown,3004,Medicines & Pharmaceuticals,6393.0,7.0,7.0,2026-05-11T15:01:51.279862,2026-05-11T15:14:35.674066+00:00
2014,392,Japan,X,Export,364,Iran,3004,Medicines & Pharmaceuticals,3286.0,6.0,6.0,2026-05-11T15:01:51.279865,2026-05-11T15:14:35.674066+00:00
2014,392,Japan,X,Export,458,Malaysia,3004,Medicines & Pharmaceuticals,9433755.0,256259.0,256259.0,2026-05-11T15:01:51.279868,2026-05-11T15:14:35.674066+00:00
2014,392,Japan,X,Export,702,Unknown,3004,Medicines & Pharmaceuticals,9783392.0,131066.0,131066.0,2026-05-11T15:01:51.279871,2026-05-11T15:14:35.674066+00:00
2014,392,Japan,X,Export,360,Indonesia,3004,Medicines & Pharmaceuticals,11355321.0,42485.0,42485.0,2026-05-11T15:01:51.279874,2026-05-11T15:14:35.674066+00:00
2014,392,Japan,X,Export,704,Vietnam,3004,Medicines & Pharmaceuticals,14692496.0,253169.0,253169.0,2026-05-11T15:01:51.279879,2026-05-11T15:14:35.674066+00:00
2014,392,Japan,X,Export,842,Unknown,3004,Medicines & Pharmaceuticals,450932797.0,599713.0,599713.0,2026-05-11T15:01:51.279882,2026-05-11T15:14:35.674066+00:00
2014,392,Japan,X,Export,764,Thailand,3004,Medicines & Pharmaceuticals,66581601.0,338530.0,338530.0,2026-05-11T15:01:51.279885,2026-05-11T15:14:35.674066+00:00
2014,392,Japan,X,Export,344,Unknown,3004,Medicines & Pharmaceuticals,80216878.0,3203946.0,3203946.0,2026-05-11T15:01:51.279888,2026-05-11T15:14:35.674066+00:00
2014,392,Japan,X,Export,499,Unknown,3004,Medicines & Pharmaceuticals,4759.0,4.0,4.0,2026-05-11T15:01:51.279891,2026-05-11T15:14:35.674066+00:00
2014,392,Japan,X,Export,410,South Korea,3004,Medicines & Pharmaceuticals,165440831.0,10058179.0,10058179.0,2026-05-11T15:01:51.279894,2026-05-11T15:14:35.674066+00:00
2014,392,Japan,X,Export,490,Unknown,3004,Medicines & Pharmaceuticals,126691094.0,1675046.0,1675046.0,2026-05-11T15:01:51.279897,2026-05-11T15:14:35.674066+00:00
2015,392,Japan,X,Export,757,Unknown,3004,Medicines & Pharmaceuticals,20734450.0,46036.0,46036.0,2026-05-11T15:01:51.279900,2026-05-11T15:14:35.674066+00:00
2015,392,Japan,X,Export,0,World,3004,Medicines & Pharmaceuticals,2373194118.0,23528687.0,23528687.0,2026-05-11T15:01:51.279903,2026-05-11T15:14:35.674066+00:00
2015,392,Japan,X,Export,51,Unknown,3004,Medicines & Pharmaceuticals,15173.0,187.0,187.0,2026-05-11T15:01:51.279906,2026-05-11T15:14:35.674066+00:00
2015,392,Japan,X,Export,196,Cyprus,3004,Medicines & Pharmaceuticals,1062817.0,1548.0,1548.0,2026-05-11T15:01:51.279913,2026-05-11T15:14:35.674066+00:00
2015,392,Japan,X,Export,268,Unknown,3004,Medicines & Pharmaceuticals,86408.0,365.0,365.0,2026-05-11T15:01:51.279916,2026-05-11T15:14:35.674066+00:00
2015,392,Japan,X,Export,332,Unknown,3004,Medicines & Pharmaceuticals,21081.0,241.0,241.0,2026-05-11T15:01:51.279919,2026-05-11T15:14:35.674066+00:00
2015,392,Japan,X,Export,388,Jamaica,3004,Medicines & Pharmaceuticals,18222.0,625.0,625.0,2026-05-11T15:01:51.279922,2026-05-11T15:14:35.674066+00:00
2015,392,Japan,X,Export,454,Unknown,3004,Medicines & Pharmaceuticals,92755.0,868.0,868.0,2026-05-11T15:01:51.279925,2026-05-11T15:14:35.674066+00:00
2015,392,Japan,X,Export,686,Unknown,3004,Medicines & Pharmaceuticals,27048.0,195.0,195.0,2026-05-11T15:01:51.279928,2026-05-11T15:14:35.674066+00:00
2015,392,Japan,X,Export,688,Unknown,3004,Medicines & Pharmaceuticals,222459.0,209.0,209.0,2026-05-11T15:01:51.279931,2026-05-11T15:14:35.674066+00:00
2015,392,Japan,X,Export,716,Zimbabwe,3004,Medicines & Pharmaceuticals,297892.0,3422.0,3422.0,2026-05-11T15:01:51.279934,2026-05-11T15:14:35.674066+00:00
2015,392,Japan,X,Export,887,Yemen,3004,Medicines & Pharmaceuticals,899693.0,6754.0,6754.0,2026-05-11T15:01:51.279937,2026-05-11T15:14:35.674066+00:00
2015,392,Japan,X,Export,729,Unknown,3004,Medicines & Pharmaceuticals,1143630.0,4665.0,4665.0,2026-05-11T15:01:51.279940,2026-05-11T15:14:35.674066+00:00
2015,392,Japan,X,Export,860,Unknown,3004,Medicines & Pharmaceuticals,1237782.0,7940.0,7940.0,2026-05-11T15:01:51.279945,2026-05-11T15:14:35.674066+00:00
2015,392,Japan,X,Export,442,Unknown,3004,Medicines & Pharmaceuticals,17561.0,662.0,662.0,2026-05-11T15:01:51.279948,2026-05-11T15:14:35.674066+00:00
2015,392,Japan,X,Export,480,Unknown,3004,Medicines & Pharmaceuticals,14470.0,720.0,720.0,2026-05-11T15:01:51.279951,2026-05-11T15:14:35.674066+00:00
2015,392,Japan,X,Export,862,Unknown,3004,Medicines & Pharmaceuticals,827301.0,11471.0,11471.0,2026-05-11T15:01:51.279954,2026-05-11T15:14:35.674066+00:00
2015,392,Japan,X,Export,428,Unknown,3004,Medicines & Pharmaceuticals,30916.0,125.0,125.0,2026-05-11T15:01:51.279957,2026-05-11T15:14:35.674066+00:00
2015,392,Japan,X,Export,398,Kazakhstan,3004,Medicines & Pharmaceuticals,7355.0,33.0,33.0,2026-05-11T15:01:51.279960,2026-05-11T15:14:35.674066+00:00
2015,392,Japan,X,Export,214,Unknown,3004,Medicines & Pharmaceuticals,379392.0,3051.0,3051.0,2026-05-11T15:01:51.279963,2026-05-11T15:14:35.674066+00:00
2015,392,Japan,X,Export,320,Unknown,3004,Medicines & Pharmaceuticals,191320.0,1106.0,1106.0,2026-05-11T15:01:51.279966,2026-05-11T15:14:35.674066+00:00
2015,392,Japan,X,Export,222,Unknown,3004,Medicines & Pharmaceuticals,33990.0,218.0,218.0,2026-05-11T15:01:51.279969,2026-05-11T15:14:35.674066+00:00
2015,392,Japan,X,Export,24,Angola,3004,Medicines & Pharmaceuticals,236970.0,2745.0,2745.0,2026-05-11T15:01:51.279972,2026-05-11T15:14:35.674066+00:00
2015,392,Japan,X,Export,804,Ukraine,3004,Medicines & Pharmaceuticals,2269435.0,14031.0,14031.0,2026-05-11T15:01:51.279977,2026-05-11T15:14:35.674066+00:00
2015,392,Japan,X,Export,858,Unknown,3004,Medicines & Pharmaceuticals,3806547.0,12987.0,12987.0,2026-05-11T15:01:51.279980,2026-05-11T15:14:35.674066+00:00
2015,392,Japan,X,Export,422,Lebanon,3004,Medicines & Pharmaceuticals,64558.0,74.0,74.0,2026-05-11T15:01:51.279983,2026-05-11T15:14:35.674066+00:00
2015,392,Japan,X,Export,300,Greece,3004,Medicines & Pharmaceuticals,101812.0,198.0,198.0,2026-05-11T15:01:51.279986,2026-05-11T15:14:35.674066+00:00
2015,392,Japan,X,Export,418,Unknown,3004,Medicines & Pharmaceuticals,47039.0,22000.0,22000.0,2026-05-11T15:01:51.279990,2026-05-11T15:14:35.674066+00:00
2015,392,Japan,X,Export,364,Iran,3004,Medicines & Pharmaceuticals,122720.0,10168.0,10168.0,2026-05-11T15:01:51.279994,2026-05-11T15:14:35.674066+00:00
2015,392,Japan,X,Export,400,Jordan,3004,Medicines & Pharmaceuticals,6314646.0,23684.0,23684.0,2026-05-11T15:01:51.279997,2026-05-11T15:14:35.674066+00:00
2015,392,Japan,X,Export,579,Unknown,3004,Medicines & Pharmaceuticals,3950.0,84.0,84.0,2026-05-11T15:01:51.280000,2026-05-11T15:14:35.674066+00:00
2015,392,Japan,X,Export,152,Chile,3004,Medicines & Pharmaceuticals,699548.0,2716.0,2716.0,2026-05-11T15:01:51.280003,2026-05-11T15:14:35.674066+00:00
2015,392,Japan,X,Export,348,Unknown,3004,Medicines & Pharmaceuticals,74930.0,56.0,56.0,2026-05-11T15:01:51.280006,2026-05-11T15:14:35.674066+00:00
2015,392,Japan,X,Export,634,Qatar,3004,Medicines & Pharmaceuticals,361715.0,1172.0,1172.0,2026-05-11T15:01:51.280011,2026-05-11T15:14:35.674066+00:00
2015,392,Japan,X,Export,170,Colombia,3004,Medicines & Pharmaceuticals,600140.0,2191.0,2191.0,2026-05-11T15:01:51.280014,2026-05-11T15:14:35.674066+00:00
2015,392,Japan,X,Export,620,Portugal,3004,Medicines & Pharmaceuticals,143901.0,231.0,231.0,2026-05-11T15:01:51.280017,2026-05-11T15:14:35.674066+00:00
2015,392,Japan,X,Export,208,Denmark,3004,Medicines & Pharmaceuticals,31767882.0,7287.0,7287.0,2026-05-11T15:01:51.280020,2026-05-11T15:14:35.674066+00:00
2015,392,Japan,X,Export,372,Ireland,3004,Medicines & Pharmaceuticals,39507589.0,260838.0,260838.0,2026-05-11T15:01:51.280023,2026-05-11T15:14:35.674066+00:00
2015,392,Japan,X,Export,446,Unknown,3004,Medicines & Pharmaceuticals,808781.0,21716.0,21716.0,2026-05-11T15:01:51.280026,2026-05-11T15:14:35.674066+00:00
2015,392,Japan,X,Export,246,Finland,3004,Medicines & Pharmaceuticals,7592327.0,6225.0,6225.0,2026-05-11T15:01:51.280029,2026-05-11T15:14:35.674066+00:00
2015,392,Japan,X,Export,496,Unknown,3004,Medicines & Pharmaceuticals,316767.0,12790.0,12790.0,2026-05-11T15:01:51.280035,2026-05-11T15:14:35.674066+00:00
2015,392,Japan,X,Export,48,Unknown,3004,Medicines & Pharmaceuticals,145355.0,777.0,777.0,2026-05-11T15:01:51.280038,2026-05-11T15:14:35.674066+00:00
2015,392,Japan,X,Export,512,Unknown,3004,Medicines & Pharmaceuticals,42890.0,1571.0,1571.0,2026-05-11T15:01:51.280041,2026-05-11T15:14:35.674066+00:00
2015,392,Japan,X,Export,40,Austria,3004,Medicines & Pharmaceuticals,58170.0,256.0,256.0,2026-05-11T15:01:51.280046,2026-05-11T15:14:35.674066+00:00
2015,392,Japan,X,Export,699,Unknown,3004,Medicines & Pharmaceuticals,7380074.0,44445.0,44445.0,2026-05-11T15:01:51.280049,2026-05-11T15:14:35.674066+00:00
2015,392,Japan,X,Export,276,Germany,3004,Medicines & Pharmaceuticals,15110468.0,33756.0,33756.0,2026-05-11T15:01:51.280052,2026-05-11T15:14:35.674066+00:00
2015,392,Japan,X,Export,608,Philippines,3004,Medicines & Pharmaceuticals,8244009.0,26700.0,26700.0,2026-05-11T15:01:51.280055,2026-05-11T15:14:35.674066+00:00
2015,392,Japan,X,Export,458,Malaysia,3004,Medicines & Pharmaceuticals,8886626.0,202612.0,202612.0,2026-05-11T15:01:51.280058,2026-05-11T15:14:35.674066+00:00
2015,392,Japan,X,Export,678,Unknown,3004,Medicines & Pharmaceuticals,3140.0,6.0,6.0,2026-05-11T15:01:51.280061,2026-05-11T15:14:35.674066+00:00
2015,392,Japan,X,Export,360,Indonesia,3004,Medicines & Pharmaceuticals,12977001.0,52731.0,52731.0,2026-05-11T15:01:51.280064,2026-05-11T15:14:35.674066+00:00
2015,392,Japan,X,Export,702,Unknown,3004,Medicines & Pharmaceuticals,8911608.0,136529.0,136529.0,2026-05-11T15:01:51.280067,2026-05-11T15:14:35.674066+00:00
2015,392,Japan,X,Export,344,Unknown,3004,Medicines & Pharmaceuticals,88976571.0,3758894.0,3758894.0,2026-05-11T15:01:51.280070,2026-05-11T15:14:35.674066+00:00
2015,392,Japan,X,Export,842,Unknown,3004,Medicines & Pharmaceuticals,969370605.0,542114.0,542114.0,2026-05-11T15:01:51.280073,2026-05-11T15:14:35.674066+00:00
2015,392,Japan,X,Export,704,Vietnam,3004,Medicines & Pharmaceuticals,17309692.0,300731.0,300731.0,2026-05-11T15:01:51.280078,2026-05-11T15:14:35.674066+00:00
2015,392,Japan,X,Export,764,Thailand,3004,Medicines & Pharmaceuticals,67499674.0,357961.0,357961.0,2026-05-11T15:01:51.280081,2026-05-11T15:14:35.674066+00:00
2015,392,Japan,X,Export,410,South Korea,3004,Medicines & Pharmaceuticals,172264510.0,11545000.0,11545000.0,2026-05-11T15:01:51.280084,2026-05-11T15:14:35.674066+00:00
2015,392,Japan,X,Export,490,Unknown,3004,Medicines & Pharmaceuticals,131079386.0,1821082.0,1821082.0,2026-05-11T15:01:51.280087,2026-05-11T15:14:35.674066+00:00
2015,392,Japan,X,Export,156,China,3004,Medicines & Pharmaceuticals,369601747.0,2306118.0,2306118.0,2026-05-11T15:01:51.280090,2026-05-11T15:14:35.674066+00:00
2015,392,Japan,X,Export,352,Unknown,3004,Medicines & Pharmaceuticals,15379.0,4.0,4.0,2026-05-11T15:01:51.280093,2026-05-11T15:14:35.674066+00:00
2015,392,Japan,X,Export,705,Unknown,3004,Medicines & Pharmaceuticals,11231.0,4.0,4.0,2026-05-11T15:01:51.280096,2026-05-11T15:14:35.674066+00:00
2015,392,Japan,X,Export,262,Unknown,3004,Medicines & Pharmaceuticals,4917.0,1.0,1.0,2026-05-11T15:01:51.280099,2026-05-11T15:14:35.674066+00:00
2015,392,Japan,X,Export,591,Unknown,3004,Medicines & Pharmaceuticals,1868.0,1.0,1.0,2026-05-11T15:01:51.280102,2026-05-11T15:14:35.674066+00:00
2015,392,Japan,M,Import,804,Ukraine,3004,Medicines & Pharmaceuticals,24313.0,1.0,1.0,2026-05-11T15:01:51.280105,2026-05-11T15:14:35.674066+00:00
2015,392,Japan,M,Import,710,South Africa,3004,Medicines & Pharmaceuticals,29932.0,4.0,4.0,2026-05-11T15:01:51.280110,2026-05-11T15:14:35.674066+00:00
2015,392,Japan,M,Import,352,Unknown,3004,Medicines & Pharmaceuticals,644468.0,2772.0,2772.0,2026-05-11T15:01:51.280113,2026-05-11T15:14:35.674066+00:00
2015,392,Japan,M,Import,104,Unknown,3004,Medicines & Pharmaceuticals,2000.0,94.0,94.0,2026-05-11T15:01:51.280116,2026-05-11T15:14:35.674066+00:00
2015,392,Japan,M,Import,440,Unknown,3004,Medicines & Pharmaceuticals,518698.0,12.0,12.0,2026-05-11T15:01:51.280119,2026-05-11T15:14:35.674066+00:00
2015,392,Japan,M,Import,705,Unknown,3004,Medicines & Pharmaceuticals,8902733.0,26173.0,26173.0,2026-05-11T15:01:51.280122,2026-05-11T15:14:35.674066+00:00
2015,392,Japan,M,Import,300,Greece,3004,Medicines & Pharmaceuticals,2912134.0,12177.0,12177.0,2026-05-11T15:01:51.280125,2026-05-11T15:14:35.674066+00:00
2015,392,Japan,M,Import,642,Romania,3004,Medicines & Pharmaceuticals,6696931.0,15821.0,15821.0,2026-05-11T15:01:51.280128,2026-05-11T15:14:35.674066+00:00
2015,392,Japan,M,Import,372,Ireland,3004,Medicines & Pharmaceuticals,4570114944.0,306048.0,306048.0,2026-05-11T15:01:51.280131,2026-05-11T15:14:35.674066+00:00
2015,392,Japan,M,Import,579,Unknown,3004,Medicines & Pharmaceuticals,54803344.0,211355.0,211355.0,2026-05-11T15:01:51.280134,2026-05-11T15:14:35.674066+00:00
2015,392,Japan,M,Import,792,Turkey,3004,Medicines & Pharmaceuticals,12275395.0,124554.0,124554.0,2026-05-11T15:01:51.280137,2026-05-11T15:14:35.674066+00:00
2015,392,Japan,M,Import,246,Finland,3004,Medicines & Pharmaceuticals,71287487.0,92984.0,92984.0,2026-05-11T15:01:51.280142,2026-05-11T15:14:35.674066+00:00
2015,392,Japan,M,Import,76,Brazil,3004,Medicines & Pharmaceuticals,1271945.0,5239.0,5239.0,2026-05-11T15:01:51.280145,2026-05-11T15:14:35.674066+00:00
2015,392,Japan,M,Import,348,Unknown,3004,Medicines & Pharmaceuticals,376252.0,683.0,683.0,2026-05-11T15:01:51.280148,2026-05-11T15:14:35.674066+00:00
2015,392,Japan,M,Import,376,Israel,3004,Medicines & Pharmaceuticals,20521082.0,3271.0,3271.0,2026-05-11T15:01:51.280151,2026-05-11T15:14:35.674066+00:00
2015,392,Japan,M,Import,490,Unknown,3004,Medicines & Pharmaceuticals,36580009.0,1095553.0,1095553.0,2026-05-11T15:01:51.280154,2026-05-11T15:14:35.674066+00:00
2015,392,Japan,M,Import,276,Germany,3004,Medicines & Pharmaceuticals,2029790499.0,2899285.0,2899285.0,2026-05-11T15:01:51.280157,2026-05-11T15:14:35.674066+00:00
2015,392,Japan,M,Import,410,South Korea,3004,Medicines & Pharmaceuticals,152236045.0,2981857.0,2981857.0,2026-05-11T15:01:51.280160,2026-05-11T15:14:35.674066+00:00
2015,392,Japan,M,Import,156,China,3004,Medicines & Pharmaceuticals,89633360.0,8275796.0,8275796.0,2026-05-11T15:01:51.280371,2026-05-11T15:14:35.674066+00:00
2015,392,Japan,M,Import,0,World,3004,Medicines & Pharmaceuticals,17291220811.0,50886316.0,50886316.0,2026-05-11T15:01:51.280376,2026-05-11T15:14:35.674066+00:00
2015,392,Japan,M,Import,170,Colombia,3004,Medicines & Pharmaceuticals,109597.0,89.0,89.0,2026-05-11T15:01:51.280379,2026-05-11T15:14:35.674066+00:00
2015,392,Japan,M,Import,620,Portugal,3004,Medicines & Pharmaceuticals,13999.0,127.0,127.0,2026-05-11T15:01:51.280386,2026-05-11T15:14:35.674066+00:00
2015,392,Japan,M,Import,842,Unknown,3004,Medicines & Pharmaceuticals,2705490096.0,7029104.0,7029104.0,2026-05-11T15:01:51.280389,2026-05-11T15:14:35.674066+00:00
2016,392,Japan,X,Export,682,Saudi Arabia,3004,Medicines & Pharmaceuticals,8438128.0,43811.0,43811.0,2026-05-11T15:01:51.280392,2026-05-11T15:14:35.674066+00:00
2016,392,Japan,X,Export,792,Turkey,3004,Medicines & Pharmaceuticals,1845749.0,1604.0,1604.0,2026-05-11T15:01:51.280395,2026-05-11T15:14:35.674066+00:00
2016,392,Japan,X,Export,579,Unknown,3004,Medicines & Pharmaceuticals,22081.0,24.0,24.0,2026-05-11T15:01:51.280398,2026-05-11T15:14:35.674066+00:00
2016,392,Japan,X,Export,643,Russia,3004,Medicines & Pharmaceuticals,4655791.0,14718.0,14718.0,2026-05-11T15:01:51.280401,2026-05-11T15:14:35.674066+00:00
2016,392,Japan,X,Export,724,Spain,3004,Medicines & Pharmaceuticals,6360969.0,26624.0,26624.0,2026-05-11T15:01:51.280405,2026-05-11T15:14:35.674066+00:00
2016,392,Japan,X,Export,56,Belgium,3004,Medicines & Pharmaceuticals,2918458.0,3811.0,3811.0,2026-05-11T15:01:51.280411,2026-05-11T15:14:35.674066+00:00
2016,392,Japan,X,Export,76,Brazil,3004,Medicines & Pharmaceuticals,8033109.0,60561.0,60561.0,2026-05-11T15:01:51.280414,2026-05-11T15:14:35.674066+00:00
2016,392,Japan,X,Export,784,UAE,3004,Medicines & Pharmaceuticals,1536476.0,15038.0,15038.0,2026-05-11T15:01:51.280417,2026-05-11T15:14:35.674066+00:00
2016,392,Japan,X,Export,484,Mexico,3004,Medicines & Pharmaceuticals,12119562.0,14201.0,14201.0,2026-05-11T15:01:51.280422,2026-05-11T15:14:35.674066+00:00
2016,392,Japan,X,Export,124,Canada,3004,Medicines & Pharmaceuticals,5497901.0,18455.0,18455.0,2026-05-11T15:01:51.280425,2026-05-11T15:14:35.674066+00:00
2016,392,Japan,X,Export,528,Netherlands,3004,Medicines & Pharmaceuticals,79970800.0,91407.0,91407.0,2026-05-11T15:01:51.280428,2026-05-11T15:14:35.674066+00:00
2016,392,Japan,X,Export,380,Italy,3004,Medicines & Pharmaceuticals,57047812.0,52280.0,52280.0,2026-05-11T15:01:51.280431,2026-05-11T15:14:35.674066+00:00
2016,392,Japan,X,Export,251,Unknown,3004,Medicines & Pharmaceuticals,108394029.0,42267.0,42267.0,2026-05-11T15:01:51.280434,2026-05-11T15:14:35.674066+00:00
2016,392,Japan,X,Export,36,Australia,3004,Medicines & Pharmaceuticals,6746449.0,943780.0,943780.0,2026-05-11T15:01:51.280437,2026-05-11T15:14:35.674066+00:00
2016,392,Japan,X,Export,276,Germany,3004,Medicines & Pharmaceuticals,14656417.0,21533.0,21533.0,2026-05-11T15:01:51.280440,2026-05-11T15:14:35.674066+00:00
2016,392,Japan,X,Export,699,Unknown,3004,Medicines & Pharmaceuticals,9072383.0,50006.0,50006.0,2026-05-11T15:01:51.280443,2026-05-11T15:14:35.674066+00:00
2016,392,Japan,X,Export,862,Unknown,3004,Medicines & Pharmaceuticals,2136.0,7.0,7.0,2026-05-11T15:01:51.280446,2026-05-11T15:14:35.674066+00:00
2016,392,Japan,X,Export,50,Bangladesh,3004,Medicines & Pharmaceuticals,22744.0,40.0,40.0,2026-05-11T15:01:51.280449,2026-05-11T15:14:35.674066+00:00
2016,392,Japan,X,Export,608,Philippines,3004,Medicines & Pharmaceuticals,6589064.0,31713.0,31713.0,2026-05-11T15:01:51.280454,2026-05-11T15:14:35.674066+00:00
2016,392,Japan,X,Export,458,Malaysia,3004,Medicines & Pharmaceuticals,9302291.0,199561.0,199561.0,2026-05-11T15:01:51.280457,2026-05-11T15:14:35.674066+00:00
2016,392,Japan,X,Export,702,Unknown,3004,Medicines & Pharmaceuticals,10176289.0,136091.0,136091.0,2026-05-11T15:01:51.280459,2026-05-11T15:14:35.674066+00:00
2016,392,Japan,X,Export,360,Indonesia,3004,Medicines & Pharmaceuticals,11936606.0,51500.0,51500.0,2026-05-11T15:01:51.280462,2026-05-11T15:14:35.674066+00:00
2016,392,Japan,X,Export,704,Vietnam,3004,Medicines & Pharmaceuticals,22999563.0,396650.0,396650.0,2026-05-11T15:01:51.280465,2026-05-11T15:14:35.674066+00:00
2016,392,Japan,X,Export,764,Thailand,3004,Medicines & Pharmaceuticals,66948005.0,380361.0,380361.0,2026-05-11T15:01:51.280468,2026-05-11T15:14:35.674066+00:00
2016,392,Japan,X,Export,344,Unknown,3004,Medicines & Pharmaceuticals,120854927.0,4194634.0,4194634.0,2026-05-11T15:01:51.280471,2026-05-11T15:14:35.674066+00:00
2016,392,Japan,X,Export,262,Unknown,3004,Medicines & Pharmaceuticals,6998.0,6.0,6.0,2026-05-11T15:01:51.280474,2026-05-11T15:14:35.674066+00:00
2016,392,Japan,X,Export,410,South Korea,3004,Medicines & Pharmaceuticals,195137963.0,12561594.0,12561594.0,2026-05-11T15:01:51.280477,2026-05-11T15:14:35.674066+00:00
2016,392,Japan,X,Export,490,Unknown,3004,Medicines & Pharmaceuticals,139582908.0,1757654.0,1757654.0,2026-05-11T15:01:51.280481,2026-05-11T15:14:35.674066+00:00
2016,392,Japan,X,Export,100,Bulgaria,3004,Medicines & Pharmaceuticals,7735.0,2.0,2.0,2026-05-11T15:01:51.280487,2026-05-11T15:14:35.674066+00:00
2016,392,Japan,X,Export,156,China,3004,Medicines & Pharmaceuticals,392348739.0,2361551.0,2361551.0,2026-05-11T15:01:51.280490,2026-05-11T15:14:35.674066+00:00
2016,392,Japan,X,Export,591,Unknown,3004,Medicines & Pharmaceuticals,2302.0,3.0,3.0,2026-05-11T15:01:51.280493,2026-05-11T15:14:35.674066+00:00
2016,392,Japan,X,Export,705,Unknown,3004,Medicines & Pharmaceuticals,35589.0,3.0,3.0,2026-05-11T15:01:51.280496,2026-05-11T15:14:35.674066+00:00
2016,392,Japan,X,Export,40,Austria,3004,Medicines & Pharmaceuticals,25672.0,1.0,1.0,2026-05-11T15:01:51.280499,2026-05-11T15:14:35.674066+00:00
2016,392,Japan,X,Export,112,Unknown,3004,Medicines & Pharmaceuticals,4715.0,1.0,1.0,2026-05-11T15:01:51.280502,2026-05-11T15:14:35.674066+00:00
2016,392,Japan,M,Import,170,Colombia,3004,Medicines & Pharmaceuticals,208612.0,3.0,3.0,2026-05-11T15:01:51.280505,2026-05-11T15:14:35.674066+00:00
2016,392,Japan,M,Import,352,Unknown,3004,Medicines & Pharmaceuticals,423278.0,1483.0,1483.0,2026-05-11T15:01:51.280508,2026-05-11T15:14:35.674066+00:00
2016,392,Japan,M,Import,188,Unknown,3004,Medicines & Pharmaceuticals,5511.0,11.0,11.0,2026-05-11T15:01:51.280511,2026-05-11T15:14:35.674066+00:00
2016,392,Japan,M,Import,32,Argentina,3004,Medicines & Pharmaceuticals,282682.0,1634.0,1634.0,2026-05-11T15:01:51.280514,2026-05-11T15:14:35.674066+00:00
2016,392,Japan,M,Import,440,Unknown,3004,Medicines & Pharmaceuticals,11454.0,25.0,25.0,2026-05-11T15:01:51.280519,2026-05-11T15:14:35.674066+00:00
2016,392,Japan,M,Import,300,Greece,3004,Medicines & Pharmaceuticals,26776403.0,16075.0,16075.0,2026-05-11T15:01:51.280522,2026-05-11T15:14:35.674066+00:00
2016,392,Japan,M,Import,705,Unknown,3004,Medicines & Pharmaceuticals,10104884.0,26913.0,26913.0,2026-05-11T15:01:51.280525,2026-05-11T15:14:35.674066+00:00
2016,392,Japan,M,Import,372,Ireland,3004,Medicines & Pharmaceuticals,2568351234.0,238965.0,238965.0,2026-05-11T15:01:51.280528,2026-05-11T15:14:35.674066+00:00
2016,392,Japan,M,Import,579,Unknown,3004,Medicines & Pharmaceuticals,35561018.0,116427.0,116427.0,2026-05-11T15:01:51.280531,2026-05-11T15:14:35.674066+00:00
2016,392,Japan,M,Import,348,Unknown,3004,Medicines & Pharmaceuticals,2535621.0,12243.0,12243.0,2026-05-11T15:01:51.280534,2026-05-11T15:14:35.674066+00:00
2016,392,Japan,M,Import,376,Israel,3004,Medicines & Pharmaceuticals,17774050.0,2696.0,2696.0,2026-05-11T15:01:51.280537,2026-05-11T15:14:35.674066+00:00
2016,392,Japan,M,Import,554,New Zealand,3004,Medicines & Pharmaceuticals,7029198.0,64409.0,64409.0,2026-05-11T15:01:51.280539,2026-05-11T15:14:35.674066+00:00
2016,392,Japan,M,Import,344,Unknown,3004,Medicines & Pharmaceuticals,45559.0,25.0,25.0,2026-05-11T15:01:51.280542,2026-05-11T15:14:35.674066+00:00
2016,392,Japan,M,Import,203,Czech Republic,3004,Medicines & Pharmaceuticals,10375882.0,395841.0,395841.0,2026-05-11T15:01:51.280545,2026-05-11T15:14:35.674066+00:00
2016,392,Japan,M,Import,616,Poland,3004,Medicines & Pharmaceuticals,1079420.0,9479.0,9479.0,2026-05-11T15:01:51.280550,2026-05-11T15:14:35.674066+00:00
2016,392,Japan,M,Import,246,Finland,3004,Medicines & Pharmaceuticals,79445145.0,94879.0,94879.0,2026-05-11T15:01:51.280553,2026-05-11T15:14:35.674066+00:00
2016,392,Japan,M,Import,76,Brazil,3004,Medicines & Pharmaceuticals,2899761.0,7986.0,7986.0,2026-05-11T15:01:51.280556,2026-05-11T15:14:35.674066+00:00
2016,392,Japan,M,Import,792,Turkey,3004,Medicines & Pharmaceuticals,12912018.0,122905.0,122905.0,2026-05-11T15:01:51.280559,2026-05-11T15:14:35.674066+00:00
2016,392,Japan,M,Import,208,Denmark,3004,Medicines & Pharmaceuticals,491937020.0,503943.0,503943.0,2026-05-11T15:01:51.280562,2026-05-11T15:14:35.674066+00:00
2016,392,Japan,M,Import,702,Unknown,3004,Medicines & Pharmaceuticals,1461176139.0,10599479.0,10599479.0,2026-05-11T15:01:51.280565,2026-05-11T15:14:35.674066+00:00
2016,392,Japan,M,Import,484,Mexico,3004,Medicines & Pharmaceuticals,2819490.0,108980.0,108980.0,2026-05-11T15:01:51.280568,2026-05-11T15:14:35.674066+00:00
2016,392,Japan,M,Import,40,Austria,3004,Medicines & Pharmaceuticals,80986373.0,142301.0,142301.0,2026-05-11T15:01:51.280571,2026-05-11T15:14:35.674066+00:00
2016,392,Japan,M,Import,752,Sweden,3004,Medicines & Pharmaceuticals,620666043.0,701726.0,701726.0,2026-05-11T15:01:51.280575,2026-05-11T15:14:35.674066+00:00
2016,392,Japan,M,Import,36,Australia,3004,Medicines & Pharmaceuticals,103047072.0,871988.0,871988.0,2026-05-11T15:01:51.280578,2026-05-11T15:14:35.674066+00:00
2016,392,Japan,X,Export,348,Unknown,3004,Medicines & Pharmaceuticals,8370.0,77.0,77.0,2026-05-11T15:01:51.280583,2026-05-11T15:14:35.674066+00:00
2016,392,Japan,X,Export,826,United Kingdom,3004,Medicines & Pharmaceuticals,58602870.0,38543.0,38543.0,2026-05-11T15:01:51.280586,2026-05-11T15:14:35.674066+00:00
2016,392,Japan,X,Export,842,Unknown,3004,Medicines & Pharmaceuticals,1327305691.0,703943.0,703943.0,2026-05-11T15:01:51.280589,2026-05-11T15:14:35.674066+00:00
2016,392,Japan,X,Export,0,World,3004,Medicines & Pharmaceuticals,2780102183.0,25030631.0,25030631.0,2026-05-11T15:01:51.280592,2026-05-11T15:14:35.674066+00:00
2016,392,Japan,X,Export,268,Unknown,3004,Medicines & Pharmaceuticals,85764.0,333.0,333.0,2026-05-11T15:01:51.280595,2026-05-11T15:14:35.674066+00:00
2016,392,Japan,X,Export,324,Unknown,3004,Medicines & Pharmaceuticals,307284.0,480.0,480.0,2026-05-11T15:01:51.280598,2026-05-11T15:14:35.674066+00:00
2016,392,Japan,X,Export,434,Unknown,3004,Medicines & Pharmaceuticals,27643.0,2701.0,2701.0,2026-05-11T15:01:51.280601,2026-05-11T15:14:35.674066+00:00
2016,392,Japan,X,Export,688,Unknown,3004,Medicines & Pharmaceuticals,332524.0,220.0,220.0,2026-05-11T15:01:51.280604,2026-05-11T15:14:35.674066+00:00
2016,392,Japan,X,Export,729,Unknown,3004,Medicines & Pharmaceuticals,506907.0,1781.0,1781.0,2026-05-11T15:01:51.280607,2026-05-11T15:14:35.674066+00:00
2016,392,Japan,X,Export,887,Yemen,3004,Medicines & Pharmaceuticals,525995.0,4416.0,4416.0,2026-05-11T15:01:51.280610,2026-05-11T15:14:35.674066+00:00
2016,392,Japan,X,Export,196,Cyprus,3004,Medicines & Pharmaceuticals,465443.0,1172.0,1172.0,2026-05-11T15:01:51.280615,2026-05-11T15:14:35.674066+00:00
2016,392,Japan,X,Export,860,Unknown,3004,Medicines & Pharmaceuticals,1946449.0,9040.0,9040.0,2026-05-11T15:01:51.280620,2026-05-11T15:14:35.674066+00:00
2016,392,Japan,X,Export,398,Kazakhstan,3004,Medicines & Pharmaceuticals,63674.0,210.0,210.0,2026-05-11T15:01:51.280622,2026-05-11T15:14:35.674066+00:00
2016,392,Japan,X,Export,480,Unknown,3004,Medicines & Pharmaceuticals,13996.0,495.0,495.0,2026-05-11T15:01:51.280625,2026-05-11T15:14:35.674066+00:00
2016,392,Japan,X,Export,320,Unknown,3004,Medicines & Pharmaceuticals,201704.0,1290.0,1290.0,2026-05-11T15:01:51.280628,2026-05-11T15:14:35.674066+00:00
2016,392,Japan,X,Export,222,Unknown,3004,Medicines & Pharmaceuticals,45801.0,291.0,291.0,2026-05-11T15:01:51.280631,2026-05-11T15:14:35.674066+00:00
2016,392,Japan,X,Export,440,Unknown,3004,Medicines & Pharmaceuticals,17284.0,33.0,33.0,2026-05-11T15:01:51.280634,2026-05-11T15:14:35.674066+00:00
2016,392,Japan,X,Export,858,Unknown,3004,Medicines & Pharmaceuticals,1089542.0,3308.0,3308.0,2026-05-11T15:01:51.280637,2026-05-11T15:14:35.674066+00:00
2016,392,Japan,X,Export,214,Unknown,3004,Medicines & Pharmaceuticals,259144.0,2143.0,2143.0,2026-05-11T15:01:51.280640,2026-05-11T15:14:35.674066+00:00
2016,392,Japan,X,Export,188,Unknown,3004,Medicines & Pharmaceuticals,14540.0,289.0,289.0,2026-05-11T15:01:51.280643,2026-05-11T15:14:35.674066+00:00
2016,392,Japan,X,Export,804,Ukraine,3004,Medicines & Pharmaceuticals,68361.0,817.0,817.0,2026-05-11T15:01:51.280648,2026-05-11T15:14:35.674066+00:00
2016,392,Japan,X,Export,300,Greece,3004,Medicines & Pharmaceuticals,30451.0,990.0,990.0,2026-05-11T15:01:51.280651,2026-05-11T15:14:35.674066+00:00
2016,392,Japan,X,Export,400,Jordan,3004,Medicines & Pharmaceuticals,6929479.0,23137.0,23137.0,2026-05-11T15:01:51.280654,2026-05-11T15:14:35.674066+00:00
2016,392,Japan,X,Export,418,Unknown,3004,Medicines & Pharmaceuticals,14825.0,1050.0,1050.0,2026-05-11T15:01:51.280657,2026-05-11T15:14:35.674066+00:00
2016,392,Japan,X,Export,512,Unknown,3004,Medicines & Pharmaceuticals,58177.0,2182.0,2182.0,2026-05-11T15:01:51.280659,2026-05-11T15:14:35.674066+00:00
2016,392,Japan,X,Export,496,Unknown,3004,Medicines & Pharmaceuticals,285617.0,9658.0,9658.0,2026-05-11T15:01:51.280662,2026-05-11T15:14:35.674066+00:00
2016,392,Japan,X,Export,372,Ireland,3004,Medicines & Pharmaceuticals,27941368.0,200958.0,200958.0,2026-05-11T15:01:51.280665,2026-05-11T15:14:35.674066+00:00
2016,392,Japan,X,Export,48,Unknown,3004,Medicines & Pharmaceuticals,124807.0,669.0,669.0,2026-05-11T15:01:51.280668,2026-05-11T15:14:35.674066+00:00
2016,392,Japan,X,Export,604,Peru,3004,Medicines & Pharmaceuticals,2072.0,117.0,117.0,2026-05-11T15:01:51.280671,2026-05-11T15:14:35.674066+00:00
2016,392,Japan,X,Export,170,Colombia,3004,Medicines & Pharmaceuticals,793344.0,2594.0,2594.0,2026-05-11T15:01:51.280674,2026-05-11T15:14:35.674066+00:00
2016,392,Japan,X,Export,364,Iran,3004,Medicines & Pharmaceuticals,188122.0,276.0,276.0,2026-05-11T15:01:51.280679,2026-05-11T15:14:35.674066+00:00
2016,392,Japan,X,Export,246,Finland,3004,Medicines & Pharmaceuticals,5785305.0,4864.0,4864.0,2026-05-11T15:01:51.280682,2026-05-11T15:14:35.674066+00:00
2016,392,Japan,X,Export,634,Qatar,3004,Medicines & Pharmaceuticals,241032.0,775.0,775.0,2026-05-11T15:01:51.280685,2026-05-11T15:14:35.674066+00:00
2016,392,Japan,X,Export,208,Denmark,3004,Medicines & Pharmaceuticals,2410382.0,769.0,769.0,2026-05-11T15:01:51.280688,2026-05-11T15:14:35.674066+00:00
2016,392,Japan,X,Export,446,Unknown,3004,Medicines & Pharmaceuticals,1305058.0,50818.0,50818.0,2026-05-11T15:01:51.280691,2026-05-11T15:14:35.674066+00:00
2016,392,Japan,X,Export,414,Kuwait,3004,Medicines & Pharmaceuticals,892635.0,4124.0,4124.0,2026-05-11T15:01:51.280694,2026-05-11T15:14:35.674066+00:00
2016,392,Japan,X,Export,620,Portugal,3004,Medicines & Pharmaceuticals,121713.0,163.0,163.0,2026-05-11T15:01:51.280696,2026-05-11T15:14:35.674066+00:00
2016,392,Japan,X,Export,152,Chile,3004,Medicines & Pharmaceuticals,576493.0,2592.0,2592.0,2026-05-11T15:01:51.280699,2026-05-11T15:14:35.674066+00:00
2016,392,Japan,X,Export,818,Egypt,3004,Medicines & Pharmaceuticals,371133.0,386.0,386.0,2026-05-11T15:01:51.280702,2026-05-11T15:14:35.674066+00:00
2016,392,Japan,X,Export,32,Argentina,3004,Medicines & Pharmaceuticals,224107.0,298.0,298.0,2026-05-11T15:01:51.280705,2026-05-11T15:14:35.674066+00:00
2016,392,Japan,X,Export,376,Israel,3004,Medicines & Pharmaceuticals,559983.0,888.0,888.0,2026-05-11T15:01:51.280710,2026-05-11T15:14:35.674066+00:00
2016,392,Japan,X,Export,752,Sweden,3004,Medicines & Pharmaceuticals,363205.0,349.0,349.0,2026-05-11T15:01:51.280713,2026-05-11T15:14:35.674066+00:00
2016,392,Japan,X,Export,203,Czech Republic,3004,Medicines & Pharmaceuticals,1935841.0,4041.0,4041.0,2026-05-11T15:01:51.280716,2026-05-11T15:14:35.674066+00:00
2016,392,Japan,X,Export,116,Cambodia,3004,Medicines & Pharmaceuticals,120599.0,3018.0,3018.0,2026-05-11T15:01:51.280719,2026-05-11T15:14:35.674066+00:00
2016,392,Japan,X,Export,144,Sri Lanka,3004,Medicines & Pharmaceuticals,313923.0,13118.0,13118.0,2026-05-11T15:01:51.280722,2026-05-11T15:14:35.674066+00:00
2016,392,Japan,X,Export,616,Poland,3004,Medicines & Pharmaceuticals,5550157.0,3802.0,3802.0,2026-05-11T15:01:51.280738,2026-05-11T15:14:35.674066+00:00
2016,392,Japan,X,Export,710,South Africa,3004,Medicines & Pharmaceuticals,523988.0,12740.0,12740.0,2026-05-11T15:01:51.280741,2026-05-11T15:14:35.674066+00:00
2016,392,Japan,X,Export,586,Pakistan,3004,Medicines & Pharmaceuticals,711244.0,5379.0,5379.0,2026-05-11T15:01:51.280744,2026-05-11T15:14:35.674066+00:00
2016,392,Japan,X,Export,757,Unknown,3004,Medicines & Pharmaceuticals,25563960.0,50991.0,50991.0,2026-05-11T15:01:51.280747,2026-05-11T15:14:35.674066+00:00
2016,392,Japan,X,Export,554,New Zealand,3004,Medicines & Pharmaceuticals,756097.0,382812.0,382812.0,2026-05-11T15:01:51.280753,2026-05-11T15:14:35.674066+00:00
2016,392,Japan,X,Export,104,Unknown,3004,Medicines & Pharmaceuticals,217717.0,3999.0,3999.0,2026-05-11T15:01:51.280758,2026-05-11T15:14:35.674066+00:00
2017,392,Japan,M,Import,579,Unknown,3004,Medicines & Pharmaceuticals,34683360.08,110520.0,110520.0,2026-05-11T15:01:51.280761,2026-05-11T15:14:35.674066+00:00
2017,392,Japan,M,Import,757,Unknown,3004,Medicines & Pharmaceuticals,1283274045.25,481285.0,481285.0,2026-05-11T15:01:51.280764,2026-05-11T15:14:35.674066+00:00
2017,392,Japan,M,Import,699,Unknown,3004,Medicines & Pharmaceuticals,54654832.33,388439.0,388439.0,2026-05-11T15:01:51.280766,2026-05-11T15:14:35.674066+00:00
2017,392,Japan,M,Import,251,Unknown,3004,Medicines & Pharmaceuticals,1462683141.27,2464098.0,2464098.0,2026-05-11T15:01:51.280769,2026-05-11T15:14:35.674066+00:00
2017,392,Japan,M,Import,490,Unknown,3004,Medicines & Pharmaceuticals,51227895.01,1048308.0,1048308.0,2026-05-11T15:01:51.280772,2026-05-11T15:14:35.674066+00:00
2017,392,Japan,M,Import,842,Unknown,3004,Medicines & Pharmaceuticals,2470718461.39,6871526.0,6871526.0,2026-05-11T15:01:51.280775,2026-05-11T15:14:35.674066+00:00
2017,392,Japan,M,Import,764,Thailand,3004,Medicines & Pharmaceuticals,31837803.19,4851576.0,4851576.0,2026-05-11T15:01:51.280778,2026-05-11T15:14:35.674066+00:00
2017,392,Japan,M,Import,380,Italy,3004,Medicines & Pharmaceuticals,773325305.56,1250278.0,1250278.0,2026-05-11T15:01:51.280781,2026-05-11T15:14:35.674066+00:00
2017,392,Japan,M,Import,704,Vietnam,3004,Medicines & Pharmaceuticals,16539578.82,793573.0,793573.0,2026-05-11T15:01:51.280784,2026-05-11T15:14:35.674066+00:00
2017,392,Japan,M,Import,246,Finland,3004,Medicines & Pharmaceuticals,72379884.55,60235.0,60235.0,2026-05-11T15:01:51.280789,2026-05-11T15:14:35.674066+00:00
2017,392,Japan,M,Import,705,Unknown,3004,Medicines & Pharmaceuticals,15286190.64,30817.0,30817.0,2026-05-11T15:01:51.280792,2026-05-11T15:14:35.674066+00:00
2017,392,Japan,M,Import,56,Belgium,3004,Medicines & Pharmaceuticals,587503740.83,804823.0,804823.0,2026-05-11T15:01:51.280795,2026-05-11T15:14:35.674066+00:00
2017,392,Japan,M,Import,352,Unknown,3004,Medicines & Pharmaceuticals,186415.76,105.0,105.0,2026-05-11T15:01:51.280798,2026-05-11T15:14:35.674066+00:00
2017,392,Japan,M,Import,752,Sweden,3004,Medicines & Pharmaceuticals,648109312.32,746699.0,746699.0,2026-05-11T15:01:51.280801,2026-05-11T15:14:35.674066+00:00
2017,392,Japan,M,Import,348,Unknown,3004,Medicines & Pharmaceuticals,2945383.32,9987.0,9987.0,2026-05-11T15:01:51.280804,2026-05-11T15:14:35.674066+00:00
2017,392,Japan,M,Import,702,Unknown,3004,Medicines & Pharmaceuticals,962361675.34,10320097.0,10320097.0,2026-05-11T15:01:51.280807,2026-05-11T15:14:35.674066+00:00
2017,392,Japan,M,Import,32,Argentina,3004,Medicines & Pharmaceuticals,160128.76,1003.0,1003.0,2026-05-11T15:01:51.280810,2026-05-11T15:14:35.674066+00:00
2017,392,Japan,M,Import,124,Canada,3004,Medicines & Pharmaceuticals,369319363.79,103880.0,103880.0,2026-05-11T15:01:51.280813,2026-05-11T15:14:35.674066+00:00
2017,392,Japan,M,Import,642,Romania,3004,Medicines & Pharmaceuticals,9004720.16,24875.0,24875.0,2026-05-11T15:01:51.280816,2026-05-11T15:14:35.674066+00:00
2017,392,Japan,M,Import,528,Netherlands,3004,Medicines & Pharmaceuticals,89624595.05,150374.0,150374.0,2026-05-11T15:01:51.280820,2026-05-11T15:14:35.674066+00:00
2017,392,Japan,M,Import,724,Spain,3004,Medicines & Pharmaceuticals,329082475.51,837512.0,837512.0,2026-05-11T15:01:51.280823,2026-05-11T15:14:35.674066+00:00
2017,392,Japan,M,Import,300,Greece,3004,Medicines & Pharmaceuticals,13467707.68,13883.0,13883.0,2026-05-11T15:01:51.280826,2026-05-11T15:14:35.674066+00:00
2017,392,Japan,M,Import,643,Russia,3004,Medicines & Pharmaceuticals,495513.12,193.0,193.0,2026-05-11T15:01:51.280829,2026-05-11T15:14:35.674066+00:00
2017,392,Japan,M,Import,458,Malaysia,3004,Medicines & Pharmaceuticals,502287.66,88089.0,88089.0,2026-05-11T15:01:51.280832,2026-05-11T15:14:35.674066+00:00
2017,392,Japan,M,Import,372,Ireland,3004,Medicines & Pharmaceuticals,900674343.32,283499.0,283499.0,2026-05-11T15:01:51.280837,2026-05-11T15:14:35.674066+00:00
2017,392,Japan,M,Import,40,Austria,3004,Medicines & Pharmaceuticals,72230158.27,170576.0,170576.0,2026-05-11T15:01:51.280840,2026-05-11T15:14:35.674066+00:00
2017,392,Japan,M,Import,792,Turkey,3004,Medicines & Pharmaceuticals,16920049.53,110464.0,110464.0,2026-05-11T15:01:51.280843,2026-05-11T15:14:35.674066+00:00
2017,392,Japan,M,Import,554,New Zealand,3004,Medicines & Pharmaceuticals,6428968.29,83303.0,83303.0,2026-05-11T15:01:51.280845,2026-05-11T15:14:35.674066+00:00
2017,392,Japan,M,Import,36,Australia,3004,Medicines & Pharmaceuticals,81587359.6,778888.0,778888.0,2026-05-11T15:01:51.280848,2026-05-11T15:14:35.674066+00:00
2017,392,Japan,M,Import,76,Brazil,3004,Medicines & Pharmaceuticals,8500943.89,13831.0,13831.0,2026-05-11T15:01:51.280855,2026-05-11T15:14:35.674066+00:00
2017,392,Japan,M,Import,203,Czech Republic,3004,Medicines & Pharmaceuticals,9925407.05,392939.0,392939.0,2026-05-11T15:01:51.280858,2026-05-11T15:14:35.674066+00:00
2017,392,Japan,M,Import,703,Unknown,3004,Medicines & Pharmaceuticals,237447.67,304.0,304.0,2026-05-11T15:01:51.280861,2026-05-11T15:14:35.674066+00:00
2017,392,Japan,M,Import,376,Israel,3004,Medicines & Pharmaceuticals,13960207.91,1718.0,1718.0,2026-05-11T15:01:51.280864,2026-05-11T15:14:35.674066+00:00
2017,392,Japan,M,Import,608,Philippines,3004,Medicines & Pharmaceuticals,365174.51,112936.0,112936.0,2026-05-11T15:01:51.280867,2026-05-11T15:14:35.674066+00:00
2017,392,Japan,M,Import,620,Portugal,3004,Medicines & Pharmaceuticals,787959.37,3251.0,3251.0,2026-05-11T15:01:51.280870,2026-05-11T15:14:35.674066+00:00
2017,392,Japan,M,Import,360,Indonesia,3004,Medicines & Pharmaceuticals,65025496.1,675198.0,675198.0,2026-05-11T15:01:51.280872,2026-05-11T15:14:35.674066+00:00
2017,392,Japan,M,Import,188,Unknown,3004,Medicines & Pharmaceuticals,5161.13,6.0,6.0,2026-05-11T15:01:51.280875,2026-05-11T15:14:35.674066+00:00
2017,392,Japan,M,Import,208,Denmark,3004,Medicines & Pharmaceuticals,492214996.44,544738.0,544738.0,2026-05-11T15:01:51.280878,2026-05-11T15:14:35.674066+00:00
2017,392,Japan,M,Import,440,Unknown,3004,Medicines & Pharmaceuticals,3565.55,12.0,12.0,2026-05-11T15:01:51.280882,2026-05-11T15:14:35.674066+00:00
2017,392,Japan,M,Import,484,Mexico,3004,Medicines & Pharmaceuticals,3709872.47,91653.0,91653.0,2026-05-11T15:01:51.280887,2026-05-11T15:14:35.674066+00:00
2017,392,Japan,M,Import,616,Poland,3004,Medicines & Pharmaceuticals,17943442.03,20837.0,20837.0,2026-05-11T15:01:51.280889,2026-05-11T15:14:35.674066+00:00
2017,392,Japan,M,Import,344,Unknown,3004,Medicines & Pharmaceuticals,23728.72,14.0,14.0,2026-05-11T15:01:51.280892,2026-05-11T15:14:35.674066+00:00
2017,392,Japan,M,Import,410,South Korea,3004,Medicines & Pharmaceuticals,176244199.74,2388753.0,2388753.0,2026-05-11T15:01:51.280895,2026-05-11T15:14:35.674066+00:00
2017,392,Japan,M,Import,276,Germany,3004,Medicines & Pharmaceuticals,2332277235.56,2949130.0,2949130.0,2026-05-11T15:01:51.280898,2026-05-11T15:14:35.674066+00:00
2017,392,Japan,M,Import,156,China,3004,Medicines & Pharmaceuticals,85875474.82,9537473.0,9537473.0,2026-05-11T15:01:51.280901,2026-05-11T15:14:35.674066+00:00
2017,392,Japan,M,Import,0,World,3004,Medicines & Pharmaceuticals,14815930277.6,51020987.663,51020987.663,2026-05-11T15:01:51.280904,2026-05-11T15:14:35.674066+00:00
2017,392,Japan,M,Import,170,Colombia,3004,Medicines & Pharmaceuticals,43392.72,125.102,125.102,2026-05-11T15:01:51.280907,2026-05-11T15:14:35.674066+00:00
2017,392,Japan,M,Import,826,United Kingdom,3004,Medicines & Pharmaceuticals,1251239878.42,1408968.086,1408968.086,2026-05-11T15:01:51.280910,2026-05-11T15:14:35.674066+00:00
2017,392,Japan,M,Import,804,Ukraine,3004,Medicines & Pharmaceuticals,289317.48,73.431,73.431,2026-05-11T15:01:51.280913,2026-05-11T15:14:35.674066+00:00
2017,392,Japan,M,Import,100,Bulgaria,3004,Medicines & Pharmaceuticals,37928.52,109.348,109.348,2026-05-11T15:01:51.280918,2026-05-11T15:14:35.674066+00:00
2017,392,Japan,M,Import,470,Unknown,3004,Medicines & Pharmaceuticals,4751.09,13.697,13.697,2026-05-11T15:01:51.280923,2026-05-11T15:14:35.674066+00:00
2017,392,Japan,X,Export,0,World,3004,Medicines & Pharmaceuticals,3032051259.88,28490522.434,28490522.434,2026-05-11T15:01:51.280926,2026-05-11T15:14:35.674066+00:00
2017,392,Japan,X,Export,702,Unknown,3004,Medicines & Pharmaceuticals,12557683.13,126780.973,126780.973,2026-05-11T15:01:51.280929,2026-05-11T15:14:35.674066+00:00
2017,392,Japan,X,Export,579,Unknown,3004,Medicines & Pharmaceuticals,3843.51,33.293,33.293,2026-05-11T15:01:51.280932,2026-05-11T15:14:35.674066+00:00
2017,392,Japan,X,Export,56,Belgium,3004,Medicines & Pharmaceuticals,2637172.05,7299.417,7299.417,2026-05-11T15:01:51.280935,2026-05-11T15:14:35.674066+00:00
2017,392,Japan,X,Export,36,Australia,3004,Medicines & Pharmaceuticals,4778522.75,62195.41,62195.41,2026-05-11T15:01:51.280938,2026-05-11T15:14:35.674066+00:00
2017,392,Japan,X,Export,699,Unknown,3004,Medicines & Pharmaceuticals,2836463.69,12911.052,12911.052,2026-05-11T15:01:51.280941,2026-05-11T15:14:35.674066+00:00
2017,392,Japan,X,Export,191,Croatia,3004,Medicines & Pharmaceuticals,3504.64,1.288,1.288,2026-05-11T15:01:51.280944,2026-05-11T15:14:35.674066+00:00
2017,392,Japan,X,Export,422,Lebanon,3004,Medicines & Pharmaceuticals,19850.69,311.0,311.0,2026-05-11T15:01:51.280947,2026-05-11T15:14:35.674066+00:00
2017,392,Japan,X,Export,152,Chile,3004,Medicines & Pharmaceuticals,691742.11,2650.0,2650.0,2026-05-11T15:01:51.280952,2026-05-11T15:14:35.674066+00:00
2017,392,Japan,X,Export,796,Unknown,3004,Medicines & Pharmaceuticals,3254.94,8.0,8.0,2026-05-11T15:01:51.280955,2026-05-11T15:14:35.674066+00:00
2017,392,Japan,X,Export,586,Pakistan,3004,Medicines & Pharmaceuticals,1401667.31,6991.0,6991.0,2026-05-11T15:01:51.280958,2026-05-11T15:14:35.674066+00:00
2017,392,Japan,X,Export,858,Unknown,3004,Medicines & Pharmaceuticals,580967.06,1660.0,1660.0,2026-05-11T15:01:51.280961,2026-05-11T15:14:35.674066+00:00
2017,392,Japan,X,Export,446,Unknown,3004,Medicines & Pharmaceuticals,1418753.53,59603.0,59603.0,2026-05-11T15:01:51.280964,2026-05-11T15:14:35.674066+00:00
2017,392,Japan,X,Export,51,Unknown,3004,Medicines & Pharmaceuticals,11976.4,165.0,165.0,2026-05-11T15:01:51.280967,2026-05-11T15:14:35.674066+00:00
2017,392,Japan,X,Export,418,Unknown,3004,Medicines & Pharmaceuticals,45123.31,350.0,350.0,2026-05-11T15:01:51.280970,2026-05-11T15:14:35.674066+00:00
2017,392,Japan,X,Export,784,UAE,3004,Medicines & Pharmaceuticals,4334388.11,22367.0,22367.0,2026-05-11T15:01:51.280973,2026-05-11T15:14:35.674066+00:00
2017,392,Japan,X,Export,616,Poland,3004,Medicines & Pharmaceuticals,2724181.56,30258.0,30258.0,2026-05-11T15:01:51.280976,2026-05-11T15:14:35.674066+00:00
2017,392,Japan,X,Export,192,Unknown,3004,Medicines & Pharmaceuticals,63903.88,99.0,99.0,2026-05-11T15:01:51.280979,2026-05-11T15:14:35.674066+00:00
2017,392,Japan,X,Export,246,Finland,3004,Medicines & Pharmaceuticals,4668398.69,7928.0,7928.0,2026-05-11T15:01:51.280984,2026-05-11T15:14:35.674066+00:00
2017,392,Japan,X,Export,348,Unknown,3004,Medicines & Pharmaceuticals,10968.71,23.0,23.0,2026-05-11T15:01:51.280987,2026-05-11T15:14:35.674066+00:00
2017,392,Japan,X,Export,196,Cyprus,3004,Medicines & Pharmaceuticals,554874.02,1383.0,1383.0,2026-05-11T15:01:51.280990,2026-05-11T15:14:35.674066+00:00
2017,392,Japan,X,Export,484,Mexico,3004,Medicines & Pharmaceuticals,8196987.95,18644.0,18644.0,2026-05-11T15:01:51.280993,2026-05-11T15:14:35.674066+00:00
2017,392,Japan,X,Export,398,Kazakhstan,3004,Medicines & Pharmaceuticals,195225.19,630.0,630.0,2026-05-11T15:01:51.280996,2026-05-11T15:14:35.674066+00:00
2017,392,Japan,X,Export,887,Yemen,3004,Medicines & Pharmaceuticals,1159990.08,9234.0,9234.0,2026-05-11T15:01:51.280999,2026-05-11T15:14:35.674066+00:00
2017,392,Japan,X,Export,170,Colombia,3004,Medicines & Pharmaceuticals,382032.13,1290.0,1290.0,2026-05-11T15:01:51.281002,2026-05-11T15:14:35.674066+00:00
2017,392,Japan,X,Export,710,South Africa,3004,Medicines & Pharmaceuticals,987932.94,62088.0,62088.0,2026-05-11T15:01:51.281004,2026-05-11T15:14:35.674066+00:00
2017,392,Japan,X,Export,752,Sweden,3004,Medicines & Pharmaceuticals,1366710.12,392.0,392.0,2026-05-11T15:01:51.281007,2026-05-11T15:14:35.674066+00:00
2017,392,Japan,X,Export,724,Spain,3004,Medicines & Pharmaceuticals,6957113.56,24119.0,24119.0,2026-05-11T15:01:51.281010,2026-05-11T15:14:35.674066+00:00
2017,392,Japan,X,Export,400,Jordan,3004,Medicines & Pharmaceuticals,7249683.83,50728.0,50728.0,2026-05-11T15:01:51.281015,2026-05-11T15:14:35.674066+00:00
2017,392,Japan,X,Export,40,Austria,3004,Medicines & Pharmaceuticals,15418.62,1.0,1.0,2026-05-11T15:01:51.281018,2026-05-11T15:14:35.674066+00:00
2017,392,Japan,X,Export,682,Saudi Arabia,3004,Medicines & Pharmaceuticals,7512397.8,59495.0,59495.0,2026-05-11T15:01:51.281021,2026-05-11T15:14:35.674066+00:00
2017,392,Japan,X,Export,376,Israel,3004,Medicines & Pharmaceuticals,1726679.98,1936.0,1936.0,2026-05-11T15:01:51.281024,2026-05-11T15:14:35.674066+00:00
2017,392,Japan,X,Export,705,Unknown,3004,Medicines & Pharmaceuticals,25031.84,5.0,5.0,2026-05-11T15:01:51.281027,2026-05-11T15:14:35.674066+00:00
2017,392,Japan,X,Export,804,Ukraine,3004,Medicines & Pharmaceuticals,1299872.34,7389.0,7389.0,2026-05-11T15:01:51.281030,2026-05-11T15:14:35.674066+00:00
2017,392,Japan,X,Export,512,Unknown,3004,Medicines & Pharmaceuticals,77235.77,3267.0,3267.0,2026-05-11T15:01:51.281033,2026-05-11T15:14:35.674066+00:00
2017,392,Japan,X,Export,48,Unknown,3004,Medicines & Pharmaceuticals,238119.09,1460.0,1460.0,2026-05-11T15:01:51.281036,2026-05-11T15:14:35.674066+00:00
2017,392,Japan,X,Export,116,Cambodia,3004,Medicines & Pharmaceuticals,219499.04,5316.0,5316.0,2026-05-11T15:01:51.281039,2026-05-11T15:14:35.674066+00:00
2017,392,Japan,X,Export,414,Kuwait,3004,Medicines & Pharmaceuticals,427851.01,3281.0,3281.0,2026-05-11T15:01:51.281044,2026-05-11T15:14:35.674066+00:00
2017,392,Japan,X,Export,32,Argentina,3004,Medicines & Pharmaceuticals,337827.34,399.0,399.0,2026-05-11T15:01:51.281049,2026-05-11T15:14:35.674066+00:00
2017,392,Japan,X,Export,268,Unknown,3004,Medicines & Pharmaceuticals,36526.69,150.0,150.0,2026-05-11T15:01:51.281052,2026-05-11T15:14:35.674066+00:00
2017,392,Japan,X,Export,643,Russia,3004,Medicines & Pharmaceuticals,7828599.83,30435.0,30435.0,2026-05-11T15:01:51.281055,2026-05-11T15:14:35.674066+00:00
2017,392,Japan,X,Export,352,Unknown,3004,Medicines & Pharmaceuticals,5814.31,2.0,2.0,2026-05-11T15:01:51.281057,2026-05-11T15:14:35.674066+00:00
2017,392,Japan,X,Export,208,Denmark,3004,Medicines & Pharmaceuticals,2363.18,1.0,1.0,2026-05-11T15:01:51.281060,2026-05-11T15:14:35.674066+00:00
2017,392,Japan,X,Export,380,Italy,3004,Medicines & Pharmaceuticals,34787039.24,79190.0,79190.0,2026-05-11T15:01:51.281063,2026-05-11T15:14:35.674066+00:00
2017,392,Japan,X,Export,104,Unknown,3004,Medicines & Pharmaceuticals,636791.55,13596.0,13596.0,2026-05-11T15:01:51.281066,2026-05-11T15:14:35.674066+00:00
2017,392,Japan,X,Export,634,Qatar,3004,Medicines & Pharmaceuticals,207157.01,907.0,907.0,2026-05-11T15:01:51.281069,2026-05-11T15:14:35.674066+00:00
2017,392,Japan,X,Export,528,Netherlands,3004,Medicines & Pharmaceuticals,65543773.31,94910.0,94910.0,2026-05-11T15:01:51.281072,2026-05-11T15:14:35.674066+00:00
2017,392,Japan,X,Export,826,United Kingdom,3004,Medicines & Pharmaceuticals,176165375.61,71287.0,71287.0,2026-05-11T15:01:51.281075,2026-05-11T15:14:35.674066+00:00
2017,392,Japan,X,Export,214,Unknown,3004,Medicines & Pharmaceuticals,367888.73,3351.0,3351.0,2026-05-11T15:01:51.281080,2026-05-11T15:14:35.674066+00:00
2017,392,Japan,X,Export,144,Sri Lanka,3004,Medicines & Pharmaceuticals,157788.9,6682.0,6682.0,2026-05-11T15:01:51.281085,2026-05-11T15:14:35.674066+00:00
2017,392,Japan,X,Export,124,Canada,3004,Medicines & Pharmaceuticals,7845534.45,24803.0,24803.0,2026-05-11T15:01:51.281088,2026-05-11T15:14:35.674066+00:00
2017,392,Japan,X,Export,818,Egypt,3004,Medicines & Pharmaceuticals,2532.61,16.0,16.0,2026-05-11T15:01:51.281091,2026-05-11T15:14:35.674066+00:00
2017,392,Japan,X,Export,222,Unknown,3004,Medicines & Pharmaceuticals,26414.08,167.0,167.0,2026-05-11T15:01:51.281093,2026-05-11T15:14:35.674066+00:00
2017,392,Japan,X,Export,372,Ireland,3004,Medicines & Pharmaceuticals,40746062.66,352364.0,352364.0,2026-05-11T15:01:51.281096,2026-05-11T15:14:35.674066+00:00
2017,392,Japan,X,Export,729,Unknown,3004,Medicines & Pharmaceuticals,890801.89,3607.0,3607.0,2026-05-11T15:01:51.281099,2026-05-11T15:14:35.674066+00:00
2017,392,Japan,X,Export,860,Unknown,3004,Medicines & Pharmaceuticals,666567.58,2429.0,2429.0,2026-05-11T15:01:51.281102,2026-05-11T15:14:35.674066+00:00
2017,392,Japan,X,Export,70,Unknown,3004,Medicines & Pharmaceuticals,4333.98,5.0,5.0,2026-05-11T15:01:51.281105,2026-05-11T15:14:35.674066+00:00
2017,392,Japan,X,Export,600,Unknown,3004,Medicines & Pharmaceuticals,113325.5,1100.0,1100.0,2026-05-11T15:01:51.281108,2026-05-11T15:14:35.674066+00:00
2017,392,Japan,X,Export,688,Unknown,3004,Medicines & Pharmaceuticals,104015.47,81.0,81.0,2026-05-11T15:01:51.281115,2026-05-11T15:14:35.674066+00:00
2017,392,Japan,X,Export,76,Brazil,3004,Medicines & Pharmaceuticals,13655650.95,84592.0,84592.0,2026-05-11T15:01:51.281118,2026-05-11T15:14:35.674066+00:00
2017,392,Japan,X,Export,496,Unknown,3004,Medicines & Pharmaceuticals,426718.47,14703.0,14703.0,2026-05-11T15:01:51.281121,2026-05-11T15:14:35.674066+00:00
2017,392,Japan,X,Export,320,Unknown,3004,Medicines & Pharmaceuticals,61059.15,374.0,374.0,2026-05-11T15:01:51.281124,2026-05-11T15:14:35.674066+00:00
2017,392,Japan,X,Export,554,New Zealand,3004,Medicines & Pharmaceuticals,77173.34,31584.0,31584.0,2026-05-11T15:01:51.281127,2026-05-11T15:14:35.674066+00:00
2017,392,Japan,X,Export,218,Ecuador,3004,Medicines & Pharmaceuticals,125783.45,7000.0,7000.0,2026-05-11T15:01:51.281130,2026-05-11T15:14:35.674066+00:00
2017,392,Japan,X,Export,620,Portugal,3004,Medicines & Pharmaceuticals,8908.73,57.0,57.0,2026-05-11T15:01:51.281133,2026-05-11T15:14:35.674066+00:00
2017,392,Japan,X,Export,591,Unknown,3004,Medicines & Pharmaceuticals,402872.67,21359.0,21359.0,2026-05-11T15:01:51.281136,2026-05-11T15:14:35.674066+00:00
2017,392,Japan,X,Export,364,Iran,3004,Medicines & Pharmaceuticals,91602.1,215.0,215.0,2026-05-11T15:01:51.281139,2026-05-11T15:14:35.674066+00:00
2017,392,Japan,X,Export,203,Czech Republic,3004,Medicines & Pharmaceuticals,3551882.16,7059.0,7059.0,2026-05-11T15:01:51.281142,2026-05-11T15:14:35.674066+00:00
2017,392,Japan,X,Export,580,Unknown,3004,Medicines & Pharmaceuticals,40441.54,1434.0,1434.0,2026-05-11T15:01:51.281146,2026-05-11T15:14:35.674066+00:00
2017,392,Japan,X,Export,188,Unknown,3004,Medicines & Pharmaceuticals,432354.42,496.0,496.0,2026-05-11T15:01:51.281150,2026-05-11T15:14:35.674066+00:00
2017,392,Japan,X,Export,792,Turkey,3004,Medicines & Pharmaceuticals,4710320.57,4356.0,4356.0,2026-05-11T15:01:51.281153,2026-05-11T15:14:35.674066+00:00
2017,392,Japan,X,Export,276,Germany,3004,Medicines & Pharmaceuticals,18460409.43,229811.0,229811.0,2026-05-11T15:01:51.281156,2026-05-11T15:14:35.674066+00:00
2017,392,Japan,X,Export,360,Indonesia,3004,Medicines & Pharmaceuticals,13526345.03,56714.0,56714.0,2026-05-11T15:01:51.281159,2026-05-11T15:14:35.674066+00:00
2017,392,Japan,X,Export,608,Philippines,3004,Medicines & Pharmaceuticals,4103813.35,49749.0,49749.0,2026-05-11T15:01:51.281161,2026-05-11T15:14:35.674066+00:00
2017,392,Japan,X,Export,458,Malaysia,3004,Medicines & Pharmaceuticals,11519196.03,947863.0,947863.0,2026-05-11T15:01:51.281164,2026-05-11T15:14:35.674066+00:00
2017,392,Japan,X,Export,704,Vietnam,3004,Medicines & Pharmaceuticals,30125542.81,535293.0,535293.0,2026-05-11T15:01:51.281167,2026-05-11T15:14:35.674066+00:00
2017,392,Japan,X,Export,410,South Korea,3004,Medicines & Pharmaceuticals,186475347.22,13045132.0,13045132.0,2026-05-11T15:01:51.281170,2026-05-11T15:14:35.674066+00:00
2017,392,Japan,X,Export,764,Thailand,3004,Medicines & Pharmaceuticals,68168808.44,349309.0,349309.0,2026-05-11T15:01:51.281173,2026-05-11T15:14:35.674066+00:00
2017,392,Japan,X,Export,344,Unknown,3004,Medicines & Pharmaceuticals,129113321.6,4717328.0,4717328.0,2026-05-11T15:01:51.281178,2026-05-11T15:14:35.674066+00:00
2017,392,Japan,X,Export,156,China,3004,Medicines & Pharmaceuticals,502446199.76,3541361.0,3541361.0,2026-05-11T15:01:51.281181,2026-05-11T15:14:35.674066+00:00
2017,392,Japan,X,Export,490,Unknown,3004,Medicines & Pharmaceuticals,149274344.72,1971401.0,1971401.0,2026-05-11T15:01:51.281184,2026-05-11T15:14:35.674066+00:00
2017,392,Japan,X,Export,842,Unknown,3004,Medicines & Pharmaceuticals,1344614351.64,1445329.0,1445329.0,2026-05-11T15:01:51.281187,2026-05-11T15:14:35.674066+00:00
2017,392,Japan,X,Export,757,Unknown,3004,Medicines & Pharmaceuticals,28408823.84,41737.0,41737.0,2026-05-11T15:01:51.281190,2026-05-11T15:14:35.674066+00:00
2015,392,Japan,X,Export,414,Kuwait,3004,Medicines & Pharmaceuticals,639601.0,3258.0,3258.0,2026-05-11T15:01:51.281193,2026-05-11T15:14:35.674066+00:00
2015,392,Japan,X,Export,376,Israel,3004,Medicines & Pharmaceuticals,770742.0,1120.0,1120.0,2026-05-11T15:01:51.281196,2026-05-11T15:14:35.674066+00:00
2015,392,Japan,X,Export,32,Argentina,3004,Medicines & Pharmaceuticals,287794.0,328.0,328.0,2026-05-11T15:01:51.281199,2026-05-11T15:14:35.674066+00:00
2015,392,Japan,X,Export,818,Egypt,3004,Medicines & Pharmaceuticals,143942.0,188.0,188.0,2026-05-11T15:01:51.281202,2026-05-11T15:14:35.674066+00:00
2015,392,Japan,X,Export,752,Sweden,3004,Medicines & Pharmaceuticals,125505.0,96.0,96.0,2026-05-11T15:01:51.281205,2026-05-11T15:14:35.674066+00:00
2015,392,Japan,X,Export,203,Czech Republic,3004,Medicines & Pharmaceuticals,1156869.0,2277.0,2277.0,2026-05-11T15:01:51.281209,2026-05-11T15:14:35.674066+00:00
2015,392,Japan,X,Export,616,Poland,3004,Medicines & Pharmaceuticals,831557.0,99.0,99.0,2026-05-11T15:01:51.281212,2026-05-11T15:14:35.674066+00:00
2015,392,Japan,X,Export,144,Sri Lanka,3004,Medicines & Pharmaceuticals,130720.0,3794.0,3794.0,2026-05-11T15:01:51.281215,2026-05-11T15:14:35.674066+00:00
2015,392,Japan,X,Export,586,Pakistan,3004,Medicines & Pharmaceuticals,951079.0,4851.0,4851.0,2026-05-11T15:01:51.281219,2026-05-11T15:14:35.674066+00:00
2015,392,Japan,X,Export,554,New Zealand,3004,Medicines & Pharmaceuticals,945625.0,479630.0,479630.0,2026-05-11T15:01:51.281222,2026-05-11T15:14:35.674066+00:00
2015,392,Japan,X,Export,710,South Africa,3004,Medicines & Pharmaceuticals,666268.0,691.0,691.0,2026-05-11T15:01:51.281225,2026-05-11T15:14:35.674066+00:00
2015,392,Japan,X,Export,104,Unknown,3004,Medicines & Pharmaceuticals,102399.0,770.0,770.0,2026-05-11T15:01:51.281228,2026-05-11T15:14:35.674066+00:00
2015,392,Japan,X,Export,50,Bangladesh,3004,Medicines & Pharmaceuticals,40824.0,76.0,76.0,2026-05-11T15:01:51.281231,2026-05-11T15:14:35.674066+00:00
2015,392,Japan,X,Export,682,Saudi Arabia,3004,Medicines & Pharmaceuticals,7657439.0,37336.0,37336.0,2026-05-11T15:01:51.281234,2026-05-11T15:14:35.674066+00:00
2015,392,Japan,X,Export,792,Turkey,3004,Medicines & Pharmaceuticals,1551194.0,1243.0,1243.0,2026-05-11T15:01:51.281237,2026-05-11T15:14:35.674066+00:00
2015,392,Japan,X,Export,724,Spain,3004,Medicines & Pharmaceuticals,9617189.0,36041.0,36041.0,2026-05-11T15:01:51.281244,2026-05-11T15:14:35.674066+00:00
2015,392,Japan,X,Export,70,Unknown,3004,Medicines & Pharmaceuticals,50063.0,21.0,21.0,2026-05-11T15:01:51.281247,2026-05-11T15:14:35.674066+00:00
2015,392,Japan,X,Export,643,Russia,3004,Medicines & Pharmaceuticals,3189606.0,5825.0,5825.0,2026-05-11T15:01:51.281253,2026-05-11T15:14:35.674066+00:00
2015,392,Japan,X,Export,56,Belgium,3004,Medicines & Pharmaceuticals,3104504.0,2875.0,2875.0,2026-05-11T15:01:51.281256,2026-05-11T15:14:35.674066+00:00
2015,392,Japan,X,Export,76,Brazil,3004,Medicines & Pharmaceuticals,3359035.0,14084.0,14084.0,2026-05-11T15:01:51.281259,2026-05-11T15:14:35.674066+00:00
2015,392,Japan,X,Export,784,UAE,3004,Medicines & Pharmaceuticals,1499139.0,12760.0,12760.0,2026-05-11T15:01:51.281262,2026-05-11T15:14:35.674066+00:00
2015,392,Japan,X,Export,484,Mexico,3004,Medicines & Pharmaceuticals,9822376.0,6400.0,6400.0,2026-05-11T15:01:51.281265,2026-05-11T15:14:35.674066+00:00
2015,392,Japan,X,Export,124,Canada,3004,Medicines & Pharmaceuticals,16946605.0,32776.0,32776.0,2026-05-11T15:01:51.281268,2026-05-11T15:14:35.674066+00:00
2015,392,Japan,X,Export,251,Unknown,3004,Medicines & Pharmaceuticals,119756078.0,33409.0,33409.0,2026-05-11T15:01:51.281271,2026-05-11T15:14:35.674066+00:00
2015,392,Japan,X,Export,528,Netherlands,3004,Medicines & Pharmaceuticals,91343760.0,93460.0,93460.0,2026-05-11T15:01:51.281274,2026-05-11T15:14:35.674066+00:00
2015,392,Japan,X,Export,36,Australia,3004,Medicines & Pharmaceuticals,3603972.0,1049887.0,1049887.0,2026-05-11T15:01:51.281279,2026-05-11T15:14:35.674066+00:00
2015,392,Japan,X,Export,826,United Kingdom,3004,Medicines & Pharmaceuticals,45935328.0,35218.0,35218.0,2026-05-11T15:01:51.281282,2026-05-11T15:14:35.674066+00:00
2015,392,Japan,X,Export,380,Italy,3004,Medicines & Pharmaceuticals,48867007.0,47247.0,47247.0,2026-05-11T15:01:51.281284,2026-05-11T15:14:35.674066+00:00
2018,392,Japan,M,Import,0,World,3004,Medicines & Pharmaceuticals,16561282658.97,51869972.515,51869972.515,2026-05-11T15:01:51.281287,2026-05-11T15:14:35.674066+00:00
2018,392,Japan,M,Import,170,Colombia,3004,Medicines & Pharmaceuticals,8181.86,21.024,21.024,2026-05-11T15:01:51.281290,2026-05-11T15:14:35.674066+00:00
2018,392,Japan,M,Import,792,Turkey,3004,Medicines & Pharmaceuticals,18269151.92,94141.491,94141.491,2026-05-11T15:01:51.281293,2026-05-11T15:14:35.674066+00:00
2018,392,Japan,X,Export,0,World,3004,Medicines & Pharmaceuticals,3945000974.82,29234346.91,29234346.91,2026-05-11T15:01:51.281297,2026-05-11T15:14:35.674066+00:00
2018,392,Japan,X,Export,36,Australia,3004,Medicines & Pharmaceuticals,6131941.72,741292.91,741292.91,2026-05-11T15:01:51.281300,2026-05-11T15:14:35.674066+00:00
2018,392,Japan,X,Export,76,Brazil,3004,Medicines & Pharmaceuticals,25035523.82,86849.059,86849.059,2026-05-11T15:01:51.281303,2026-05-11T15:14:35.674066+00:00
2018,392,Japan,X,Export,218,Ecuador,3004,Medicines & Pharmaceuticals,2201.57,14.584,14.584,2026-05-11T15:01:51.281305,2026-05-11T15:14:35.674066+00:00
2018,392,Japan,X,Export,262,Unknown,3004,Medicines & Pharmaceuticals,2627.39,17.405,17.405,2026-05-11T15:01:51.281310,2026-05-11T15:14:35.674066+00:00
2018,392,Japan,X,Export,300,Greece,3004,Medicines & Pharmaceuticals,6260.44,41.472,41.472,2026-05-11T15:01:51.281313,2026-05-11T15:14:35.674066+00:00
2018,392,Japan,X,Export,348,Unknown,3004,Medicines & Pharmaceuticals,9929.73,3.721,3.721,2026-05-11T15:01:51.281316,2026-05-11T15:14:35.674066+00:00
2018,392,Japan,X,Export,352,Unknown,3004,Medicines & Pharmaceuticals,6169.84,40.872,40.872,2026-05-11T15:01:51.281319,2026-05-11T15:14:35.674066+00:00
2018,392,Japan,X,Export,699,Unknown,3004,Medicines & Pharmaceuticals,3179188.77,2979.971,2979.971,2026-05-11T15:01:51.281322,2026-05-11T15:14:35.674066+00:00
2018,392,Japan,X,Export,842,Unknown,3004,Medicines & Pharmaceuticals,1600717402.19,1195045.915,1195045.915,2026-05-11T15:01:51.281325,2026-05-11T15:14:35.674066+00:00
2018,392,Japan,X,Export,32,Argentina,3004,Medicines & Pharmaceuticals,802305.64,1010.0,1010.0,2026-05-11T15:01:51.281328,2026-05-11T15:14:35.674066+00:00
2018,392,Japan,X,Export,40,Austria,3004,Medicines & Pharmaceuticals,4996093.28,362.0,362.0,2026-05-11T15:01:51.281331,2026-05-11T15:14:35.674066+00:00
2018,392,Japan,X,Export,48,Unknown,3004,Medicines & Pharmaceuticals,248868.32,1351.0,1351.0,2026-05-11T15:01:51.281334,2026-05-11T15:14:35.674066+00:00
2018,392,Japan,X,Export,51,Unknown,3004,Medicines & Pharmaceuticals,26337.33,330.0,330.0,2026-05-11T15:01:51.281337,2026-05-11T15:14:35.674066+00:00
2018,392,Japan,X,Export,56,Belgium,3004,Medicines & Pharmaceuticals,1261401.5,5549.0,5549.0,2026-05-11T15:01:51.281342,2026-05-11T15:14:35.674066+00:00
2018,392,Japan,X,Export,70,Unknown,3004,Medicines & Pharmaceuticals,13680.56,6.0,6.0,2026-05-11T15:01:51.281345,2026-05-11T15:14:35.674066+00:00
2018,392,Japan,X,Export,104,Unknown,3004,Medicines & Pharmaceuticals,493514.69,15889.0,15889.0,2026-05-11T15:01:51.281348,2026-05-11T15:14:35.674066+00:00
2018,392,Japan,X,Export,116,Cambodia,3004,Medicines & Pharmaceuticals,390548.13,3712.0,3712.0,2026-05-11T15:01:51.281351,2026-05-11T15:14:35.674066+00:00
2018,392,Japan,X,Export,124,Canada,3004,Medicines & Pharmaceuticals,7488726.58,19439.0,19439.0,2026-05-11T15:01:51.281354,2026-05-11T15:14:35.674066+00:00
2018,392,Japan,X,Export,144,Sri Lanka,3004,Medicines & Pharmaceuticals,355984.34,14850.0,14850.0,2026-05-11T15:01:51.281357,2026-05-11T15:14:35.674066+00:00
2014,392,Japan,X,Export,490,Unknown,7108,Gold,202258512.0,5471.0,5471.0,2026-05-11T15:01:54.504140,2026-05-11T15:14:35.674066+00:00
2014,392,Japan,X,Export,156,China,7108,Gold,153242742.0,4924.0,4924.0,2026-05-11T15:01:54.504154,2026-05-11T15:14:35.674066+00:00
2014,392,Japan,X,Export,0,World,7108,Gold,4374531526.0,113832.0,113832.0,2026-05-11T15:01:54.504159,2026-05-11T15:14:35.674066+00:00
2014,392,Japan,X,Export,56,Belgium,7108,Gold,127112.0,3.0,3.0,2026-05-11T15:01:54.504162,2026-05-11T15:14:35.674066+00:00
2014,392,Japan,X,Export,699,Unknown,7108,Gold,115223.0,3.0,3.0,2026-05-11T15:01:54.504166,2026-05-11T15:14:35.674066+00:00
2014,392,Japan,X,Export,251,Unknown,7108,Gold,39906.0,1.0,1.0,2026-05-11T15:01:54.504169,2026-05-11T15:14:35.674066+00:00
2014,392,Japan,X,Export,724,Spain,7108,Gold,31946.0,1.0,1.0,2026-05-11T15:01:54.504172,2026-05-11T15:14:35.674066+00:00
2014,392,Japan,X,Export,752,Sweden,7108,Gold,49028.0,1.0,1.0,2026-05-11T15:01:54.504175,2026-05-11T15:14:35.674066+00:00
2014,392,Japan,M,Import,512,Unknown,7108,Gold,10286.0,1.0,1.0,2026-05-11T15:01:54.504178,2026-05-11T15:14:35.674066+00:00
2014,392,Japan,M,Import,458,Malaysia,7108,Gold,389836.0,10.0,10.0,2026-05-11T15:01:54.504181,2026-05-11T15:14:35.674066+00:00
2014,392,Japan,M,Import,694,Unknown,7108,Gold,55854.0,2.0,2.0,2026-05-11T15:01:54.504184,2026-05-11T15:14:35.674066+00:00
2014,392,Japan,M,Import,288,Ghana,7108,Gold,965849.0,25.0,25.0,2026-05-11T15:01:54.504187,2026-05-11T15:14:35.674066+00:00
2014,392,Japan,M,Import,860,Unknown,7108,Gold,21650549.0,504.0,504.0,2026-05-11T15:01:54.504191,2026-05-11T15:14:35.674066+00:00
2014,392,Japan,M,Import,344,Unknown,7108,Gold,25748565.0,646.0,646.0,2026-05-11T15:01:54.504194,2026-05-11T15:14:35.674066+00:00
2014,392,Japan,M,Import,246,Finland,7108,Gold,10276.0,0.0,0.0,2026-05-11T15:01:54.504202,2026-05-11T15:14:35.674066+00:00
2014,392,Japan,M,Import,702,Unknown,7108,Gold,1776426.0,89.0,89.0,2026-05-11T15:01:54.504206,2026-05-11T15:14:35.674066+00:00
2014,392,Japan,M,Import,484,Mexico,7108,Gold,19548735.0,508.0,508.0,2026-05-11T15:01:54.504209,2026-05-11T15:14:35.674066+00:00
2014,392,Japan,M,Import,40,Austria,7108,Gold,8026.0,0.0,0.0,2026-05-11T15:01:54.504212,2026-05-11T15:14:35.674066+00:00
2014,392,Japan,M,Import,608,Philippines,7108,Gold,216563.0,12.0,12.0,2026-05-11T15:01:54.504215,2026-05-11T15:14:35.674066+00:00
2014,392,Japan,M,Import,36,Australia,7108,Gold,62611677.0,1539.0,1539.0,2026-05-11T15:01:54.504218,2026-05-11T15:14:35.674066+00:00
2014,392,Japan,M,Import,56,Belgium,7108,Gold,1138744.0,28.0,28.0,2026-05-11T15:01:54.504221,2026-05-11T15:14:35.674066+00:00
2014,392,Japan,M,Import,757,Unknown,7108,Gold,75332942.0,1851.0,1851.0,2026-05-11T15:01:54.504225,2026-05-11T15:14:35.674066+00:00
2014,392,Japan,M,Import,124,Canada,7108,Gold,227033357.0,5620.0,5620.0,2026-05-11T15:01:54.504228,2026-05-11T15:14:35.674066+00:00
2014,392,Japan,M,Import,826,United Kingdom,7108,Gold,69355.0,2.0,2.0,2026-05-11T15:01:54.504231,2026-05-11T15:14:35.674066+00:00
2014,392,Japan,M,Import,704,Vietnam,7108,Gold,1429445.0,35.0,35.0,2026-05-11T15:01:54.504236,2026-05-11T15:14:35.674066+00:00
2014,392,Japan,M,Import,360,Indonesia,7108,Gold,9918607.0,248.0,248.0,2026-05-11T15:01:54.504240,2026-05-11T15:14:35.674066+00:00
2014,392,Japan,M,Import,490,Unknown,7108,Gold,42839043.0,1099.0,1099.0,2026-05-11T15:01:54.504243,2026-05-11T15:14:35.674066+00:00
2014,392,Japan,M,Import,251,Unknown,7108,Gold,96686.0,3.0,3.0,2026-05-11T15:01:54.504246,2026-05-11T15:14:35.674066+00:00
2014,392,Japan,M,Import,764,Thailand,7108,Gold,14987880.0,368.0,368.0,2026-05-11T15:01:54.504249,2026-05-11T15:14:35.674066+00:00
2014,392,Japan,M,Import,380,Italy,7108,Gold,86977.0,6.0,6.0,2026-05-11T15:01:54.504252,2026-05-11T15:14:35.674066+00:00
2014,392,Japan,M,Import,276,Germany,7108,Gold,790997.0,78.0,78.0,2026-05-11T15:01:54.504255,2026-05-11T15:14:35.674066+00:00
2014,392,Japan,M,Import,410,South Korea,7108,Gold,43017080.0,1163.0,1163.0,2026-05-11T15:01:54.504258,2026-05-11T15:14:35.674066+00:00
2014,392,Japan,M,Import,842,Unknown,7108,Gold,56853265.0,1602.0,1602.0,2026-05-11T15:01:54.504261,2026-05-11T15:14:35.674066+00:00
2014,392,Japan,X,Export,579,Unknown,7108,Gold,2096.0,0.0,0.0,2026-05-11T15:01:54.504264,2026-05-11T15:14:35.674066+00:00
2014,392,Japan,X,Export,398,Kazakhstan,7108,Gold,4995.0,0.0,0.0,2026-05-11T15:01:54.504269,2026-05-11T15:14:35.674066+00:00
2014,392,Japan,X,Export,446,Unknown,7108,Gold,5288.0,0.0,0.0,2026-05-11T15:01:54.504273,2026-05-11T15:14:35.674066+00:00
2014,392,Japan,X,Export,414,Kuwait,7108,Gold,2276.0,0.0,0.0,2026-05-11T15:01:54.504275,2026-05-11T15:14:35.674066+00:00
2014,392,Japan,X,Export,757,Unknown,7108,Gold,272771886.0,6652.0,6652.0,2026-05-11T15:01:54.504279,2026-05-11T15:14:35.674066+00:00
2014,392,Japan,X,Export,554,New Zealand,7108,Gold,10236.0,0.0,0.0,2026-05-11T15:01:54.504281,2026-05-11T15:14:35.674066+00:00
2014,392,Japan,X,Export,188,Unknown,7108,Gold,2211758.0,38.0,38.0,2026-05-11T15:01:54.504284,2026-05-11T15:14:35.674066+00:00
2014,392,Japan,X,Export,50,Bangladesh,7108,Gold,135016.0,24.0,24.0,2026-05-11T15:01:54.504287,2026-05-11T15:14:35.674066+00:00
2014,392,Japan,X,Export,784,UAE,7108,Gold,2135648.0,72.0,72.0,2026-05-11T15:01:54.504291,2026-05-11T15:14:35.674066+00:00
2014,392,Japan,X,Export,484,Mexico,7108,Gold,1353663.0,34.0,34.0,2026-05-11T15:01:54.504294,2026-05-11T15:14:35.674066+00:00
2014,392,Japan,X,Export,528,Netherlands,7108,Gold,1581126.0,34.0,34.0,2026-05-11T15:01:54.504297,2026-05-11T15:14:35.674066+00:00
2014,392,Japan,X,Export,380,Italy,7108,Gold,814119.0,27.0,27.0,2026-05-11T15:01:54.504302,2026-05-11T15:14:35.674066+00:00
2014,392,Japan,X,Export,826,United Kingdom,7108,Gold,288099358.0,6969.0,6969.0,2026-05-11T15:01:54.504305,2026-05-11T15:14:35.674066+00:00
2014,392,Japan,X,Export,36,Australia,7108,Gold,2323.0,0.0,0.0,2026-05-11T15:01:54.504307,2026-05-11T15:14:35.674066+00:00
2014,392,Japan,X,Export,276,Germany,7108,Gold,602114.0,88.0,88.0,2026-05-11T15:01:54.504310,2026-05-11T15:14:35.674066+00:00
2014,392,Japan,X,Export,608,Philippines,7108,Gold,21479624.0,649.0,649.0,2026-05-11T15:01:54.504313,2026-05-11T15:14:35.674066+00:00
2014,392,Japan,X,Export,124,Canada,7108,Gold,129464.0,6.0,6.0,2026-05-11T15:01:54.504316,2026-05-11T15:14:35.674066+00:00
2014,392,Japan,X,Export,458,Malaysia,7108,Gold,243163010.0,5922.0,5922.0,2026-05-11T15:01:54.504320,2026-05-11T15:14:35.674066+00:00
2014,392,Japan,X,Export,702,Unknown,7108,Gold,779152025.0,19236.0,19236.0,2026-05-11T15:01:54.504323,2026-05-11T15:14:35.674066+00:00
2014,392,Japan,X,Export,360,Indonesia,7108,Gold,9712994.0,255.0,255.0,2026-05-11T15:01:54.504326,2026-05-11T15:14:35.674066+00:00
2014,392,Japan,X,Export,203,Czech Republic,7108,Gold,34080.0,9.0,9.0,2026-05-11T15:01:54.504329,2026-05-11T15:14:35.674066+00:00
2014,392,Japan,X,Export,704,Vietnam,7108,Gold,15621574.0,2668.0,2668.0,2026-05-11T15:01:54.504334,2026-05-11T15:14:35.674066+00:00
2014,392,Japan,X,Export,842,Unknown,7108,Gold,29767849.0,776.0,776.0,2026-05-11T15:01:54.504337,2026-05-11T15:14:35.674066+00:00
2014,392,Japan,X,Export,764,Thailand,7108,Gold,693556470.0,18480.0,18480.0,2026-05-11T15:01:54.504340,2026-05-11T15:14:35.674066+00:00
2014,392,Japan,X,Export,344,Unknown,7108,Gold,1567731298.0,39167.0,39167.0,2026-05-11T15:01:54.504343,2026-05-11T15:14:35.674066+00:00
2014,392,Japan,X,Export,620,Portugal,7108,Gold,30860.0,4.0,4.0,2026-05-11T15:01:54.504346,2026-05-11T15:14:35.674066+00:00
2014,392,Japan,X,Export,410,South Korea,7108,Gold,88555906.0,2318.0,2318.0,2026-05-11T15:01:54.504349,2026-05-11T15:14:35.674066+00:00
2015,392,Japan,X,Export,276,Germany,7108,Gold,402449.0,182.0,182.0,2026-05-11T15:01:54.504352,2026-05-11T15:14:35.674066+00:00
2015,392,Japan,X,Export,608,Philippines,7108,Gold,19802627.0,626.0,626.0,2026-05-11T15:01:54.504355,2026-05-11T15:14:35.674066+00:00
2015,392,Japan,X,Export,458,Malaysia,7108,Gold,223401010.0,5941.0,5941.0,2026-05-11T15:01:54.504358,2026-05-11T15:14:35.674066+00:00
2015,392,Japan,X,Export,56,Belgium,7108,Gold,258448.0,8.0,8.0,2026-05-11T15:01:54.504361,2026-05-11T15:14:35.674066+00:00
2015,392,Japan,X,Export,784,UAE,7108,Gold,5991.0,8.0,8.0,2026-05-11T15:01:54.504366,2026-05-11T15:14:35.674066+00:00
2015,392,Japan,X,Export,360,Indonesia,7108,Gold,8270264.0,224.0,224.0,2026-05-11T15:01:54.504371,2026-05-11T15:14:35.674066+00:00
2015,392,Japan,X,Export,702,Unknown,7108,Gold,1171594957.0,31681.0,31681.0,2026-05-11T15:01:54.504375,2026-05-11T15:14:35.674066+00:00
2015,392,Japan,X,Export,842,Unknown,7108,Gold,43610401.0,1153.0,1153.0,2026-05-11T15:01:54.504378,2026-05-11T15:14:35.674066+00:00
2015,392,Japan,X,Export,344,Unknown,7108,Gold,1393808422.0,37738.0,37738.0,2026-05-11T15:01:54.504381,2026-05-11T15:14:35.674066+00:00
2015,392,Japan,X,Export,704,Vietnam,7108,Gold,12077456.0,1924.0,1924.0,2026-05-11T15:01:54.504384,2026-05-11T15:14:35.674066+00:00
2015,392,Japan,X,Export,764,Thailand,7108,Gold,778537234.0,22071.0,22071.0,2026-05-11T15:01:54.504387,2026-05-11T15:14:35.674066+00:00
2015,392,Japan,X,Export,528,Netherlands,7108,Gold,276662.0,7.0,7.0,2026-05-11T15:01:54.504390,2026-05-11T15:14:35.674066+00:00
2015,392,Japan,X,Export,410,South Korea,7108,Gold,92793093.0,2583.0,2583.0,2026-05-11T15:01:54.504393,2026-05-11T15:14:35.674066+00:00
2015,392,Japan,X,Export,699,Unknown,7108,Gold,120935.0,3.0,3.0,2026-05-11T15:01:54.504396,2026-05-11T15:14:35.674066+00:00
2015,392,Japan,X,Export,490,Unknown,7108,Gold,355517495.0,10369.0,10369.0,2026-05-11T15:01:54.504401,2026-05-11T15:14:35.674066+00:00
2015,392,Japan,X,Export,156,China,7108,Gold,141664298.0,4939.0,4939.0,2026-05-11T15:01:54.504404,2026-05-11T15:14:35.674066+00:00
2015,392,Japan,X,Export,0,World,7108,Gold,4907749200.0,137121.0,137121.0,2026-05-11T15:01:54.504407,2026-05-11T15:14:35.674066+00:00
2015,392,Japan,X,Export,188,Unknown,7108,Gold,1669609.0,30.0,30.0,2026-05-11T15:01:54.504411,2026-05-11T15:14:35.674066+00:00
2015,392,Japan,X,Export,470,Unknown,7108,Gold,34337.0,2.0,2.0,2026-05-11T15:01:54.504414,2026-05-11T15:14:35.674066+00:00
2015,392,Japan,X,Export,682,Saudi Arabia,7108,Gold,5900.0,4.0,4.0,2026-05-11T15:01:54.504417,2026-05-11T15:14:35.674066+00:00
2015,392,Japan,X,Export,144,Sri Lanka,7108,Gold,39444.0,1.0,1.0,2026-05-11T15:01:54.504420,2026-05-11T15:14:35.674066+00:00
2015,392,Japan,X,Export,724,Spain,7108,Gold,21858.0,1.0,1.0,2026-05-11T15:01:54.504423,2026-05-11T15:14:35.674066+00:00
2015,392,Japan,M,Import,40,Austria,7108,Gold,41064.0,1.0,1.0,2026-05-11T15:01:54.504426,2026-05-11T15:14:35.674066+00:00
2015,392,Japan,M,Import,376,Israel,7108,Gold,2917.0,1.0,1.0,2026-05-11T15:01:54.504429,2026-05-11T15:14:35.674066+00:00
2015,392,Japan,M,Import,764,Thailand,7108,Gold,46278.0,2.0,2.0,2026-05-11T15:01:54.504434,2026-05-11T15:14:35.674066+00:00
2015,392,Japan,M,Import,620,Portugal,7108,Gold,337857.0,10.0,10.0,2026-05-11T15:01:54.504437,2026-05-11T15:14:35.674066+00:00
2015,392,Japan,M,Import,834,Unknown,7108,Gold,133662.0,5.0,5.0,2026-05-11T15:01:54.504440,2026-05-11T15:14:35.674066+00:00
2015,392,Japan,M,Import,458,Malaysia,7108,Gold,386714.0,20.0,20.0,2026-05-11T15:01:54.504443,2026-05-11T15:14:35.674066+00:00
2015,392,Japan,M,Import,180,Unknown,7108,Gold,117101.0,6.0,6.0,2026-05-11T15:01:54.504446,2026-05-11T15:14:35.674066+00:00
2015,392,Japan,M,Import,288,Ghana,7108,Gold,362459.0,13.0,13.0,2026-05-11T15:01:54.504449,2026-05-11T15:14:35.674066+00:00
2015,392,Japan,M,Import,748,Unknown,7108,Gold,8041.0,0.0,0.0,2026-05-11T15:01:54.504453,2026-05-11T15:14:35.674066+00:00
2015,392,Japan,M,Import,344,Unknown,7108,Gold,19271698.0,1495.0,1495.0,2026-05-11T15:01:54.504457,2026-05-11T15:14:35.674066+00:00
2015,392,Japan,M,Import,702,Unknown,7108,Gold,23878225.0,861.0,861.0,2026-05-11T15:01:54.504460,2026-05-11T15:14:35.674066+00:00
2015,392,Japan,M,Import,484,Mexico,7108,Gold,19759.0,0.0,0.0,2026-05-11T15:01:54.504463,2026-05-11T15:14:35.674066+00:00
2015,392,Japan,M,Import,608,Philippines,7108,Gold,388499.0,13.0,13.0,2026-05-11T15:01:54.504468,2026-05-11T15:14:35.674066+00:00
2015,392,Japan,M,Import,36,Australia,7108,Gold,48739163.0,1328.0,1328.0,2026-05-11T15:01:54.504471,2026-05-11T15:14:35.674066+00:00
2015,392,Japan,M,Import,757,Unknown,7108,Gold,77622835.0,2098.0,2098.0,2026-05-11T15:01:54.504474,2026-05-11T15:14:35.674066+00:00
2015,392,Japan,M,Import,124,Canada,7108,Gold,409580.0,13.0,13.0,2026-05-11T15:01:54.504477,2026-05-11T15:14:35.674066+00:00
2015,392,Japan,M,Import,704,Vietnam,7108,Gold,1145498.0,26.0,26.0,2026-05-11T15:01:54.504480,2026-05-11T15:14:35.674066+00:00
2015,392,Japan,M,Import,826,United Kingdom,7108,Gold,2444342.0,65.0,65.0,2026-05-11T15:01:54.504483,2026-05-11T15:14:35.674066+00:00
2014,392,Japan,M,Import,156,China,7108,Gold,3527287.0,287.0,287.0,2026-05-11T15:01:54.504486,2026-05-11T15:14:35.674066+00:00
2014,392,Japan,M,Import,0,World,7108,Gold,610114306.0,15724.0,15724.0,2026-05-11T15:01:54.504489,2026-05-11T15:14:35.674066+00:00
2015,392,Japan,X,Export,316,Unknown,7108,Gold,4430.0,0.0,0.0,2026-05-11T15:01:54.504492,2026-05-11T15:14:35.674066+00:00
2015,392,Japan,X,Export,620,Portugal,7108,Gold,95697.0,79.0,79.0,2026-05-11T15:01:54.504495,2026-05-11T15:14:35.674066+00:00
2015,392,Japan,X,Export,446,Unknown,7108,Gold,23040.0,0.0,0.0,2026-05-11T15:01:54.504500,2026-05-11T15:14:35.674066+00:00
2015,392,Japan,X,Export,752,Sweden,7108,Gold,17313.0,0.0,0.0,2026-05-11T15:01:54.504503,2026-05-11T15:14:35.674066+00:00
2015,392,Japan,X,Export,757,Unknown,7108,Gold,224175173.0,5921.0,5921.0,2026-05-11T15:01:54.504506,2026-05-11T15:14:35.674066+00:00
2015,392,Japan,X,Export,554,New Zealand,7108,Gold,2339.0,0.0,0.0,2026-05-11T15:01:54.504509,2026-05-11T15:14:35.674066+00:00
2015,392,Japan,X,Export,484,Mexico,7108,Gold,720158.0,19.0,19.0,2026-05-11T15:01:54.504512,2026-05-11T15:14:35.674066+00:00
2015,392,Japan,X,Export,380,Italy,7108,Gold,802922.0,49.0,49.0,2026-05-11T15:01:54.504515,2026-05-11T15:14:35.674066+00:00
2015,392,Japan,X,Export,251,Unknown,7108,Gold,65129.0,31.0,31.0,2026-05-11T15:01:54.504518,2026-05-11T15:14:35.674066+00:00
2015,392,Japan,X,Export,124,Canada,7108,Gold,1699963.0,47.0,47.0,2026-05-11T15:01:54.504521,2026-05-11T15:14:35.674066+00:00
2015,392,Japan,X,Export,826,United Kingdom,7108,Gold,436230148.0,11480.0,11480.0,2026-05-11T15:01:54.504524,2026-05-11T15:14:35.674066+00:00
2015,392,Japan,M,Import,490,Unknown,7108,Gold,30945515.0,825.0,825.0,2026-05-11T15:01:54.504527,2026-05-11T15:14:35.674066+00:00
2015,392,Japan,M,Import,276,Germany,7108,Gold,500022.0,18.0,18.0,2026-05-11T15:01:54.504542,2026-05-11T15:14:35.674066+00:00
2015,392,Japan,M,Import,410,South Korea,7108,Gold,35623245.0,1122.0,1122.0,2026-05-11T15:01:54.504547,2026-05-11T15:14:35.674066+00:00
2015,392,Japan,M,Import,842,Unknown,7108,Gold,40056261.0,1248.0,1248.0,2026-05-11T15:01:54.504550,2026-05-11T15:14:35.674066+00:00
2015,392,Japan,M,Import,156,China,7108,Gold,2187596.0,239.0,239.0,2026-05-11T15:01:54.504553,2026-05-11T15:14:35.674066+00:00
2015,392,Japan,M,Import,0,World,7108,Gold,284845023.0,9419.0,9419.0,2026-05-11T15:01:54.504556,2026-05-11T15:14:35.674066+00:00
2016,392,Japan,X,Export,188,Unknown,7108,Gold,1873116.0,32.0,32.0,2026-05-11T15:01:54.504559,2026-05-11T15:14:35.674066+00:00
2016,392,Japan,X,Export,643,Russia,7108,Gold,7836.0,0.0,0.0,2026-05-11T15:01:54.504562,2026-05-11T15:14:35.674066+00:00
2016,392,Japan,X,Export,76,Brazil,7108,Gold,3729.0,0.0,0.0,2026-05-11T15:01:54.504565,2026-05-11T15:14:35.674066+00:00
2016,392,Japan,X,Export,484,Mexico,7108,Gold,1138492.0,33.0,33.0,2026-05-11T15:01:54.504568,2026-05-11T15:14:35.674066+00:00
2016,392,Japan,X,Export,124,Canada,7108,Gold,130139612.0,3453.0,3453.0,2026-05-11T15:01:54.504571,2026-05-11T15:14:35.674066+00:00
2016,392,Japan,X,Export,36,Australia,7108,Gold,56666817.0,1544.0,1544.0,2026-05-11T15:01:54.504578,2026-05-11T15:14:35.674066+00:00
2016,392,Japan,X,Export,826,United Kingdom,7108,Gold,2578762652.0,63919.0,63919.0,2026-05-11T15:01:54.504582,2026-05-11T15:14:35.674066+00:00
2016,392,Japan,X,Export,251,Unknown,7108,Gold,43287.0,15.0,15.0,2026-05-11T15:01:54.504585,2026-05-11T15:14:35.674066+00:00
2016,392,Japan,X,Export,276,Germany,7108,Gold,443951.0,83.0,83.0,2026-05-11T15:01:54.504588,2026-05-11T15:14:35.674066+00:00
2016,392,Japan,X,Export,699,Unknown,7108,Gold,1125398.0,28.0,28.0,2026-05-11T15:01:54.504591,2026-05-11T15:14:35.674066+00:00
2016,392,Japan,X,Export,608,Philippines,7108,Gold,16533290.0,656.0,656.0,2026-05-11T15:01:54.504711,2026-05-11T15:14:35.674066+00:00
2016,392,Japan,X,Export,40,Austria,7108,Gold,35810.0,20.0,20.0,2026-05-11T15:01:54.504715,2026-05-11T15:14:35.674066+00:00
2016,392,Japan,X,Export,380,Italy,7108,Gold,525397.0,20.0,20.0,2026-05-11T15:01:54.504718,2026-05-11T15:14:35.674066+00:00
2016,392,Japan,X,Export,458,Malaysia,7108,Gold,284233081.0,7053.0,7053.0,2026-05-11T15:01:54.504721,2026-05-11T15:14:35.674066+00:00
2016,392,Japan,X,Export,702,Unknown,7108,Gold,1594917148.0,40874.0,40874.0,2026-05-11T15:01:54.504737,2026-05-11T15:14:35.674066+00:00
2016,392,Japan,X,Export,528,Netherlands,7108,Gold,393085.0,11.0,11.0,2026-05-11T15:01:54.504744,2026-05-11T15:14:35.674066+00:00
2016,392,Japan,X,Export,360,Indonesia,7108,Gold,10104052.0,272.0,272.0,2026-05-11T15:01:54.504747,2026-05-11T15:14:35.674066+00:00
2016,392,Japan,X,Export,704,Vietnam,7108,Gold,11515168.0,2146.0,2146.0,2026-05-11T15:01:54.504750,2026-05-11T15:14:35.674066+00:00
2016,392,Japan,X,Export,842,Unknown,7108,Gold,279805015.0,7153.0,7153.0,2026-05-11T15:01:54.504753,2026-05-11T15:14:35.674066+00:00
2016,392,Japan,X,Export,764,Thailand,7108,Gold,246541842.0,9066.0,9066.0,2026-05-11T15:01:54.504756,2026-05-11T15:14:35.674066+00:00
2016,392,Japan,X,Export,344,Unknown,7108,Gold,1198341855.0,30679.0,30679.0,2026-05-11T15:01:54.504759,2026-05-11T15:14:35.674066+00:00
2016,392,Japan,X,Export,56,Belgium,7108,Gold,187302.0,6.0,6.0,2026-05-11T15:01:54.504762,2026-05-11T15:14:35.674066+00:00
2016,392,Japan,X,Export,203,Czech Republic,7108,Gold,17790.0,6.0,6.0,2026-05-11T15:01:54.504765,2026-05-11T15:14:35.674066+00:00
2016,392,Japan,X,Export,470,Unknown,7108,Gold,98527.0,6.0,6.0,2026-05-11T15:01:54.504768,2026-05-11T15:14:35.674066+00:00
2016,392,Japan,X,Export,410,South Korea,7108,Gold,104132659.0,2694.0,2694.0,2026-05-11T15:01:54.504771,2026-05-11T15:14:35.674066+00:00
2016,392,Japan,X,Export,490,Unknown,7108,Gold,237155821.0,10225.0,10225.0,2026-05-11T15:01:54.504776,2026-05-11T15:14:35.674066+00:00
2016,392,Japan,X,Export,50,Bangladesh,7108,Gold,2219.0,5.0,5.0,2026-05-11T15:01:54.504779,2026-05-11T15:14:35.674066+00:00
2016,392,Japan,X,Export,156,China,7108,Gold,59644133.0,2301.0,2301.0,2026-05-11T15:01:54.504782,2026-05-11T15:14:35.674066+00:00
2016,392,Japan,X,Export,316,Unknown,7108,Gold,91381.0,4.0,4.0,2026-05-11T15:01:54.504786,2026-05-11T15:14:35.674066+00:00
2016,392,Japan,X,Export,0,World,7108,Gold,7344793097.0,196574.0,196574.0,2026-05-11T15:01:54.504788,2026-05-11T15:14:35.674066+00:00
2016,392,Japan,M,Import,178,Unknown,7108,Gold,71218.0,2.0,2.0,2026-05-11T15:01:54.504792,2026-05-11T15:14:35.674066+00:00
2016,392,Japan,M,Import,710,South Africa,7108,Gold,158831.0,4.0,4.0,2026-05-11T15:01:54.504795,2026-05-11T15:14:35.674066+00:00
2016,392,Japan,M,Import,288,Ghana,7108,Gold,335371.0,9.0,9.0,2026-05-11T15:01:54.504798,2026-05-11T15:14:35.674066+00:00
2016,392,Japan,M,Import,694,Unknown,7108,Gold,994917.0,29.0,29.0,2026-05-11T15:01:54.504801,2026-05-11T15:14:35.674066+00:00
2016,392,Japan,M,Import,748,Unknown,7108,Gold,11960.0,0.0,0.0,2026-05-11T15:01:54.504804,2026-05-11T15:14:35.674066+00:00
2016,392,Japan,M,Import,784,UAE,7108,Gold,572890.0,14.0,14.0,2026-05-11T15:01:54.504811,2026-05-11T15:14:35.674066+00:00
2016,392,Japan,M,Import,376,Israel,7108,Gold,11684.0,0.0,0.0,2026-05-11T15:01:54.504814,2026-05-11T15:14:35.674066+00:00
2016,392,Japan,M,Import,344,Unknown,7108,Gold,6089123.0,149.0,149.0,2026-05-11T15:01:54.504817,2026-05-11T15:14:35.674066+00:00
2016,392,Japan,M,Import,792,Turkey,7108,Gold,2383.0,0.0,0.0,2026-05-11T15:01:54.504820,2026-05-11T15:14:35.674066+00:00
2016,392,Japan,M,Import,702,Unknown,7108,Gold,884396.0,24.0,24.0,2026-05-11T15:01:54.504823,2026-05-11T15:14:35.674066+00:00
2016,392,Japan,M,Import,40,Austria,7108,Gold,10672.0,0.0,0.0,2026-05-11T15:01:54.504826,2026-05-11T15:14:35.674066+00:00
2016,392,Japan,M,Import,608,Philippines,7108,Gold,395853.0,16.0,16.0,2026-05-11T15:01:54.504829,2026-05-11T15:14:35.674066+00:00
2016,392,Japan,M,Import,36,Australia,7108,Gold,16226989.0,401.0,401.0,2026-05-11T15:01:54.504832,2026-05-11T15:14:35.674066+00:00
2016,392,Japan,M,Import,757,Unknown,7108,Gold,47973167.0,1189.0,1189.0,2026-05-11T15:01:54.504835,2026-05-11T15:14:35.674066+00:00
2016,392,Japan,M,Import,124,Canada,7108,Gold,110677.0,3.0,3.0,2026-05-11T15:01:54.504838,2026-05-11T15:14:35.674066+00:00
2016,392,Japan,M,Import,458,Malaysia,7108,Gold,1476855.0,38.0,38.0,2026-05-11T15:01:54.504843,2026-05-11T15:14:35.674066+00:00
2016,392,Japan,M,Import,704,Vietnam,7108,Gold,1504161.0,32.0,32.0,2026-05-11T15:01:54.504846,2026-05-11T15:14:35.674066+00:00
2016,392,Japan,M,Import,826,United Kingdom,7108,Gold,15383.0,0.0,0.0,2026-05-11T15:01:54.504851,2026-05-11T15:14:35.674066+00:00
2016,392,Japan,M,Import,764,Thailand,7108,Gold,1922076.0,53.0,53.0,2026-05-11T15:01:54.504854,2026-05-11T15:14:35.674066+00:00
2016,392,Japan,X,Export,446,Unknown,7108,Gold,10691.0,0.0,0.0,2026-05-11T15:01:54.504857,2026-05-11T15:14:35.674066+00:00
2016,392,Japan,X,Export,414,Kuwait,7108,Gold,2882.0,0.0,0.0,2026-05-11T15:01:54.504860,2026-05-11T15:14:35.674066+00:00
2016,392,Japan,X,Export,620,Portugal,7108,Gold,310212.0,482.0,482.0,2026-05-11T15:01:54.504863,2026-05-11T15:14:35.674066+00:00
2016,392,Japan,X,Export,752,Sweden,7108,Gold,6446.0,0.0,0.0,2026-05-11T15:01:54.504866,2026-05-11T15:14:35.674066+00:00
2016,392,Japan,X,Export,757,Unknown,7108,Gold,529982398.0,13789.0,13789.0,2026-05-11T15:01:54.504869,2026-05-11T15:14:35.674066+00:00
2017,392,Japan,X,Export,528,Netherlands,7108,Gold,137670.68,3.186,3.186,2026-05-11T15:01:54.504873,2026-05-11T15:14:35.674066+00:00
2017,392,Japan,X,Export,804,Ukraine,7108,Gold,2612.87,0.003,0.003,2026-05-11T15:01:54.504878,2026-05-11T15:14:35.674066+00:00
2017,392,Japan,X,Export,826,United Kingdom,7108,Gold,1388290112.02,34385.146,34385.146,2026-05-11T15:01:54.504881,2026-05-11T15:14:35.674066+00:00
2017,392,Japan,X,Export,56,Belgium,7108,Gold,303601.39,27.365,27.365,2026-05-11T15:01:54.504884,2026-05-11T15:14:35.674066+00:00
2017,392,Japan,X,Export,156,China,7108,Gold,344332082.88,9097.885,9097.885,2026-05-11T15:01:54.504887,2026-05-11T15:14:35.674066+00:00
2017,392,Japan,X,Export,410,South Korea,7108,Gold,104826057.23,2765.799,2765.799,2026-05-11T15:01:54.504890,2026-05-11T15:14:35.674066+00:00
2017,392,Japan,X,Export,490,Unknown,7108,Gold,258559155.61,8350.589,8350.589,2026-05-11T15:01:54.504893,2026-05-11T15:14:35.674066+00:00
2017,392,Japan,X,Export,276,Germany,7108,Gold,1339662.89,127.644,127.644,2026-05-11T15:01:54.504896,2026-05-11T15:14:35.674066+00:00
2017,392,Japan,X,Export,724,Spain,7108,Gold,3130.1,0.076,0.076,2026-05-11T15:01:54.504899,2026-05-11T15:14:35.674066+00:00
2017,392,Japan,X,Export,704,Vietnam,7108,Gold,8958394.74,938.612,938.612,2026-05-11T15:01:54.504902,2026-05-11T15:14:35.674066+00:00
2017,392,Japan,X,Export,620,Portugal,7108,Gold,120887.66,45.326,45.326,2026-05-11T15:01:54.504905,2026-05-11T15:14:35.674066+00:00
2017,392,Japan,X,Export,470,Unknown,7108,Gold,39514.11,2.3,2.3,2026-05-11T15:01:54.504911,2026-05-11T15:14:35.674066+00:00
2017,392,Japan,X,Export,124,Canada,7108,Gold,1012987833.28,25155.3,25155.3,2026-05-11T15:01:54.504914,2026-05-11T15:14:35.674066+00:00
2017,392,Japan,X,Export,699,Unknown,7108,Gold,817971.45,19.543,19.543,2026-05-11T15:01:54.504917,2026-05-11T15:14:35.674066+00:00
2017,392,Japan,X,Export,757,Unknown,7108,Gold,1723273117.92,42700.186,42700.186,2026-05-11T15:01:54.504920,2026-05-11T15:14:35.674066+00:00
2017,392,Japan,X,Export,36,Australia,7108,Gold,38634051.02,955.955,955.955,2026-05-11T15:01:54.504923,2026-05-11T15:14:35.674066+00:00
2017,392,Japan,X,Export,842,Unknown,7108,Gold,54749814.08,1468.971,1468.971,2026-05-11T15:01:54.504926,2026-05-11T15:14:35.674066+00:00
2017,392,Japan,X,Export,764,Thailand,7108,Gold,243196077.88,6604.02,6604.02,2026-05-11T15:01:54.504929,2026-05-11T15:14:35.674066+00:00
2017,392,Japan,X,Export,440,Unknown,7108,Gold,114431.28,2.841,2.841,2026-05-11T15:01:54.504932,2026-05-11T15:14:35.674066+00:00
2017,392,Japan,X,Export,380,Italy,7108,Gold,950264.78,34.67,34.67,2026-05-11T15:01:54.504935,2026-05-11T15:14:35.674066+00:00
2017,392,Japan,X,Export,188,Unknown,7108,Gold,1486447.41,25.26,25.26,2026-05-11T15:01:54.504938,2026-05-11T15:14:35.674066+00:00
2017,392,Japan,X,Export,752,Sweden,7108,Gold,12493.63,0.227,0.227,2026-05-11T15:01:54.504943,2026-05-11T15:14:35.674066+00:00
2017,392,Japan,X,Export,100,Bulgaria,7108,Gold,2229.41,0.1,0.1,2026-05-11T15:01:54.504946,2026-05-11T15:14:35.674066+00:00
2017,392,Japan,X,Export,360,Indonesia,7108,Gold,12585880.74,321.057,321.057,2026-05-11T15:01:54.504949,2026-05-11T15:14:35.674066+00:00
2017,392,Japan,X,Export,0,World,7108,Gold,8436139178.58,214734.759,214734.759,2026-05-11T15:01:54.504952,2026-05-11T15:14:35.674066+00:00
2017,392,Japan,X,Export,702,Unknown,7108,Gold,1843974259.75,46729.56,46729.56,2026-05-11T15:01:54.504955,2026-05-11T15:14:35.674066+00:00
2018,392,Japan,M,Import,0,World,7108,Gold,275827096.94,7368.06,7368.06,2026-05-11T15:01:54.504958,2026-05-11T15:14:35.674066+00:00
2018,392,Japan,M,Import,36,Australia,7108,Gold,138630.03,4.769,4.769,2026-05-11T15:01:54.504961,2026-05-11T15:14:35.674066+00:00
2018,392,Japan,M,Import,40,Austria,7108,Gold,87936.89,2.137,2.137,2026-05-11T15:01:54.504964,2026-05-11T15:14:35.674066+00:00
2018,392,Japan,M,Import,56,Belgium,7108,Gold,173230.97,4.203,4.203,2026-05-11T15:01:54.504968,2026-05-11T15:14:35.674066+00:00
2018,392,Japan,M,Import,124,Canada,7108,Gold,84515.72,1.973,1.973,2026-05-11T15:01:54.504971,2026-05-11T15:14:35.674066+00:00
2018,392,Japan,M,Import,156,China,7108,Gold,1077760.93,156.198,156.198,2026-05-11T15:01:54.504975,2026-05-11T15:14:35.674066+00:00
2018,392,Japan,M,Import,180,Unknown,7108,Gold,11132.4,0.3,0.3,2026-05-11T15:01:54.504978,2026-05-11T15:14:35.674066+00:00
2018,392,Japan,M,Import,251,Unknown,7108,Gold,66359.95,1.294,1.294,2026-05-11T15:01:54.504981,2026-05-11T15:14:35.674066+00:00
2018,392,Japan,M,Import,276,Germany,7108,Gold,4424567.02,114.511,114.511,2026-05-11T15:01:54.504984,2026-05-11T15:14:35.674066+00:00
2018,392,Japan,M,Import,288,Ghana,7108,Gold,41995.39,0.951,0.951,2026-05-11T15:01:54.504989,2026-05-11T15:14:35.674066+00:00
2018,392,Japan,M,Import,324,Unknown,7108,Gold,1498411.71,37.951,37.951,2026-05-11T15:01:54.504992,2026-05-11T15:14:35.674066+00:00
2018,392,Japan,M,Import,344,Unknown,7108,Gold,23898389.21,590.935,590.935,2026-05-11T15:01:54.504995,2026-05-11T15:14:35.674066+00:00
2018,392,Japan,M,Import,360,Indonesia,7108,Gold,223019.04,5.366,5.366,2026-05-11T15:01:54.504998,2026-05-11T15:14:35.674066+00:00
2018,392,Japan,M,Import,380,Italy,7108,Gold,115080.03,5.613,5.613,2026-05-11T15:01:54.505001,2026-05-11T15:14:35.674066+00:00
2018,392,Japan,M,Import,384,Unknown,7108,Gold,4317.2,0.1,0.1,2026-05-11T15:01:54.505004,2026-05-11T15:14:35.674066+00:00
2018,392,Japan,M,Import,410,South Korea,7108,Gold,53035458.6,1518.844,1518.844,2026-05-11T15:01:54.505009,2026-05-11T15:14:35.674066+00:00
2018,392,Japan,M,Import,417,Unknown,7108,Gold,37013838.26,970.243,970.243,2026-05-11T15:01:54.505027,2026-05-11T15:14:35.674066+00:00
2018,392,Japan,M,Import,458,Malaysia,7108,Gold,21205.86,0.406,0.406,2026-05-11T15:01:54.505031,2026-05-11T15:14:35.674066+00:00
2018,392,Japan,M,Import,490,Unknown,7108,Gold,14046597.2,409.787,409.787,2026-05-11T15:01:54.505038,2026-05-11T15:14:35.674066+00:00
2018,392,Japan,M,Import,604,Peru,7108,Gold,81673.79,2.0,2.0,2026-05-11T15:01:54.505041,2026-05-11T15:14:35.674066+00:00
2018,392,Japan,M,Import,608,Philippines,7108,Gold,693168.26,19.587,19.587,2026-05-11T15:01:54.505044,2026-05-11T15:14:35.674066+00:00
2018,392,Japan,M,Import,660,Unknown,7108,Gold,2543.26,0.06,0.06,2026-05-11T15:01:54.505047,2026-05-11T15:14:35.674066+00:00
2018,392,Japan,M,Import,686,Unknown,7108,Gold,123289.04,3.498,3.498,2026-05-11T15:01:54.505050,2026-05-11T15:14:35.674066+00:00
2018,392,Japan,M,Import,702,Unknown,7108,Gold,79864637.1,2008.096,2008.096,2026-05-11T15:01:54.505053,2026-05-11T15:14:35.674066+00:00
2018,392,Japan,M,Import,704,Vietnam,7108,Gold,1530885.73,31.494,31.494,2026-05-11T15:01:54.505056,2026-05-11T15:14:35.674066+00:00
2018,392,Japan,M,Import,757,Unknown,7108,Gold,42356176.45,1033.604,1033.604,2026-05-11T15:01:54.505061,2026-05-11T15:14:35.674066+00:00
2018,392,Japan,M,Import,764,Thailand,7108,Gold,5271679.14,135.452,135.452,2026-05-11T15:01:54.505064,2026-05-11T15:14:35.674066+00:00
2018,392,Japan,M,Import,784,UAE,7108,Gold,2452.75,0.05,0.05,2026-05-11T15:01:54.505067,2026-05-11T15:14:35.674066+00:00
2018,392,Japan,M,Import,826,United Kingdom,7108,Gold,14101.04,2.002,2.002,2026-05-11T15:01:54.505070,2026-05-11T15:14:35.674066+00:00
2018,392,Japan,M,Import,842,Unknown,7108,Gold,9924043.99,306.636,306.636,2026-05-11T15:01:54.505073,2026-05-11T15:14:35.674066+00:00
2018,392,Japan,X,Export,36,Australia,7108,Gold,356396144.06,8595.26,8595.26,2026-05-11T15:01:54.505076,2026-05-11T15:14:35.674066+00:00
2018,392,Japan,X,Export,40,Austria,7108,Gold,22939.84,0.52,0.52,2026-05-11T15:01:54.505079,2026-05-11T15:14:35.674066+00:00
2018,392,Japan,X,Export,56,Belgium,7108,Gold,92765.03,3.039,3.039,2026-05-11T15:01:54.505082,2026-05-11T15:14:35.674066+00:00
2018,392,Japan,X,Export,64,Bhutan,7108,Gold,547104.41,8.974,8.974,2026-05-11T15:01:54.505085,2026-05-11T15:14:35.674066+00:00
2018,392,Japan,X,Export,100,Bulgaria,7108,Gold,6432.58,0.252,0.252,2026-05-11T15:01:54.505088,2026-05-11T15:14:35.674066+00:00
2018,392,Japan,X,Export,124,Canada,7108,Gold,419179235.6,10116.1,10116.1,2026-05-11T15:01:54.505095,2026-05-11T15:14:35.674066+00:00
2018,392,Japan,X,Export,156,China,7108,Gold,217460752.13,5731.39,5731.39,2026-05-11T15:01:54.505098,2026-05-11T15:14:35.674066+00:00
2018,392,Japan,X,Export,188,Unknown,7108,Gold,1142299.14,18.826,18.826,2026-05-11T15:01:54.505101,2026-05-11T15:14:35.674066+00:00
2018,392,Japan,X,Export,203,Czech Republic,7108,Gold,60910.18,26.361,26.361,2026-05-11T15:01:54.505103,2026-05-11T15:14:35.674066+00:00
2018,392,Japan,X,Export,251,Unknown,7108,Gold,40869.52,3.75,3.75,2026-05-11T15:01:54.505106,2026-05-11T15:14:35.674066+00:00
2018,392,Japan,X,Export,276,Germany,7108,Gold,928248.29,219.377,219.377,2026-05-11T15:01:54.505109,2026-05-11T15:14:35.674066+00:00
2018,392,Japan,X,Export,344,Unknown,7108,Gold,1175167983.9,28808.726,28808.726,2026-05-11T15:01:54.505112,2026-05-11T15:14:35.674066+00:00
2018,392,Japan,X,Export,360,Indonesia,7108,Gold,13176793.19,384.059,384.059,2026-05-11T15:01:54.505115,2026-05-11T15:14:35.674066+00:00
2018,392,Japan,X,Export,364,Iran,7108,Gold,250145.77,5.5,5.5,2026-05-11T15:01:54.505118,2026-05-11T15:14:35.674066+00:00
2018,392,Japan,X,Export,380,Italy,7108,Gold,369393.1,9.4,9.4,2026-05-11T15:01:54.505121,2026-05-11T15:14:35.674066+00:00
2018,392,Japan,X,Export,410,South Korea,7108,Gold,92652444.58,2297.596,2297.596,2026-05-11T15:01:54.505126,2026-05-11T15:14:35.674066+00:00
2018,392,Japan,X,Export,440,Unknown,7108,Gold,249112.94,6.378,6.378,2026-05-11T15:01:54.505135,2026-05-11T15:14:35.674066+00:00
2018,392,Japan,X,Export,446,Unknown,7108,Gold,24543.46,0.296,0.296,2026-05-11T15:01:54.505137,2026-05-11T15:14:35.674066+00:00
2018,392,Japan,X,Export,458,Malaysia,7108,Gold,312186054.43,7676.99,7676.99,2026-05-11T15:01:54.505140,2026-05-11T15:14:35.674066+00:00
2018,392,Japan,X,Export,484,Mexico,7108,Gold,360251.59,8.968,8.968,2026-05-11T15:01:54.505144,2026-05-11T15:14:35.674066+00:00
2018,392,Japan,X,Export,490,Unknown,7108,Gold,202904859.37,5247.33,5247.33,2026-05-11T15:01:54.505146,2026-05-11T15:14:35.674066+00:00
2018,392,Japan,X,Export,528,Netherlands,7108,Gold,300591.68,6.319,6.319,2026-05-11T15:01:54.505149,2026-05-11T15:14:35.674066+00:00
2018,392,Japan,X,Export,554,New Zealand,7108,Gold,813630.61,21.0,21.0,2026-05-11T15:01:54.505152,2026-05-11T15:14:35.674066+00:00
2018,392,Japan,X,Export,608,Philippines,7108,Gold,12990701.4,404.982,404.982,2026-05-11T15:01:54.505155,2026-05-11T15:14:35.674066+00:00
2018,392,Japan,X,Export,616,Poland,7108,Gold,50590.87,2.84,2.84,2026-05-11T15:01:54.505158,2026-05-11T15:14:35.674066+00:00
2018,392,Japan,X,Export,620,Portugal,7108,Gold,77852.32,13.297,13.297,2026-05-11T15:01:54.505163,2026-05-11T15:14:35.674066+00:00
2018,392,Japan,X,Export,699,Unknown,7108,Gold,894019.72,21.78,21.78,2026-05-11T15:01:54.505166,2026-05-11T15:14:35.674066+00:00
2018,392,Japan,X,Export,702,Unknown,7108,Gold,1719325030.03,42447.3,42447.3,2026-05-11T15:01:54.505169,2026-05-11T15:14:35.674066+00:00
2018,392,Japan,X,Export,704,Vietnam,7108,Gold,10549854.89,803.169,803.169,2026-05-11T15:01:54.505172,2026-05-11T15:14:35.674066+00:00
2018,392,Japan,X,Export,752,Sweden,7108,Gold,9975.03,0.12,0.12,2026-05-11T15:01:54.505176,2026-05-11T15:14:35.674066+00:00
2017,392,Japan,X,Export,484,Mexico,7108,Gold,902885.31,22.936,22.936,2026-05-11T15:01:54.505179,2026-05-11T15:14:35.674066+00:00
2017,392,Japan,X,Export,40,Austria,7108,Gold,145081.25,40.02,40.02,2026-05-11T15:01:54.505181,2026-05-11T15:14:35.674066+00:00
2017,392,Japan,X,Export,784,UAE,7108,Gold,734127.7,16.929,16.929,2026-05-11T15:01:54.505184,2026-05-11T15:14:35.674066+00:00
2017,392,Japan,X,Export,251,Unknown,7108,Gold,20269.82,6.302,6.302,2026-05-11T15:01:54.505187,2026-05-11T15:14:35.674066+00:00
2017,392,Japan,X,Export,458,Malaysia,7108,Gold,314495516.52,7766.449,7766.449,2026-05-11T15:01:54.505190,2026-05-11T15:14:35.674066+00:00
2017,392,Japan,X,Export,344,Unknown,7108,Gold,1067478937.41,26634.015,26634.015,2026-05-11T15:01:54.505195,2026-05-11T15:14:35.674066+00:00
2017,392,Japan,X,Export,446,Unknown,7108,Gold,1872.71,0.024,0.024,2026-05-11T15:01:54.505198,2026-05-11T15:14:35.674066+00:00
2017,392,Japan,X,Export,608,Philippines,7108,Gold,12607425.78,464.164,464.164,2026-05-11T15:01:54.505201,2026-05-11T15:14:35.674066+00:00
2017,392,Japan,X,Export,643,Russia,7108,Gold,2693.13,5.42,5.42,2026-05-11T15:01:54.505204,2026-05-11T15:14:35.674066+00:00
2017,392,Japan,X,Export,203,Czech Republic,7108,Gold,52614.14,16.879,16.879,2026-05-11T15:01:54.505207,2026-05-11T15:14:35.674066+00:00
2019,392,Japan,X,Export,36,Australia,7108,Gold,149621660.98,3315.567,3315.567,2026-05-11T15:01:54.505213,2026-05-11T15:14:35.674066+00:00
2019,392,Japan,X,Export,40,Austria,7108,Gold,9071.8,1.999,1.999,2026-05-11T15:01:54.505216,2026-05-11T15:14:35.674066+00:00
2019,392,Japan,X,Export,56,Belgium,7108,Gold,21684.26,0.16,0.16,2026-05-11T15:01:54.505219,2026-05-11T15:14:35.674066+00:00
2019,392,Japan,X,Export,64,Bhutan,7108,Gold,200799.58,4.765,4.765,2026-05-11T15:01:54.505222,2026-05-11T15:14:35.674066+00:00
2019,392,Japan,X,Export,100,Bulgaria,7108,Gold,15226.68,4.14,4.14,2026-05-11T15:01:54.505225,2026-05-11T15:14:35.674066+00:00
2019,392,Japan,X,Export,124,Canada,7108,Gold,287353356.35,6387.0,6387.0,2026-05-11T15:01:54.505230,2026-05-11T15:14:35.674066+00:00
2019,392,Japan,X,Export,156,China,7108,Gold,233693675.92,5628.445,5628.445,2026-05-11T15:01:54.505233,2026-05-11T15:14:35.674066+00:00
2019,392,Japan,X,Export,188,Unknown,7108,Gold,522953.97,8.145,8.145,2026-05-11T15:01:54.505236,2026-05-11T15:14:35.674066+00:00
2019,392,Japan,X,Export,203,Czech Republic,7108,Gold,169942.61,29.753,29.753,2026-05-11T15:01:54.505239,2026-05-11T15:14:35.674066+00:00
2019,392,Japan,X,Export,246,Finland,7108,Gold,2540.84,8.0,8.0,2026-05-11T15:01:54.505242,2026-05-11T15:14:35.674066+00:00
2019,392,Japan,X,Export,251,Unknown,7108,Gold,58402.58,17.734,17.734,2026-05-11T15:01:54.505245,2026-05-11T15:14:35.674066+00:00
2019,392,Japan,X,Export,276,Germany,7108,Gold,2983347.29,214.798,214.798,2026-05-11T15:01:54.505248,2026-05-11T15:14:35.674066+00:00
2019,392,Japan,X,Export,344,Unknown,7108,Gold,945299615.62,20611.855,20611.855,2026-05-11T15:01:54.505253,2026-05-11T15:14:35.674066+00:00
2019,392,Japan,X,Export,360,Indonesia,7108,Gold,14349790.22,365.167,365.167,2026-05-11T15:01:54.505256,2026-05-11T15:14:35.674066+00:00
2019,392,Japan,X,Export,380,Italy,7108,Gold,698913.88,19.45,19.45,2026-05-11T15:01:54.505259,2026-05-11T15:14:35.674066+00:00
2019,392,Japan,X,Export,410,South Korea,7108,Gold,134673792.37,3677.05,3677.05,2026-05-11T15:01:54.505264,2026-05-11T15:14:35.674066+00:00
2019,392,Japan,X,Export,414,Kuwait,7108,Gold,9117.66,0.13,0.13,2026-05-11T15:01:54.505268,2026-05-11T15:14:35.674066+00:00
2019,392,Japan,X,Export,440,Unknown,7108,Gold,292333.95,6.766,6.766,2026-05-11T15:01:54.505270,2026-05-11T15:14:35.674066+00:00
2019,392,Japan,X,Export,446,Unknown,7108,Gold,49184.02,0.52,0.52,2026-05-11T15:01:54.505273,2026-05-11T15:14:35.674066+00:00
2019,392,Japan,X,Export,458,Malaysia,7108,Gold,308919676.58,6908.08,6908.08,2026-05-11T15:01:54.505276,2026-05-11T15:14:35.674066+00:00
2017,392,Japan,M,Import,0,World,7108,Gold,171605733.77,4814.715,4814.715,2026-05-11T15:01:54.505279,2026-05-11T15:14:35.674066+00:00
2017,392,Japan,M,Import,288,Ghana,7108,Gold,980463.3,24.551,24.551,2026-05-11T15:01:54.505282,2026-05-11T15:14:35.674066+00:00
2017,392,Japan,M,Import,376,Israel,7108,Gold,17390.96,0.352,0.352,2026-05-11T15:01:54.505286,2026-05-11T15:14:35.674066+00:00
2017,392,Japan,M,Import,608,Philippines,7108,Gold,917094.6,29.323,29.323,2026-05-11T15:01:54.505290,2026-05-11T15:14:35.674066+00:00
2017,392,Japan,M,Import,490,Unknown,7108,Gold,27696650.95,727.209,727.209,2026-05-11T15:01:54.505295,2026-05-11T15:14:35.674066+00:00
2017,392,Japan,M,Import,324,Unknown,7108,Gold,105896.78,2.723,2.723,2026-05-11T15:01:54.505300,2026-05-11T15:14:35.674066+00:00
2017,392,Japan,M,Import,344,Unknown,7108,Gold,41484366.56,1023.996,1023.996,2026-05-11T15:01:54.505303,2026-05-11T15:14:35.674066+00:00
2017,392,Japan,M,Import,704,Vietnam,7108,Gold,1315999.2,28.707,28.707,2026-05-11T15:01:54.505306,2026-05-11T15:14:35.674066+00:00
2017,392,Japan,M,Import,40,Austria,7108,Gold,6391.24,0.15,0.15,2026-05-11T15:01:54.505308,2026-05-11T15:14:35.674066+00:00
2017,392,Japan,M,Import,834,Unknown,7108,Gold,4216.26,0.1,0.1,2026-05-11T15:01:54.505311,2026-05-11T15:14:35.674066+00:00
2017,392,Japan,M,Import,764,Thailand,7108,Gold,2443960.31,62.197,62.197,2026-05-11T15:01:54.505314,2026-05-11T15:14:35.674066+00:00
2017,392,Japan,M,Import,380,Italy,7108,Gold,68075.23,3.019,3.019,2026-05-11T15:01:54.505317,2026-05-11T15:14:35.674066+00:00
2017,392,Japan,M,Import,124,Canada,7108,Gold,201640.65,5.434,5.434,2026-05-11T15:01:54.505320,2026-05-11T15:14:35.674066+00:00
2017,392,Japan,M,Import,826,United Kingdom,7108,Gold,13985.86,5.188,5.188,2026-05-11T15:01:54.505323,2026-05-11T15:14:35.674066+00:00
2017,392,Japan,M,Import,842,Unknown,7108,Gold,10835762.77,351.954,351.954,2026-05-11T15:01:54.505326,2026-05-11T15:14:35.674066+00:00
2017,392,Japan,M,Import,710,South Africa,7108,Gold,44186.05,1.0,1.0,2026-05-11T15:01:54.505331,2026-05-11T15:14:35.674066+00:00
2017,392,Japan,M,Import,458,Malaysia,7108,Gold,3228024.31,80.445,80.445,2026-05-11T15:01:54.505334,2026-05-11T15:14:35.674066+00:00
2017,392,Japan,M,Import,36,Australia,7108,Gold,3316137.92,84.072,84.072,2026-05-11T15:01:54.505337,2026-05-11T15:14:35.674066+00:00
2017,392,Japan,M,Import,156,China,7108,Gold,3614039.45,203.634,203.634,2026-05-11T15:01:54.505340,2026-05-11T15:14:35.674066+00:00
2017,392,Japan,M,Import,702,Unknown,7108,Gold,4659458.13,118.329,118.329,2026-05-11T15:01:54.505343,2026-05-11T15:14:35.674066+00:00
2017,392,Japan,M,Import,276,Germany,7108,Gold,901406.19,24.885,24.885,2026-05-11T15:01:54.505346,2026-05-11T15:14:35.674066+00:00
2017,392,Japan,M,Import,410,South Korea,7108,Gold,50087231.64,1549.331,1549.331,2026-05-11T15:01:54.505349,2026-05-11T15:14:35.674066+00:00
2017,392,Japan,M,Import,360,Indonesia,7108,Gold,232696.58,5.45,5.45,2026-05-11T15:01:54.505353,2026-05-11T15:14:35.674066+00:00
2017,392,Japan,M,Import,792,Turkey,7108,Gold,243901.31,6.0,6.0,2026-05-11T15:01:54.505356,2026-05-11T15:14:35.674066+00:00
2017,392,Japan,M,Import,699,Unknown,7108,Gold,2602.85,0.059,0.059,2026-05-11T15:01:54.505359,2026-05-11T15:14:35.674066+00:00
2017,392,Japan,M,Import,251,Unknown,7108,Gold,51085.39,1.356,1.356,2026-05-11T15:01:54.505364,2026-05-11T15:14:35.674066+00:00
2017,392,Japan,M,Import,178,Unknown,7108,Gold,40896.84,1.0,1.0,2026-05-11T15:01:54.505367,2026-05-11T15:14:35.674066+00:00
2017,392,Japan,M,Import,757,Unknown,7108,Gold,19092172.46,474.251,474.251,2026-05-11T15:01:54.505370,2026-05-11T15:14:35.674066+00:00
2020,392,Japan,M,Import,380,Italy,7108,Gold,78107.99,0.806,0.806,2026-05-11T15:01:54.505373,2026-05-11T15:14:35.674066+00:00
2020,392,Japan,M,Import,156,China,7108,Gold,5779392.1,154.451,154.451,2026-05-11T15:01:54.505376,2026-05-11T15:14:35.674066+00:00
2019,392,Japan,X,Export,470,Unknown,7108,Gold,161164.34,51.071,51.071,2026-05-11T15:01:54.505381,2026-05-11T15:14:35.674066+00:00
2019,392,Japan,X,Export,484,Mexico,7108,Gold,175235.26,4.047,4.047,2026-05-11T15:01:54.505384,2026-05-11T15:14:35.674066+00:00
2019,392,Japan,X,Export,490,Unknown,7108,Gold,227372355.58,5510.756,5510.756,2026-05-11T15:01:54.505387,2026-05-11T15:14:35.674066+00:00
2019,392,Japan,X,Export,528,Netherlands,7108,Gold,536731.37,13.131,13.131,2026-05-11T15:01:54.505390,2026-05-11T15:14:35.674066+00:00
2019,392,Japan,X,Export,608,Philippines,7108,Gold,17982693.1,651.221,651.221,2026-05-11T15:01:54.505393,2026-05-11T15:14:35.674066+00:00
2019,392,Japan,X,Export,620,Portugal,7108,Gold,174363.85,135.501,135.501,2026-05-11T15:01:54.505398,2026-05-11T15:14:35.674066+00:00
2019,392,Japan,X,Export,699,Unknown,7108,Gold,433070.68,9.468,9.468,2026-05-11T15:01:54.505401,2026-05-11T15:14:35.674066+00:00
2019,392,Japan,X,Export,702,Unknown,7108,Gold,1152554414.73,26395.54,26395.54,2026-05-11T15:01:54.505404,2026-05-11T15:14:35.674066+00:00
2019,392,Japan,X,Export,704,Vietnam,7108,Gold,11793606.4,670.572,670.572,2026-05-11T15:01:54.505407,2026-05-11T15:14:35.674066+00:00
2019,392,Japan,X,Export,757,Unknown,7108,Gold,945259677.68,20993.854,20993.854,2026-05-11T15:01:54.505410,2026-05-11T15:14:35.674066+00:00
2019,392,Japan,X,Export,764,Thailand,7108,Gold,175553415.9,4143.299,4143.299,2026-05-11T15:01:54.505413,2026-05-11T15:14:35.674066+00:00
2019,392,Japan,X,Export,784,UAE,7108,Gold,280501.17,6.4,6.4,2026-05-11T15:01:54.505416,2026-05-11T15:14:35.674066+00:00
2019,392,Japan,X,Export,826,United Kingdom,7108,Gold,1730387651.41,38595.949,38595.949,2026-05-11T15:01:54.505419,2026-05-11T15:14:35.674066+00:00
2019,392,Japan,X,Export,842,Unknown,7108,Gold,67114682.94,1914.073,1914.073,2026-05-11T15:01:54.505422,2026-05-11T15:14:35.674066+00:00
2019,392,Japan,X,Export,0,World,7108,Gold,6408724651.59,146304.406,146304.406,2026-05-11T15:01:54.505425,2026-05-11T15:14:35.674066+00:00
2020,392,Japan,X,Export,344,Unknown,7108,Gold,2301049121.9,39943.544,39943.544,2026-05-11T15:01:54.505430,2026-05-11T15:14:35.674066+00:00
2020,392,Japan,X,Export,40,Austria,7108,Gold,110948.6,24.003,24.003,2026-05-11T15:01:54.505433,2026-05-11T15:14:35.674066+00:00
2020,392,Japan,X,Export,124,Canada,7108,Gold,280097620.94,4883.5,4883.5,2026-05-11T15:01:54.505436,2026-05-11T15:14:35.674066+00:00
2020,392,Japan,X,Export,757,Unknown,7108,Gold,1232188591.61,20804.421,20804.421,2026-05-11T15:01:54.505439,2026-05-11T15:14:35.674066+00:00
2020,392,Japan,X,Export,410,South Korea,7108,Gold,273820568.31,5097.476,5097.476,2026-05-11T15:01:54.505442,2026-05-11T15:14:35.674066+00:00
2020,392,Japan,X,Export,458,Malaysia,7108,Gold,320201931.01,5767.57,5767.57,2026-05-11T15:01:54.505445,2026-05-11T15:14:35.674066+00:00
2020,392,Japan,X,Export,64,Bhutan,7108,Gold,204458.94,2.807,2.807,2026-05-11T15:01:54.505448,2026-05-11T15:14:35.674066+00:00
2020,392,Japan,X,Export,608,Philippines,7108,Gold,24379759.91,648.632,648.632,2026-05-11T15:01:54.505450,2026-05-11T15:14:35.674066+00:00
2020,392,Japan,X,Export,554,New Zealand,7108,Gold,7456451.08,129.573,129.573,2026-05-11T15:01:54.505454,2026-05-11T15:14:35.674066+00:00
2020,392,Japan,X,Export,620,Portugal,7108,Gold,243226.26,67.507,67.507,2026-05-11T15:01:54.505456,2026-05-11T15:14:35.674066+00:00
2020,392,Japan,X,Export,203,Czech Republic,7108,Gold,119742.74,6.433,6.433,2026-05-11T15:01:54.505461,2026-05-11T15:14:35.674066+00:00
2020,392,Japan,X,Export,446,Unknown,7108,Gold,13163.08,0.146,0.146,2026-05-11T15:01:54.505468,2026-05-11T15:14:35.674066+00:00
2020,392,Japan,X,Export,842,Unknown,7108,Gold,143553230.91,2787.344,2787.344,2026-05-11T15:01:54.505471,2026-05-11T15:14:35.674066+00:00
2020,392,Japan,X,Export,764,Thailand,7108,Gold,79436395.74,1543.154,1543.154,2026-05-11T15:01:54.505474,2026-05-11T15:14:35.674066+00:00
2020,392,Japan,X,Export,490,Unknown,7108,Gold,275367614.09,5457.478,5457.478,2026-05-11T15:01:54.505477,2026-05-11T15:14:35.674066+00:00
2020,392,Japan,X,Export,702,Unknown,7108,Gold,1542938318.64,27589.38,27589.38,2026-05-11T15:01:54.505480,2026-05-11T15:14:35.674066+00:00
2020,392,Japan,X,Export,188,Unknown,7108,Gold,1136618.46,14.621,14.621,2026-05-11T15:01:54.505482,2026-05-11T15:14:35.674066+00:00
2020,392,Japan,X,Export,380,Italy,7108,Gold,580928.53,12.33,12.33,2026-05-11T15:01:54.505485,2026-05-11T15:14:35.674066+00:00
2020,392,Japan,X,Export,0,World,7108,Gold,8324742799.71,148377.757,148377.757,2026-05-11T15:01:54.505488,2026-05-11T15:14:35.674066+00:00
2020,392,Japan,X,Export,440,Unknown,7108,Gold,97382.38,1.925,1.925,2026-05-11T15:01:54.505492,2026-05-11T15:14:35.674066+00:00
2020,392,Japan,X,Export,699,Unknown,7108,Gold,301194.42,5.159,5.159,2026-05-11T15:01:54.505497,2026-05-11T15:14:35.674066+00:00
2020,392,Japan,X,Export,376,Israel,7108,Gold,8784.76,0.034,0.034,2026-05-11T15:01:54.505500,2026-05-11T15:14:35.674066+00:00
2020,392,Japan,X,Export,251,Unknown,7108,Gold,488486.99,30.943,30.943,2026-05-11T15:01:54.505503,2026-05-11T15:14:35.674066+00:00
2020,392,Japan,X,Export,528,Netherlands,7108,Gold,198889.95,3.305,3.305,2026-05-11T15:01:54.505506,2026-05-11T15:14:35.674066+00:00
2020,392,Japan,X,Export,470,Unknown,7108,Gold,68496.74,5.557,5.557,2026-05-11T15:01:54.505509,2026-05-11T15:14:35.674066+00:00
2020,392,Japan,X,Export,484,Mexico,7108,Gold,154553.63,2.754,2.754,2026-05-11T15:01:54.505511,2026-05-11T15:14:35.674066+00:00
2020,392,Japan,X,Export,704,Vietnam,7108,Gold,12164763.23,392.97,392.97,2026-05-11T15:01:54.505514,2026-05-11T15:14:35.674066+00:00
2020,392,Japan,X,Export,56,Belgium,7108,Gold,16885.11,0.115,0.115,2026-05-11T15:01:54.505517,2026-05-11T15:14:35.674066+00:00
2020,392,Japan,X,Export,246,Finland,7108,Gold,2925.13,0.55,0.55,2026-05-11T15:01:54.505520,2026-05-11T15:14:35.674066+00:00
2020,392,Japan,X,Export,360,Indonesia,7108,Gold,17961288.6,323.209,323.209,2026-05-11T15:01:54.505523,2026-05-11T15:14:35.674066+00:00
2020,392,Japan,X,Export,826,United Kingdom,7108,Gold,1728387650.47,30910.469,30910.469,2026-05-11T15:01:54.505528,2026-05-11T15:14:35.674066+00:00
2020,392,Japan,X,Export,276,Germany,7108,Gold,2560302.59,134.832,134.832,2026-05-11T15:01:54.505531,2026-05-11T15:14:35.674066+00:00
2020,392,Japan,X,Export,156,China,7108,Gold,73921507.69,1680.21,1680.21,2026-05-11T15:01:54.505534,2026-05-11T15:14:35.674066+00:00
2020,392,Japan,X,Export,752,Sweden,7108,Gold,2146.97,0.034,0.034,2026-05-11T15:01:54.505537,2026-05-11T15:14:35.674066+00:00
2020,392,Japan,X,Export,36,Australia,7108,Gold,5508850.28,105.772,105.772,2026-05-11T15:01:54.505540,2026-05-11T15:14:35.674066+00:00
2021,392,Japan,X,Export,40,Austria,7108,Gold,56152.63,61.275,61.275,2026-05-11T15:01:54.505543,2026-05-11T15:14:35.674066+00:00
2021,392,Japan,X,Export,56,Belgium,7108,Gold,13056.42,0.088,0.088,2026-05-11T15:01:54.505548,2026-05-11T15:14:35.674066+00:00
2021,392,Japan,X,Export,64,Bhutan,7108,Gold,805543.84,11.368,11.368,2026-05-11T15:01:54.505551,2026-05-11T15:14:35.674066+00:00
2021,392,Japan,X,Export,124,Canada,7108,Gold,17092.71,0.221,0.221,2026-05-11T15:01:54.505554,2026-05-11T15:14:35.674066+00:00
2021,392,Japan,X,Export,156,China,7108,Gold,173888069.58,4198.594,4198.594,2026-05-11T15:01:54.505557,2026-05-11T15:14:35.674066+00:00
2021,392,Japan,X,Export,188,Unknown,7108,Gold,579411.72,7.354,7.354,2026-05-11T15:01:54.505562,2026-05-11T15:14:35.674066+00:00
2021,392,Japan,X,Export,203,Czech Republic,7108,Gold,85554.64,22.358,22.358,2026-05-11T15:01:54.505565,2026-05-11T15:14:35.674066+00:00
2021,392,Japan,X,Export,246,Finland,7108,Gold,3808.5,8.639,8.639,2026-05-11T15:01:54.505568,2026-05-11T15:14:35.674066+00:00
2021,392,Japan,X,Export,251,Unknown,7108,Gold,85891.75,5.324,5.324,2026-05-11T15:01:54.505570,2026-05-11T15:14:35.674066+00:00
2021,392,Japan,X,Export,276,Germany,7108,Gold,1798916.09,95.92,95.92,2026-05-11T15:01:54.505573,2026-05-11T15:14:35.674066+00:00
2021,392,Japan,X,Export,344,Unknown,7108,Gold,2255825796.4,39978.886,39978.886,2026-05-11T15:01:54.505576,2026-05-11T15:14:35.674066+00:00
2021,392,Japan,X,Export,360,Indonesia,7108,Gold,15296549.62,278.983,278.983,2026-05-11T15:01:54.505579,2026-05-11T15:14:35.674066+00:00
2021,392,Japan,X,Export,372,Ireland,7108,Gold,78156.3,0.287,0.287,2026-05-11T15:01:54.505582,2026-05-11T15:14:35.674066+00:00
2021,392,Japan,X,Export,376,Israel,7108,Gold,3471.39,0.4,0.4,2026-05-11T15:01:54.505585,2026-05-11T15:14:35.674066+00:00
2021,392,Japan,X,Export,380,Italy,7108,Gold,699826.0,50.69,50.69,2026-05-11T15:01:54.505588,2026-05-11T15:14:35.674066+00:00
2021,392,Japan,X,Export,410,South Korea,7108,Gold,351616840.82,6426.454,6426.454,2026-05-11T15:01:54.505593,2026-05-11T15:14:35.674066+00:00
2021,392,Japan,X,Export,446,Unknown,7108,Gold,62831.18,0.968,0.968,2026-05-11T15:01:54.505596,2026-05-11T15:14:35.674066+00:00
2021,392,Japan,X,Export,458,Malaysia,7108,Gold,474134935.78,8265.11,8265.11,2026-05-11T15:01:54.505599,2026-05-11T15:14:35.674066+00:00
2021,392,Japan,X,Export,470,Unknown,7108,Gold,48198.51,3.893,3.893,2026-05-11T15:01:54.505602,2026-05-11T15:14:35.674066+00:00
2021,392,Japan,X,Export,484,Mexico,7108,Gold,226205.0,13.252,13.252,2026-05-11T15:01:54.505605,2026-05-11T15:14:35.674066+00:00
2021,392,Japan,X,Export,490,Unknown,7108,Gold,791469714.46,42856.35,42856.35,2026-05-11T15:01:54.505608,2026-05-11T15:14:35.674066+00:00
2021,392,Japan,X,Export,528,Netherlands,7108,Gold,262650.0,14.93,14.93,2026-05-11T15:01:54.505611,2026-05-11T15:14:35.674066+00:00
2021,392,Japan,X,Export,554,New Zealand,7108,Gold,1450419.89,26.0,26.0,2026-05-11T15:01:54.505614,2026-05-11T15:14:35.674066+00:00
2021,392,Japan,X,Export,608,Philippines,7108,Gold,14700992.76,619.628,619.628,2026-05-11T15:01:54.505617,2026-05-11T15:14:35.674066+00:00
2021,392,Japan,X,Export,620,Portugal,7108,Gold,1614941.73,1215.91,1215.91,2026-05-11T15:01:54.505620,2026-05-11T15:14:35.674066+00:00
2021,392,Japan,X,Export,682,Saudi Arabia,7108,Gold,4573.85,0.12,0.12,2026-05-11T15:01:54.505625,2026-05-11T15:14:35.674066+00:00
2021,392,Japan,X,Export,699,Unknown,7108,Gold,4626747.42,42.253,42.253,2026-05-11T15:01:54.505628,2026-05-11T15:14:35.674066+00:00
2021,392,Japan,X,Export,702,Unknown,7108,Gold,1850216298.53,32205.27,32205.27,2026-05-11T15:01:54.505631,2026-05-11T15:14:35.674066+00:00
2021,392,Japan,X,Export,704,Vietnam,7108,Gold,15541778.91,397.308,397.308,2026-05-11T15:01:54.505634,2026-05-11T15:14:35.674066+00:00
2021,392,Japan,X,Export,724,Spain,7108,Gold,4418.96,0.04,0.04,2026-05-11T15:01:54.505636,2026-05-11T15:14:35.674066+00:00
2021,392,Japan,X,Export,752,Sweden,7108,Gold,127156.6,11.33,11.33,2026-05-11T15:01:54.505639,2026-05-11T15:14:35.674066+00:00
2021,392,Japan,X,Export,757,Unknown,7108,Gold,790471677.24,13675.473,13675.473,2026-05-11T15:01:54.505642,2026-05-11T15:14:35.674066+00:00
2021,392,Japan,X,Export,764,Thailand,7108,Gold,84670545.58,1639.182,1639.182,2026-05-11T15:01:54.505646,2026-05-11T15:14:35.674066+00:00
2021,392,Japan,X,Export,784,UAE,7108,Gold,2132.03,2.98,2.98,2026-05-11T15:01:54.505649,2026-05-11T15:14:35.674066+00:00
2021,392,Japan,X,Export,818,Egypt,7108,Gold,5730.98,0.05,0.05,2026-05-11T15:01:54.505652,2026-05-11T15:14:35.674066+00:00
2021,392,Japan,X,Export,826,United Kingdom,7108,Gold,676741738.25,11704.621,11704.621,2026-05-11T15:01:54.505657,2026-05-11T15:14:35.674066+00:00
2021,392,Japan,X,Export,842,Unknown,7108,Gold,125470786.86,2677.632,2677.632,2026-05-11T15:01:54.505660,2026-05-11T15:14:35.674066+00:00
2021,392,Japan,X,Export,0,World,7108,Gold,7632708612.94,166519.141,166519.141,2026-05-11T15:01:54.505663,2026-05-11T15:14:35.674066+00:00
2021,392,Japan,M,Import,0,World,7108,Gold,298365903.3,5313.85,5313.85,2026-05-11T15:01:54.505666,2026-05-11T15:14:35.674066+00:00
2021,392,Japan,M,Import,36,Australia,7108,Gold,63815.2,1.043,1.043,2026-05-11T15:01:54.505669,2026-05-11T15:14:35.674066+00:00
2019,392,Japan,M,Import,0,World,7108,Gold,124024353.24,3303.198,3303.198,2026-05-11T15:01:54.505674,2026-05-11T15:14:35.674066+00:00
2019,392,Japan,M,Import,36,Australia,7108,Gold,30301.95,0.556,0.556,2026-05-11T15:01:54.505676,2026-05-11T15:14:35.674066+00:00
2019,392,Japan,M,Import,40,Austria,7108,Gold,26953.42,0.605,0.605,2026-05-11T15:01:54.505679,2026-05-11T15:14:35.674066+00:00
2019,392,Japan,M,Import,76,Brazil,7108,Gold,45329.08,1.133,1.133,2026-05-11T15:01:54.505682,2026-05-11T15:14:35.674066+00:00
2019,392,Japan,M,Import,116,Cambodia,7108,Gold,40852.13,1.225,1.225,2026-05-11T15:01:54.505685,2026-05-11T15:14:35.674066+00:00
2019,392,Japan,M,Import,124,Canada,7108,Gold,108189.81,2.434,2.434,2026-05-11T15:01:54.505690,2026-05-11T15:14:35.674066+00:00
2019,392,Japan,M,Import,156,China,7108,Gold,4758259.84,201.763,201.763,2026-05-11T15:01:54.505693,2026-05-11T15:14:35.674066+00:00
2019,392,Japan,M,Import,180,Unknown,7108,Gold,7036.51,0.154,0.154,2026-05-11T15:01:54.505696,2026-05-11T15:14:35.674066+00:00
2019,392,Japan,M,Import,251,Unknown,7108,Gold,72218.28,1.812,1.812,2026-05-11T15:01:54.505699,2026-05-11T15:14:35.674066+00:00
2019,392,Japan,M,Import,276,Germany,7108,Gold,421832.91,17.952,17.952,2026-05-11T15:01:54.505702,2026-05-11T15:14:35.674066+00:00
2019,392,Japan,M,Import,288,Ghana,7108,Gold,93263.6,2.121,2.121,2026-05-11T15:01:54.505705,2026-05-11T15:14:35.674066+00:00
2019,392,Japan,M,Import,344,Unknown,7108,Gold,23914534.5,574.23,574.23,2026-05-11T15:01:54.505708,2026-05-11T15:14:35.674066+00:00
2019,392,Japan,M,Import,360,Indonesia,7108,Gold,23834.23,0.55,0.55,2026-05-11T15:01:54.505713,2026-05-11T15:14:35.674066+00:00
2019,392,Japan,M,Import,380,Italy,7108,Gold,172701.87,7.238,7.238,2026-05-11T15:01:54.505716,2026-05-11T15:14:35.674066+00:00
2019,392,Japan,M,Import,410,South Korea,7108,Gold,38334337.72,1104.767,1104.767,2026-05-11T15:01:54.505719,2026-05-11T15:14:35.674066+00:00
2019,392,Japan,M,Import,458,Malaysia,7108,Gold,10815054.25,261.175,261.175,2026-05-11T15:01:54.505724,2026-05-11T15:14:35.674066+00:00
2019,392,Japan,M,Import,490,Unknown,7108,Gold,10732377.53,285.866,285.866,2026-05-11T15:01:54.505738,2026-05-11T15:14:35.674066+00:00
2019,392,Japan,M,Import,608,Philippines,7108,Gold,2157255.04,57.162,57.162,2026-05-11T15:01:54.505741,2026-05-11T15:14:35.674066+00:00
2019,392,Japan,M,Import,694,Unknown,7108,Gold,141601.77,2.958,2.958,2026-05-11T15:01:54.505744,2026-05-11T15:14:35.674066+00:00
2019,392,Japan,M,Import,702,Unknown,7108,Gold,303560.8,7.089,7.089,2026-05-11T15:01:54.505747,2026-05-11T15:14:35.674066+00:00
2019,392,Japan,M,Import,704,Vietnam,7108,Gold,1589591.11,31.051,31.051,2026-05-11T15:01:54.505750,2026-05-11T15:14:35.674066+00:00
2019,392,Japan,M,Import,757,Unknown,7108,Gold,16077420.06,381.843,381.843,2026-05-11T15:01:54.505753,2026-05-11T15:14:35.674066+00:00
2019,392,Japan,M,Import,764,Thailand,7108,Gold,747833.49,17.596,17.596,2026-05-11T15:01:54.505756,2026-05-11T15:14:35.674066+00:00
2019,392,Japan,M,Import,800,Uganda,7108,Gold,251864.92,6.019,6.019,2026-05-11T15:01:54.505759,2026-05-11T15:14:35.674066+00:00
2019,392,Japan,M,Import,826,United Kingdom,7108,Gold,2980077.38,62.6,62.6,2026-05-11T15:01:54.505762,2026-05-11T15:14:35.674066+00:00
2019,392,Japan,M,Import,842,Unknown,7108,Gold,10178071.05,273.299,273.299,2026-05-11T15:01:54.505767,2026-05-11T15:14:35.674066+00:00
2022,392,Japan,X,Export,100,Bulgaria,7108,Gold,263585.47,8.32,8.32,2026-05-11T15:01:54.505770,2026-05-11T15:14:35.674066+00:00
2022,392,Japan,M,Import,764,Thailand,7108,Gold,125210.89,3.155,3.155,2026-05-11T15:01:54.505773,2026-05-11T15:14:35.674066+00:00
2022,392,Japan,X,Export,504,Morocco,7108,Gold,20023.1,1.68,1.68,2026-05-11T15:01:54.505776,2026-05-11T15:14:35.674066+00:00
2022,392,Japan,M,Import,40,Austria,7108,Gold,18692.28,0.272,0.272,2026-05-11T15:01:54.505779,2026-05-11T15:14:35.674066+00:00
2021,392,Japan,M,Import,40,Austria,7108,Gold,29511.34,0.672,0.672,2026-05-11T15:01:54.505782,2026-05-11T15:14:35.674066+00:00
2021,392,Japan,M,Import,124,Canada,7108,Gold,286157.03,6.198,6.198,2026-05-11T15:01:54.505785,2026-05-11T15:14:35.674066+00:00
2021,392,Japan,M,Import,152,Chile,7108,Gold,538046.65,9.073,9.073,2026-05-11T15:01:54.505788,2026-05-11T15:14:35.674066+00:00
2021,392,Japan,M,Import,156,China,7108,Gold,7502640.59,191.207,191.207,2026-05-11T15:01:54.505791,2026-05-11T15:14:35.674066+00:00
2021,392,Japan,M,Import,180,Unknown,7108,Gold,59842.69,1.145,1.145,2026-05-11T15:01:54.505794,2026-05-11T15:14:35.674066+00:00
2021,392,Japan,M,Import,251,Unknown,7108,Gold,155519.93,2.28,2.28,2026-05-11T15:01:54.505798,2026-05-11T15:14:35.674066+00:00
2021,392,Japan,M,Import,276,Germany,7108,Gold,1503793.59,35.632,35.632,2026-05-11T15:01:54.505802,2026-05-11T15:14:35.674066+00:00
2021,392,Japan,M,Import,288,Ghana,7108,Gold,143055.74,2.503,2.503,2026-05-11T15:01:54.505805,2026-05-11T15:14:35.674066+00:00
2021,392,Japan,M,Import,344,Unknown,7108,Gold,12599820.07,203.26,203.26,2026-05-11T15:01:54.505807,2026-05-11T15:14:35.674066+00:00
2021,392,Japan,M,Import,380,Italy,7108,Gold,49710.98,1.83,1.83,2026-05-11T15:01:54.505810,2026-05-11T15:14:35.674066+00:00
2021,392,Japan,M,Import,404,Kenya,7108,Gold,1840.47,0.03,0.03,2026-05-11T15:01:54.505813,2026-05-11T15:14:35.674066+00:00
2021,392,Japan,M,Import,410,South Korea,7108,Gold,34901444.92,621.089,621.089,2026-05-11T15:01:54.505816,2026-05-11T15:14:35.674066+00:00
2021,392,Japan,M,Import,458,Malaysia,7108,Gold,43928935.19,738.037,738.037,2026-05-11T15:01:54.505819,2026-05-11T15:14:35.674066+00:00
2021,392,Japan,M,Import,484,Mexico,7108,Gold,6286.76,0.1,0.1,2026-05-11T15:01:54.505822,2026-05-11T15:14:35.674066+00:00
2021,392,Japan,M,Import,490,Unknown,7108,Gold,137214750.77,2449.225,2449.225,2026-05-11T15:01:54.505825,2026-05-11T15:14:35.674066+00:00
2021,392,Japan,M,Import,608,Philippines,7108,Gold,1654593.89,32.642,32.642,2026-05-11T15:01:54.505830,2026-05-11T15:14:35.674066+00:00
2021,392,Japan,M,Import,643,Russia,7108,Gold,10906.17,0.102,0.102,2026-05-11T15:01:54.505833,2026-05-11T15:14:35.674066+00:00
2021,392,Japan,M,Import,702,Unknown,7108,Gold,466714.67,8.008,8.008,2026-05-11T15:01:54.505836,2026-05-11T15:14:35.674066+00:00
2021,392,Japan,M,Import,704,Vietnam,7108,Gold,4664385.99,69.693,69.693,2026-05-11T15:01:54.505839,2026-05-11T15:14:35.674066+00:00
2021,392,Japan,M,Import,710,South Africa,7108,Gold,1995.36,0.028,0.028,2026-05-11T15:01:54.505842,2026-05-11T15:14:35.674066+00:00
2021,392,Japan,M,Import,748,Unknown,7108,Gold,3179.83,0.05,0.05,2026-05-11T15:01:54.505845,2026-05-11T15:14:35.674066+00:00
2021,392,Japan,M,Import,757,Unknown,7108,Gold,36182969.56,640.703,640.703,2026-05-11T15:01:54.505848,2026-05-11T15:14:35.674066+00:00
2021,392,Japan,M,Import,764,Thailand,7108,Gold,712144.41,16.989,16.989,2026-05-11T15:01:54.505851,2026-05-11T15:14:35.674066+00:00
2021,392,Japan,M,Import,784,UAE,7108,Gold,65601.0,1.1,1.1,2026-05-11T15:01:54.505854,2026-05-11T15:14:35.674066+00:00
2021,392,Japan,M,Import,826,United Kingdom,7108,Gold,339157.17,5.305,5.305,2026-05-11T15:01:54.505857,2026-05-11T15:14:35.674066+00:00
2021,392,Japan,M,Import,834,Unknown,7108,Gold,189659.78,3.36,3.36,2026-05-11T15:01:54.505863,2026-05-11T15:14:35.674066+00:00
2021,392,Japan,M,Import,842,Unknown,7108,Gold,15089423.57,272.546,272.546,2026-05-11T15:01:54.505866,2026-05-11T15:14:35.674066+00:00
2022,392,Japan,M,Import,380,Italy,7108,Gold,127507.5,8.727,8.727,2026-05-11T15:01:54.505869,2026-05-11T15:14:35.674066+00:00
2022,392,Japan,M,Import,251,Unknown,7108,Gold,99849.32,2.059,2.059,2026-05-11T15:01:54.505872,2026-05-11T15:14:35.674066+00:00
2022,392,Japan,X,Export,490,Unknown,7108,Gold,557239388.27,10880.289,10880.289,2026-05-11T15:01:54.505875,2026-05-11T15:14:35.674066+00:00
2022,392,Japan,M,Import,458,Malaysia,7108,Gold,33410836.27,579.086,579.086,2026-05-11T15:01:54.505878,2026-05-11T15:14:35.674066+00:00
2022,392,Japan,X,Export,784,UAE,7108,Gold,5297626.05,100.127,100.127,2026-05-11T15:01:54.505881,2026-05-11T15:14:35.674066+00:00
2022,392,Japan,X,Export,446,Unknown,7108,Gold,93149.6,6.888,6.888,2026-05-11T15:01:54.505884,2026-05-11T15:14:35.674066+00:00
2022,392,Japan,X,Export,682,Saudi Arabia,7108,Gold,20935.66,0.197,0.197,2026-05-11T15:01:54.505889,2026-05-11T15:14:35.674066+00:00
2022,392,Japan,M,Import,124,Canada,7108,Gold,85187.51,1.237,1.237,2026-05-11T15:01:54.505895,2026-05-11T15:14:35.674066+00:00
2022,392,Japan,X,Export,410,South Korea,7108,Gold,395866290.84,7287.284,7287.284,2026-05-11T15:01:54.505900,2026-05-11T15:14:35.674066+00:00
2022,392,Japan,X,Export,251,Unknown,7108,Gold,99499.5,40.85,40.85,2026-05-11T15:01:54.505903,2026-05-11T15:14:35.674066+00:00
2022,392,Japan,X,Export,380,Italy,7108,Gold,313015.82,9.95,9.95,2026-05-11T15:01:54.505906,2026-05-11T15:14:35.674066+00:00
2022,392,Japan,X,Export,484,Mexico,7108,Gold,207645.51,3.684,3.684,2026-05-11T15:01:54.505909,2026-05-11T15:14:35.674066+00:00
2022,392,Japan,X,Export,842,Unknown,7108,Gold,136130345.95,38059.209,38059.209,2026-05-11T15:01:54.505912,2026-05-11T15:14:35.674066+00:00
2022,392,Japan,X,Export,752,Sweden,7108,Gold,752451.68,13.829,13.829,2026-05-11T15:01:54.505915,2026-05-11T15:14:35.674066+00:00
2022,392,Japan,X,Export,156,China,7108,Gold,378683615.02,7203.8,7203.8,2026-05-11T15:01:54.505918,2026-05-11T15:14:35.674066+00:00
2022,392,Japan,X,Export,36,Australia,7108,Gold,1574.17,0.045,0.045,2026-05-11T15:01:54.505921,2026-05-11T15:14:35.674066+00:00
2022,392,Japan,M,Import,288,Ghana,7108,Gold,107263.87,2.004,2.004,2026-05-11T15:01:54.505924,2026-05-11T15:14:35.674066+00:00
2022,392,Japan,M,Import,276,Germany,7108,Gold,1125833.37,24.001,24.001,2026-05-11T15:01:54.505927,2026-05-11T15:14:35.674066+00:00
2022,392,Japan,X,Export,699,Unknown,7108,Gold,24070255.86,410.821,410.821,2026-05-11T15:01:54.505932,2026-05-11T15:14:35.674066+00:00
2022,392,Japan,X,Export,64,Bhutan,7108,Gold,369115.47,5.301,5.301,2026-05-11T15:01:54.505935,2026-05-11T15:14:35.674066+00:00
2022,392,Japan,M,Import,784,UAE,7108,Gold,7301403.36,145.0,145.0,2026-05-11T15:01:54.505938,2026-05-11T15:14:35.674066+00:00
2022,392,Japan,X,Export,554,New Zealand,7108,Gold,605316.52,10.185,10.185,2026-05-11T15:01:54.505941,2026-05-11T15:14:35.674066+00:00
2022,392,Japan,X,Export,528,Netherlands,7108,Gold,145804.34,2.393,2.393,2026-05-11T15:01:54.505944,2026-05-11T15:14:35.674066+00:00
2022,392,Japan,X,Export,276,Germany,7108,Gold,748923.11,61.47,61.47,2026-05-11T15:01:54.505946,2026-05-11T15:14:35.674066+00:00
2023,392,Japan,X,Export,702,Unknown,7108,Gold,1895721387.11,31109.003,31109.003,2026-05-11T15:01:54.505949,2026-05-11T15:14:35.674066+00:00
2023,392,Japan,X,Export,0,World,7108,Gold,12464380531.18,199256.584,199256.584,2026-05-11T15:01:54.505952,2026-05-11T15:14:35.674066+00:00
2023,392,Japan,X,Export,490,Unknown,7108,Gold,745248883.4,12648.168,12648.168,2026-05-11T15:01:54.505955,2026-05-11T15:14:35.674066+00:00
2023,392,Japan,X,Export,470,Unknown,7108,Gold,19937.18,1.449,1.449,2026-05-11T15:01:54.505958,2026-05-11T15:14:35.674066+00:00
2023,392,Japan,X,Export,842,Unknown,7108,Gold,111575851.04,2510.727,2510.727,2026-05-11T15:01:54.505963,2026-05-11T15:14:35.674066+00:00
2023,392,Japan,X,Export,818,Egypt,7108,Gold,10648.35,0.1,0.1,2026-05-11T15:01:54.505966,2026-05-11T15:14:35.674066+00:00
2023,392,Japan,X,Export,784,UAE,7108,Gold,6256.62,0.1,0.1,2026-05-11T15:01:54.505969,2026-05-11T15:14:35.674066+00:00
2023,392,Japan,X,Export,764,Thailand,7108,Gold,424888706.99,7111.099,7111.099,2026-05-11T15:01:54.505972,2026-05-11T15:14:35.674066+00:00
2023,392,Japan,X,Export,620,Portugal,7108,Gold,155347.73,44.034,44.034,2026-05-11T15:01:54.505975,2026-05-11T15:14:35.674066+00:00
2023,392,Japan,X,Export,579,Unknown,7108,Gold,487524.96,11.68,11.68,2026-05-11T15:01:54.505978,2026-05-11T15:14:35.674066+00:00
